ticker,date,monthly_return,annualised_vol,annualised_return,sharpe_ratio,vix,name,sector,subsector,country,market_cap_bn,esg_score,env_score,social_score,gov_score,scope1_ktco2e,scope2_ktco2e,scope3_ktco2e,revenue_mn,renewable_energy_pct,employees,women_mgmt_pct,board_diversity_pct,board_independence_pct,taxonomy_eligible_pct,taxonomy_aligned_pct,has_sbti,net_zero_year,controversy_score,carbon_intensity
AES,2020-08-31,0.15874510301893296,0.36133225857439566,1.9049412362271956,5.2719932721838125,22.88952382405599,AES Corporation,Utilities,Power Generation,US,12.4,68,70,63,70,32000,520,3500,12700,38,8600,29,36,89,52,30,True,2040,2,2560.629921259843
AES,2020-09-30,0.0224187226934065,0.24202252301316723,0.269024672320878,1.1115687456338175,27.647619065784273,AES Corporation,Utilities,Power Generation,US,12.4,68,70,63,70,32000,520,3500,12700,38,8600,29,36,89,52,30,True,2040,2,2560.629921259843
AES,2020-10-31,0.0839641461276186,0.2449482363654537,0.961771128370904,3.9264260181729864,29.438636086203836,AES Corporation,Utilities,Power Generation,US,12.4,68,70,63,70,32000,520,3500,12700,38,8600,29,36,89,52,30,True,2040,2,2560.629921259843
AES,2020-11-30,0.05245211495385538,0.37648868638642163,0.6608966484185778,1.7554223335684638,24.995500087738037,AES Corporation,Utilities,Power Generation,US,12.4,68,70,63,70,32000,520,3500,12700,38,8600,29,36,89,52,30,True,2040,2,2560.629921259843
AES,2020-12-31,0.14300916460761715,0.2724346033768194,1.6381049764145237,6.0128374153292485,22.374090974981133,AES Corporation,Utilities,Power Generation,US,12.4,68,70,63,70,32000,520,3500,12700,38,8600,29,36,89,52,30,True,2040,2,2560.629921259843
AES,2021-01-31,0.05477720834611799,0.552992523137755,0.7265187633274597,1.3137949120995218,24.90999984741211,AES Corporation,Utilities,Power Generation,US,12.4,68,70,63,70,32000,520,3500,12700,38,8600,29,36,89,52,30,True,2040,2,2560.629921259843
AES,2021-02-28,0.09150318459349593,0.40921017170965485,1.213621185134788,2.9657649516979347,23.140526219418174,AES Corporation,Utilities,Power Generation,US,12.4,68,70,63,70,32000,520,3500,12700,38,8600,29,36,89,52,30,True,2040,2,2560.629921259843
AES,2021-03-31,0.014228409674799103,0.33359213454050857,0.1558938799151902,0.46731881172773804,21.843043534652047,AES Corporation,Utilities,Power Generation,US,12.4,68,70,63,70,32000,520,3500,12700,38,8600,29,36,89,52,30,True,2040,2,2560.629921259843
AES,2021-04-30,0.04367368240749048,0.17648089228391395,0.5240841888898857,2.9696370077660554,17.416190556117467,AES Corporation,Utilities,Power Generation,US,12.4,68,70,63,70,32000,520,3500,12700,38,8600,29,36,89,52,30,True,2040,2,2560.629921259843
AES,2021-05-31,-0.08759200413907431,0.27316279621500117,-1.1036592521523363,-4.0402985598509815,19.7604998588562,AES Corporation,Utilities,Power Generation,US,12.4,68,70,63,70,32000,520,3500,12700,38,8600,29,36,89,52,30,True,2040,2,2560.629921259843
AES,2021-06-30,0.028220557886165065,0.24821793208621168,0.32325366305970893,1.3022977846235366,16.956818147139117,AES Corporation,Utilities,Power Generation,US,12.4,68,70,63,70,32000,520,3500,12700,38,8600,29,36,89,52,30,True,2040,2,2560.629921259843
AES,2021-07-31,-0.08656553926851085,0.240290365190882,-1.0387864712221302,-4.323046703919811,17.60333351861863,AES Corporation,Utilities,Power Generation,US,12.4,68,70,63,70,32000,520,3500,12700,38,8600,29,36,89,52,30,True,2040,2,2560.629921259843
AES,2021-08-31,0.010219307483786189,0.2735578269316571,0.11705752208700543,0.42790777876828906,17.47772723978216,AES Corporation,Utilities,Power Generation,US,12.4,68,70,63,70,32000,520,3500,12700,38,8600,29,36,89,52,30,True,2040,2,2560.629921259843
AES,2021-09-30,-0.04332502770232549,0.1717320169477204,-0.5199003324279059,-3.0273931539869867,19.8247617994036,AES Corporation,Utilities,Power Generation,US,12.4,68,70,63,70,32000,520,3500,12700,38,8600,29,36,89,52,30,True,2040,2,2560.629921259843
AES,2021-10-31,0.0981449287065903,0.22184091837019151,1.1777391444790837,5.308935579295434,17.869047573634557,AES Corporation,Utilities,Power Generation,US,12.4,68,70,63,70,32000,520,3500,12700,38,8600,29,36,89,52,30,True,2040,2,2560.629921259843
AES,2021-11-30,-0.0632664579180271,0.2637419215975327,-0.7591974950163252,-2.878562082272428,18.500476246788388,AES Corporation,Utilities,Power Generation,US,12.4,68,70,63,70,32000,520,3500,12700,38,8600,29,36,89,52,30,True,2040,2,2560.629921259843
AES,2021-12-31,0.04115112136479038,0.245667850878569,0.47136739017850793,1.9187182551269186,21.354545506564055,AES Corporation,Utilities,Power Generation,US,12.4,68,70,63,70,32000,520,3500,12700,38,8600,29,36,89,52,30,True,2040,2,2560.629921259843
AES,2022-01-31,-0.08154722003863091,0.25104353166940724,-1.0274949724867493,-4.092895625129394,23.18100004196167,AES Corporation,Utilities,Power Generation,US,12.4,68,70,63,70,32000,520,3500,12700,38,8600,29,36,89,52,30,True,2040,2,2560.629921259843
AES,2022-02-28,-0.04074321352459165,0.28844655131309566,-0.5403836741156366,-1.8734274050275421,25.74842111687911,AES Corporation,Utilities,Power Generation,US,12.4,68,70,63,70,32000,520,3500,12700,38,8600,29,36,89,52,30,True,2040,2,2560.629921259843
AES,2022-03-31,0.19663891212560003,0.28771107009356406,2.154478515463096,7.488340698056756,26.968695682028066,AES Corporation,Utilities,Power Generation,US,12.4,68,70,63,70,32000,520,3500,12700,38,8600,29,36,89,52,30,True,2040,2,2560.629921259843
AES,2022-04-30,-0.21805505279108706,0.33372851631562306,-2.747493665167697,-8.232720702144794,24.37350015640259,AES Corporation,Utilities,Power Generation,US,12.4,68,70,63,70,32000,520,3500,12700,38,8600,29,36,89,52,30,True,2040,2,2560.629921259843
AES,2022-05-31,0.0829930151539686,0.40644226155152574,0.9959161818476233,2.450326346590728,29.445714587257022,AES Corporation,Utilities,Power Generation,US,12.4,68,70,63,70,32000,520,3500,12700,38,8600,29,36,89,52,30,True,2040,2,2560.629921259843
AES,2022-06-30,-0.039531876157787194,0.45421990982744015,-0.4743825138934463,-1.0443895206479743,28.100000018165225,AES Corporation,Utilities,Power Generation,US,12.4,68,70,63,70,32000,520,3500,12700,38,8600,29,36,89,52,30,True,2040,2,2560.629921259843
AES,2022-07-31,0.06907822953895382,0.4024932133290428,0.8703856921908182,2.1624853870002223,24.86850004196167,AES Corporation,Utilities,Power Generation,US,12.4,68,70,63,70,32000,520,3500,12700,38,8600,29,36,89,52,30,True,2040,2,2560.629921259843
AES,2022-08-31,0.14055016538709353,0.32047550712784584,1.539940942502068,4.805175148339016,22.169565366662066,AES Corporation,Utilities,Power Generation,US,12.4,68,70,63,70,32000,520,3500,12700,38,8600,29,36,89,52,30,True,2040,2,2560.629921259843
AES,2022-09-30,-0.11248691986629376,0.3863698627164867,-1.3498430383955253,-3.493655092312474,27.406190418061755,AES Corporation,Utilities,Power Generation,US,12.4,68,70,63,70,32000,520,3500,12700,38,8600,29,36,89,52,30,True,2040,2,2560.629921259843
AES,2022-10-31,0.15987350249783205,0.42421340310106687,1.9184820299739846,4.522445580336639,30.005714416503906,AES Corporation,Utilities,Power Generation,US,12.4,68,70,63,70,32000,520,3500,12700,38,8600,29,36,89,52,30,True,2040,2,2560.629921259843
AES,2022-11-30,0.10468777782318006,0.3275277671279873,1.2562533338781607,3.8355628437061866,23.436190650576638,AES Corporation,Utilities,Power Generation,US,12.4,68,70,63,70,32000,520,3500,12700,38,8600,29,36,89,52,30,True,2040,2,2560.629921259843
AES,2022-12-31,-0.004209524118128027,0.1836655004014223,-0.05051428941753633,-0.27503417521054024,21.784285681588308,AES Corporation,Utilities,Power Generation,US,12.4,68,70,63,70,32000,520,3500,12700,38,8600,29,36,89,52,30,True,2040,2,2560.629921259843
AES,2023-01-31,-0.03672105488160504,0.36413076958428864,-0.4626852915082236,-1.2706569456803942,20.202999973297118,AES Corporation,Utilities,Power Generation,US,12.4,68,70,63,70,32000,520,3500,12700,38,8600,29,36,89,52,30,True,2040,2,2560.629921259843
AES,2023-02-28,-0.10322813506759165,0.19757410053966093,-1.3691310545806894,-6.929709161479142,20.06210537960655,AES Corporation,Utilities,Power Generation,US,12.4,68,70,63,70,32000,520,3500,12700,38,8600,29,36,89,52,30,True,2040,2,2560.629921259843
AES,2023-03-31,-0.020538499454794357,0.30339384527755225,-0.22503051576557295,-0.7417108793347783,21.644347895746645,AES Corporation,Utilities,Power Generation,US,12.4,68,70,63,70,32000,520,3500,12700,38,8600,29,36,89,52,30,True,2040,2,2560.629921259843
AES,2023-04-30,-0.007974326903253504,0.2663013616605243,-0.1057647568220991,-0.39716190770712584,17.8178946344476,AES Corporation,Utilities,Power Generation,US,12.4,68,70,63,70,32000,520,3500,12700,38,8600,29,36,89,52,30,True,2040,2,2560.629921259843
AES,2023-05-31,-0.1765879290482505,0.30013000855788896,-2.022734460007233,-6.739527545833821,17.64409099925648,AES Corporation,Utilities,Power Generation,US,12.4,68,70,63,70,32000,520,3500,12700,38,8600,29,36,89,52,30,True,2040,2,2560.629921259843
AES,2023-06-30,0.05203981249784995,0.2773326022573844,0.6244777499741994,2.2517285919188095,13.994285628909157,AES Corporation,Utilities,Power Generation,US,12.4,68,70,63,70,32000,520,3500,12700,38,8600,29,36,89,52,30,True,2040,2,2560.629921259843
AES,2023-07-31,0.053024542201185576,0.2709866683461542,0.6681092317349383,2.4654690055877797,13.943999910354615,AES Corporation,Utilities,Power Generation,US,12.4,68,70,63,70,32000,520,3500,12700,38,8600,29,36,89,52,30,True,2040,2,2560.629921259843
AES,2023-08-31,-0.18229452871481067,0.32017356542536396,-1.9973139667883604,-6.238222584474909,15.853912975477135,AES Corporation,Utilities,Power Generation,US,12.4,68,70,63,70,32000,520,3500,12700,38,8600,29,36,89,52,30,True,2040,2,2560.629921259843
AES,2023-09-30,-0.16019410975000248,0.33476603211534917,-2.0184457828500313,-6.029422310548349,15.241000032424926,AES Corporation,Utilities,Power Generation,US,12.4,68,70,63,70,32000,520,3500,12700,38,8600,29,36,89,52,30,True,2040,2,2560.629921259843
AES,2023-10-31,-0.0006044529058162329,0.4392813559141288,-0.006923733284804123,-0.015761500440636914,18.887727303938433,AES Corporation,Utilities,Power Generation,US,12.4,68,70,63,70,32000,520,3500,12700,38,8600,29,36,89,52,30,True,2040,2,2560.629921259843
AES,2023-11-30,0.1540373805586852,0.49570156926645065,1.8484485667042225,3.728954438130173,14.077142897106352,AES Corporation,Utilities,Power Generation,US,12.4,68,70,63,70,32000,520,3500,12700,38,8600,29,36,89,52,30,True,2040,2,2560.629921259843
AES,2023-12-31,0.11784656735882015,0.38417168707324906,1.484866748721134,3.8651123929338866,12.718499994277954,AES Corporation,Utilities,Power Generation,US,12.4,68,70,63,70,32000,520,3500,12700,38,8600,29,36,89,52,30,True,2040,2,2560.629921259843
AES,2024-01-31,-0.1289756135360398,0.3029565236291862,-1.5477073624324778,-5.108678116226493,13.395238149733771,AES Corporation,Utilities,Power Generation,US,12.4,68,70,63,70,32000,520,3500,12700,38,8600,29,36,89,52,30,True,2040,2,2560.629921259843
AES,2024-02-29,-0.08757661764939484,0.3675011258197417,-1.1034653823823748,-3.0026176924519725,13.944000101089477,AES Corporation,Utilities,Power Generation,US,12.4,68,70,63,70,32000,520,3500,12700,38,8600,29,36,89,52,30,True,2040,2,2560.629921259843
AES,2024-03-31,0.1707934120757626,0.3619956295625839,2.1519969921546087,5.944814844187391,13.787499904632568,AES Corporation,Utilities,Power Generation,US,12.4,68,70,63,70,32000,520,3500,12700,38,8600,29,36,89,52,30,True,2040,2,2560.629921259843
AES,2024-04-30,0.013115682002893368,0.3459558266644498,0.15023417566950586,0.4342582609982208,16.137727087194268,AES Corporation,Utilities,Power Generation,US,12.4,68,70,63,70,32000,520,3500,12700,38,8600,29,36,89,52,30,True,2040,2,2560.629921259843
AES,2024-05-31,0.19140702370122298,0.278031893729456,2.192480453304918,7.885715641811765,13.090454535050826,AES Corporation,Utilities,Power Generation,US,12.4,68,70,63,70,32000,520,3500,12700,38,8600,29,36,89,52,30,True,2040,2,2560.629921259843
AES,2024-06-30,-0.19923570323355974,0.39409640205573193,-2.6424945902556347,-6.705198465328646,12.676842037000155,AES Corporation,Utilities,Power Generation,US,12.4,68,70,63,70,32000,520,3500,12700,38,8600,29,36,89,52,30,True,2040,2,2560.629921259843
AES,2024-07-31,0.02155453996083112,0.4585759603840207,0.2468974577331565,0.5384003503506805,14.470000050284646,AES Corporation,Utilities,Power Generation,US,12.4,68,70,63,70,32000,520,3500,12700,38,8600,29,36,89,52,30,True,2040,2,2560.629921259843
AES,2024-08-31,-0.024263611446154076,0.2974752509453719,-0.27792864020140123,-0.9342916404579815,19.31227272207087,AES Corporation,Utilities,Power Generation,US,12.4,68,70,63,70,32000,520,3500,12700,38,8600,29,36,89,52,30,True,2040,2,2560.629921259843
AES,2024-09-30,0.1645860368948583,0.4055732478537285,2.0737840648752144,5.11321709666396,17.768999814987183,AES Corporation,Utilities,Power Generation,US,12.4,68,70,63,70,32000,520,3500,12700,38,8600,29,36,89,52,30,True,2040,2,2560.629921259843
AES,2024-10-31,-0.1920565990512649,0.26466539323429955,-2.1042723026486416,-7.950689271966127,19.96086958180303,AES Corporation,Utilities,Power Generation,US,12.4,68,70,63,70,32000,520,3500,12700,38,8600,29,36,89,52,30,True,2040,2,2560.629921259843
AES,2024-11-30,-0.21002154708716314,0.5750271365385666,-2.6462714932982556,-4.601994106274273,16.121000051498413,AES Corporation,Utilities,Power Generation,US,12.4,68,70,63,70,32000,520,3500,12700,38,8600,29,36,89,52,30,True,2040,2,2560.629921259843
AES,2024-12-31,-0.0268260020962241,0.3075313598397475,-0.33800762641242366,-1.09909970348571,15.792000102996827,AES Corporation,Utilities,Power Generation,US,12.4,68,70,63,70,32000,520,3500,12700,38,8600,29,36,89,52,30,True,2040,2,2560.629921259843
AMT,2020-08-31,-0.0460223123466561,0.21691506293059012,-0.5522677481598732,-2.5460092106954852,22.88952382405599,American Tower,Digital Infrastructure,Telecom Towers,US,95.4,69,70,64,72,450,680,1200,11100,42,6200,26,30,90,55,32,True,2045,1,101.8018018018018
AMT,2020-09-30,-0.021145586658929738,0.32636563652052464,-0.25374703990715686,-0.7774931289103383,27.647619065784273,American Tower,Digital Infrastructure,Telecom Towers,US,95.4,69,70,64,72,450,680,1200,11100,42,6200,26,30,90,55,32,True,2045,1,101.8018018018018
AMT,2020-10-31,-0.049764764478351875,0.1853808211043922,-0.5700327567520306,-3.074928427634011,29.438636086203836,American Tower,Digital Infrastructure,Telecom Towers,US,95.4,69,70,64,72,450,680,1200,11100,42,6200,26,30,90,55,32,True,2045,1,101.8018018018018
AMT,2020-11-30,0.008966140200764028,0.24366160127660041,0.11297336652962675,0.46364862554351083,24.995500087738037,American Tower,Digital Infrastructure,Telecom Towers,US,95.4,69,70,64,72,450,680,1200,11100,42,6200,26,30,90,55,32,True,2045,1,101.8018018018018
AMT,2020-12-31,-0.022157461158872627,0.20942364175837574,-0.2538036460016319,-1.2119149675300747,22.374090974981133,American Tower,Digital Infrastructure,Telecom Towers,US,95.4,69,70,64,72,450,680,1200,11100,42,6200,26,30,90,55,32,True,2045,1,101.8018018018018
AMT,2021-01-31,0.015546299103297303,0.27486348701330937,0.2061930196858379,0.7501651890047283,24.90999984741211,American Tower,Digital Infrastructure,Telecom Towers,US,95.4,69,70,64,72,450,680,1200,11100,42,6200,26,30,90,55,32,True,2045,1,101.8018018018018
AMT,2021-02-28,-0.04875077162954755,0.22659551890594098,-0.6465891816129464,-2.8534950061450393,23.140526219418174,American Tower,Digital Infrastructure,Telecom Towers,US,95.4,69,70,64,72,450,680,1200,11100,42,6200,26,30,90,55,32,True,2045,1,101.8018018018018
AMT,2021-03-31,0.10522761123247594,0.31102585240534786,1.1529286100253886,3.7068578097579548,21.843043534652047,American Tower,Digital Infrastructure,Telecom Towers,US,95.4,69,70,64,72,450,680,1200,11100,42,6200,26,30,90,55,32,True,2045,1,101.8018018018018
AMT,2021-04-30,0.06987659400962432,0.15482034976670567,0.8385191281154918,5.4160782441005475,17.416190556117467,American Tower,Digital Infrastructure,Telecom Towers,US,95.4,69,70,64,72,450,680,1200,11100,42,6200,26,30,90,55,32,True,2045,1,101.8018018018018
AMT,2021-05-31,0.003772156852151487,0.1680832379816565,0.047529176337108736,0.2827716606833559,19.7604998588562,American Tower,Digital Infrastructure,Telecom Towers,US,95.4,69,70,64,72,450,680,1200,11100,42,6200,26,30,90,55,32,True,2045,1,101.8018018018018
AMT,2021-06-30,0.06189826848520874,0.16726594372135103,0.7090165299214819,4.238857678659532,16.956818147139117,American Tower,Digital Infrastructure,Telecom Towers,US,95.4,69,70,64,72,450,680,1200,11100,42,6200,26,30,90,55,32,True,2045,1,101.8018018018018
AMT,2021-07-31,0.0462952966807999,0.1060778637473019,0.5555435601695988,5.2371299774004845,17.60333351861863,American Tower,Digital Infrastructure,Telecom Towers,US,95.4,69,70,64,72,450,680,1200,11100,42,6200,26,30,90,55,32,True,2045,1,101.8018018018018
AMT,2021-08-31,0.03369523162309673,0.16083923313042128,0.38596356222819894,2.399685417022779,17.47772723978216,American Tower,Digital Infrastructure,Telecom Towers,US,95.4,69,70,64,72,450,680,1200,11100,42,6200,26,30,90,55,32,True,2045,1,101.8018018018018
AMT,2021-09-30,-0.08952129205673898,0.20573430799031558,-1.0742555046808677,-5.221567152190463,19.8247617994036,American Tower,Digital Infrastructure,Telecom Towers,US,95.4,69,70,64,72,450,680,1200,11100,42,6200,26,30,90,55,32,True,2045,1,101.8018018018018
AMT,2021-10-31,0.061589726011543666,0.15712955228560913,0.739076712138524,4.703613683027169,17.869047573634557,American Tower,Digital Infrastructure,Telecom Towers,US,95.4,69,70,64,72,450,680,1200,11100,42,6200,26,30,90,55,32,True,2045,1,101.8018018018018
AMT,2021-11-30,-0.06974002509401522,0.20955844691715006,-0.8368803011281827,-3.993541245603177,18.500476246788388,American Tower,Digital Infrastructure,Telecom Towers,US,95.4,69,70,64,72,450,680,1200,11100,42,6200,26,30,90,55,32,True,2045,1,101.8018018018018
AMT,2021-12-31,0.11509391677507086,0.19403907672045828,1.3183485012417209,6.794242291417389,21.354545506564055,American Tower,Digital Infrastructure,Telecom Towers,US,95.4,69,70,64,72,450,680,1200,11100,42,6200,26,30,90,55,32,True,2045,1,101.8018018018018
AMT,2022-01-31,-0.1458847309561223,0.3461348049951935,-1.838147610047141,-5.310496325478352,23.18100004196167,American Tower,Digital Infrastructure,Telecom Towers,US,95.4,69,70,64,72,450,680,1200,11100,42,6200,26,30,90,55,32,True,2045,1,101.8018018018018
AMT,2022-02-28,-0.1010958207835766,0.21693064104469337,-1.340849833550595,-6.181007104820868,25.74842111687911,American Tower,Digital Infrastructure,Telecom Towers,US,95.4,69,70,64,72,450,680,1200,11100,42,6200,26,30,90,55,32,True,2045,1,101.8018018018018
AMT,2022-03-31,0.1045137906971293,0.23118708684232778,1.1451076198120254,4.953164276830919,26.968695682028066,American Tower,Digital Infrastructure,Telecom Towers,US,95.4,69,70,64,72,450,680,1200,11100,42,6200,26,30,90,55,32,True,2045,1,101.8018018018018
AMT,2022-04-30,-0.03292546479498348,0.2892022272886866,-0.41486085641679193,-1.4345009037661067,24.37350015640259,American Tower,Digital Infrastructure,Telecom Towers,US,95.4,69,70,64,72,450,680,1200,11100,42,6200,26,30,90,55,32,True,2045,1,101.8018018018018
AMT,2022-05-31,0.06675414519555112,0.38387733400919527,0.8010497423466134,2.0867336291530703,29.445714587257022,American Tower,Digital Infrastructure,Telecom Towers,US,95.4,69,70,64,72,450,680,1200,11100,42,6200,26,30,90,55,32,True,2045,1,101.8018018018018
AMT,2022-06-30,0.009610804376939841,0.3818136329179912,0.11532965252327809,0.3020574504945701,28.100000018165225,American Tower,Digital Infrastructure,Telecom Towers,US,95.4,69,70,64,72,450,680,1200,11100,42,6200,26,30,90,55,32,True,2045,1,101.8018018018018
AMT,2022-07-31,0.060931363617218404,0.2793698539839968,0.767735181576952,2.748096011894434,24.86850004196167,American Tower,Digital Infrastructure,Telecom Towers,US,95.4,69,70,64,72,450,680,1200,11100,42,6200,26,30,90,55,32,True,2045,1,101.8018018018018
AMT,2022-08-31,-0.062284035336093835,0.19021566809053814,-0.6824163871606803,-3.58759293601338,22.169565366662066,American Tower,Digital Infrastructure,Telecom Towers,US,95.4,69,70,64,72,450,680,1200,11100,42,6200,26,30,90,55,32,True,2045,1,101.8018018018018
AMT,2022-09-30,-0.16397015044580532,0.30133011463478454,-1.9676418053496638,-6.529854501049348,27.406190418061755,American Tower,Digital Infrastructure,Telecom Towers,US,95.4,69,70,64,72,450,680,1200,11100,42,6200,26,30,90,55,32,True,2045,1,101.8018018018018
AMT,2022-10-31,-0.02061580836906618,0.44081288402408597,-0.24738970042879416,-0.5612124994406398,30.005714416503906,American Tower,Digital Infrastructure,Telecom Towers,US,95.4,69,70,64,72,450,680,1200,11100,42,6200,26,30,90,55,32,True,2045,1,101.8018018018018
AMT,2022-11-30,0.07258788120855353,0.42259734088957923,0.8710545745026423,2.0611927483240855,23.436190650576638,American Tower,Digital Infrastructure,Telecom Towers,US,95.4,69,70,64,72,450,680,1200,11100,42,6200,26,30,90,55,32,True,2045,1,101.8018018018018
AMT,2022-12-31,-0.03382987056586062,0.23272972483700397,-0.40595844679032744,-1.7443343220323362,21.784285681588308,American Tower,Digital Infrastructure,Telecom Towers,US,95.4,69,70,64,72,450,680,1200,11100,42,6200,26,30,90,55,32,True,2045,1,101.8018018018018
AMT,2023-01-31,0.05617880224141669,0.2872982554589034,0.7078529082418503,2.4638259884703864,20.202999973297118,American Tower,Digital Infrastructure,Telecom Towers,US,95.4,69,70,64,72,450,680,1200,11100,42,6200,26,30,90,55,32,True,2045,1,101.8018018018018
AMT,2023-02-28,-0.11825695163474326,0.2335707106573485,-1.568460621681858,-6.7151425676090515,20.06210537960655,American Tower,Digital Infrastructure,Telecom Towers,US,95.4,69,70,64,72,450,680,1200,11100,42,6200,26,30,90,55,32,True,2045,1,101.8018018018018
AMT,2023-03-31,0.03662595687071335,0.3430095448029687,0.4012930926704245,1.1699181516973092,21.644347895746645,American Tower,Digital Infrastructure,Telecom Towers,US,95.4,69,70,64,72,450,680,1200,11100,42,6200,26,30,90,55,32,True,2045,1,101.8018018018018
AMT,2023-04-30,0.008787568244254085,0.17806382819081595,0.11655090513431733,0.6545456554456393,17.8178946344476,American Tower,Digital Infrastructure,Telecom Towers,US,95.4,69,70,64,72,450,680,1200,11100,42,6200,26,30,90,55,32,True,2045,1,101.8018018018018
AMT,2023-05-31,-0.09949646541045343,0.26651691446012993,-1.1396867856106483,-4.276226850064114,17.64409099925648,American Tower,Digital Infrastructure,Telecom Towers,US,95.4,69,70,64,72,450,680,1200,11100,42,6200,26,30,90,55,32,True,2045,1,101.8018018018018
AMT,2023-06-30,0.0598265141705403,0.18485194590608175,0.7179181700464836,3.8837468901259946,13.994285628909157,American Tower,Digital Infrastructure,Telecom Towers,US,95.4,69,70,64,72,450,680,1200,11100,42,6200,26,30,90,55,32,True,2045,1,101.8018018018018
AMT,2023-07-31,-0.01590313317192993,0.2806021356080631,-0.2003794779663171,-0.7141053204463181,13.943999910354615,American Tower,Digital Infrastructure,Telecom Towers,US,95.4,69,70,64,72,450,680,1200,11100,42,6200,26,30,90,55,32,True,2045,1,101.8018018018018
AMT,2023-08-31,-0.04661857208031861,0.19722646530258567,-0.51077739844523,-2.5898015140188875,15.853912975477135,American Tower,Digital Infrastructure,Telecom Towers,US,95.4,69,70,64,72,450,680,1200,11100,42,6200,26,30,90,55,32,True,2045,1,101.8018018018018
AMT,2023-09-30,-0.09492472516874384,0.25634256068494565,-1.1960515371261724,-4.665832836850543,15.241000032424926,American Tower,Digital Infrastructure,Telecom Towers,US,95.4,69,70,64,72,450,680,1200,11100,42,6200,26,30,90,55,32,True,2045,1,101.8018018018018
AMT,2023-10-31,0.09688874905759025,0.39741958865567806,1.1098165801142157,2.7925563102420554,18.887727303938433,American Tower,Digital Infrastructure,Telecom Towers,US,95.4,69,70,64,72,450,680,1200,11100,42,6200,26,30,90,55,32,True,2045,1,101.8018018018018
AMT,2023-11-30,0.16213818427912352,0.28254181980831716,1.9456582113494822,6.886266297390812,14.077142897106352,American Tower,Digital Infrastructure,Telecom Towers,US,95.4,69,70,64,72,450,680,1200,11100,42,6200,26,30,90,55,32,True,2045,1,101.8018018018018
AMT,2023-12-31,0.04231629719561347,0.15823998693226607,0.5331853446647297,3.369472881042118,12.718499994277954,American Tower,Digital Infrastructure,Telecom Towers,US,95.4,69,70,64,72,450,680,1200,11100,42,6200,26,30,90,55,32,True,2045,1,101.8018018018018
AMT,2024-01-31,-0.09670062430297288,0.19170570711502685,-1.1604074916356746,-6.0530670114031055,13.395238149733771,American Tower,Digital Infrastructure,Telecom Towers,US,95.4,69,70,64,72,450,680,1200,11100,42,6200,26,30,90,55,32,True,2045,1,101.8018018018018
AMT,2024-02-29,0.018566696136272043,0.2469116347281577,0.23394037131702772,0.9474659692508579,13.944000101089477,American Tower,Digital Infrastructure,Telecom Towers,US,95.4,69,70,64,72,450,680,1200,11100,42,6200,26,30,90,55,32,True,2045,1,101.8018018018018
AMT,2024-03-31,-0.0052899995134799704,0.1724123650201165,-0.06665399386984763,-0.38659636657771423,13.787499904632568,American Tower,Digital Infrastructure,Telecom Towers,US,95.4,69,70,64,72,450,680,1200,11100,42,6200,26,30,90,55,32,True,2045,1,101.8018018018018
AMT,2024-04-30,-0.1288447166278115,0.26926892372103606,-1.4758576631912952,-5.4809802883911365,16.137727087194268,American Tower,Digital Infrastructure,Telecom Towers,US,95.4,69,70,64,72,450,680,1200,11100,42,6200,26,30,90,55,32,True,2045,1,101.8018018018018
AMT,2024-05-31,0.13509357238879172,0.26188260701106736,1.5474354655443414,5.908889800684418,13.090454535050826,American Tower,Digital Infrastructure,Telecom Towers,US,95.4,69,70,64,72,450,680,1200,11100,42,6200,26,30,90,55,32,True,2045,1,101.8018018018018
AMT,2024-06-30,0.002741459785018052,0.20063197281014353,0.03636041399076575,0.1812294096573198,12.676842037000155,American Tower,Digital Infrastructure,Telecom Towers,US,95.4,69,70,64,72,450,680,1200,11100,42,6200,26,30,90,55,32,True,2045,1,101.8018018018018
AMT,2024-07-31,0.12845030885245257,0.24569557693986727,1.4713399014008204,5.988467190685013,14.470000050284646,American Tower,Digital Infrastructure,Telecom Towers,US,95.4,69,70,64,72,450,680,1200,11100,42,6200,26,30,90,55,32,True,2045,1,101.8018018018018
AMT,2024-08-31,0.019326860404481283,0.2619581234232527,0.2213804009967856,0.8450984382686824,19.31227272207087,American Tower,Digital Infrastructure,Telecom Towers,US,95.4,69,70,64,72,450,680,1200,11100,42,6200,26,30,90,55,32,True,2045,1,101.8018018018018
AMT,2024-09-30,0.038675721214103564,0.19339214038658334,0.48731408729770487,2.51982364083454,17.768999814987183,American Tower,Digital Infrastructure,Telecom Towers,US,95.4,69,70,64,72,450,680,1200,11100,42,6200,26,30,90,55,32,True,2045,1,101.8018018018018
AMT,2024-10-31,-0.07523625059478578,0.2485346754443278,-0.8243276152124355,-3.316750927164231,19.96086958180303,American Tower,Digital Infrastructure,Telecom Towers,US,95.4,69,70,64,72,450,680,1200,11100,42,6200,26,30,90,55,32,True,2045,1,101.8018018018018
AMT,2024-11-30,-0.01719126342776045,0.33097400178291486,-0.21660991918978167,-0.6544620363621662,16.121000051498413,American Tower,Digital Infrastructure,Telecom Towers,US,95.4,69,70,64,72,450,680,1200,11100,42,6200,26,30,90,55,32,True,2045,1,101.8018018018018
AMT,2024-12-31,-0.1267708337969775,0.26679029740261656,-1.5973125058419166,-5.987146164582561,15.792000102996827,American Tower,Digital Infrastructure,Telecom Towers,US,95.4,69,70,64,72,450,680,1200,11100,42,6200,26,30,90,55,32,True,2045,1,101.8018018018018
BEPC,2020-08-31,0.1397770459679617,0.4025479836601266,1.6773245516155404,4.166769229259671,22.88952382405599,Brookfield Renewable,Renewable Energy,Diversified Renewables,CA,20.1,78,85,70,78,120,45,310,4860,95,3200,30,36,90,96,90,True,2035,0,33.95061728395061
BEPC,2020-09-30,0.14499095387703786,0.3215277731246663,1.7398914465244544,5.411325527545779,27.647619065784273,Brookfield Renewable,Renewable Energy,Diversified Renewables,CA,20.1,78,85,70,78,120,45,310,4860,95,3200,30,36,90,96,90,True,2035,0,33.95061728395061
BEPC,2020-10-31,0.1398576438081065,0.4671129529726744,1.6020057381655834,3.4295896270281743,29.438636086203836,Brookfield Renewable,Renewable Energy,Diversified Renewables,CA,20.1,78,85,70,78,120,45,310,4860,95,3200,30,36,90,96,90,True,2035,0,33.95061728395061
BEPC,2020-11-30,0.18180001450626215,0.3828049457249737,2.290680182778903,5.9839357050121365,24.995500087738037,Brookfield Renewable,Renewable Energy,Diversified Renewables,CA,20.1,78,85,70,78,120,45,310,4860,95,3200,30,36,90,96,90,True,2035,0,33.95061728395061
BEPC,2020-12-31,0.10808983289232577,0.4584504926689689,1.2381199040393678,2.700662173643624,22.374090974981133,Brookfield Renewable,Renewable Energy,Diversified Renewables,CA,20.1,78,85,70,78,120,45,310,4860,95,3200,30,36,90,96,90,True,2035,0,33.95061728395061
BEPC,2021-01-31,-0.035977213420971155,0.3580446764251502,-0.4771714622149858,-1.3327148639081616,24.90999984741211,Brookfield Renewable,Renewable Energy,Diversified Renewables,CA,20.1,78,85,70,78,120,45,310,4860,95,3200,30,36,90,96,90,True,2035,0,33.95061728395061
BEPC,2021-02-28,-0.17789756525468658,0.42648015385145177,-2.359483497062159,-5.532457901626053,23.140526219418174,Brookfield Renewable,Renewable Energy,Diversified Renewables,CA,20.1,78,85,70,78,120,45,310,4860,95,3200,30,36,90,96,90,True,2035,0,33.95061728395061
BEPC,2021-03-31,0.021078526498987227,0.4227606092266976,0.23094733381499047,0.5462839459840716,21.843043534652047,Brookfield Renewable,Renewable Energy,Diversified Renewables,CA,20.1,78,85,70,78,120,45,310,4860,95,3200,30,36,90,96,90,True,2035,0,33.95061728395061
BEPC,2021-04-30,-0.11567860008334074,0.3407993958519271,-1.388143201000089,-4.073197364478953,17.416190556117467,Brookfield Renewable,Renewable Energy,Diversified Renewables,CA,20.1,78,85,70,78,120,45,310,4860,95,3200,30,36,90,96,90,True,2035,0,33.95061728395061
BEPC,2021-05-31,0.03985498497189621,0.30105671257631117,0.5021728106458924,1.6680339273903508,19.7604998588562,Brookfield Renewable,Renewable Energy,Diversified Renewables,CA,20.1,78,85,70,78,120,45,310,4860,95,3200,30,36,90,96,90,True,2035,0,33.95061728395061
BEPC,2021-06-30,-0.013052944431452218,0.358851236527101,-0.14951554530572542,-0.4166504949312994,16.956818147139117,Brookfield Renewable,Renewable Energy,Diversified Renewables,CA,20.1,78,85,70,78,120,45,310,4860,95,3200,30,36,90,96,90,True,2035,0,33.95061728395061
BEPC,2021-07-31,0.015727764078729,0.31379498338360895,0.188733168944748,0.6014537482711283,17.60333351861863,Brookfield Renewable,Renewable Energy,Diversified Renewables,CA,20.1,78,85,70,78,120,45,310,4860,95,3200,30,36,90,96,90,True,2035,0,33.95061728395061
BEPC,2021-08-31,0.04158068840344631,0.2610582403800544,0.4762878853485668,1.8244506844724624,17.47772723978216,Brookfield Renewable,Renewable Energy,Diversified Renewables,CA,20.1,78,85,70,78,120,45,310,4860,95,3200,30,36,90,96,90,True,2035,0,33.95061728395061
BEPC,2021-09-30,-0.11850264862924566,0.24151156797965412,-1.4220317835509477,-5.888048325994659,19.8247617994036,Brookfield Renewable,Renewable Energy,Diversified Renewables,CA,20.1,78,85,70,78,120,45,310,4860,95,3200,30,36,90,96,90,True,2035,0,33.95061728395061
BEPC,2021-10-31,0.06809431473861849,0.2834325142441141,0.8171317768634219,2.8829853167785986,17.869047573634557,Brookfield Renewable,Renewable Energy,Diversified Renewables,CA,20.1,78,85,70,78,120,45,310,4860,95,3200,30,36,90,96,90,True,2035,0,33.95061728395061
BEPC,2021-11-30,-0.101132953229636,0.22927277938358429,-1.213595438755632,-5.293238220509505,18.500476246788388,Brookfield Renewable,Renewable Energy,Diversified Renewables,CA,20.1,78,85,70,78,120,45,310,4860,95,3200,30,36,90,96,90,True,2035,0,33.95061728395061
BEPC,2021-12-31,-0.001333177616505976,0.3128661483127688,-0.015270943607250271,-0.04880983030476048,21.354545506564055,Brookfield Renewable,Renewable Energy,Diversified Renewables,CA,20.1,78,85,70,78,120,45,310,4860,95,3200,30,36,90,96,90,True,2035,0,33.95061728395061
BEPC,2022-01-31,-0.06936141296748621,0.3260439111735881,-0.8739538033903262,-2.6804788356407214,23.18100004196167,Brookfield Renewable,Renewable Energy,Diversified Renewables,CA,20.1,78,85,70,78,120,45,310,4860,95,3200,30,36,90,96,90,True,2035,0,33.95061728395061
BEPC,2022-02-28,0.101796243727582,0.3513478609834527,1.350139653650035,3.842743342369806,25.74842111687911,Brookfield Renewable,Renewable Energy,Diversified Renewables,CA,20.1,78,85,70,78,120,45,310,4860,95,3200,30,36,90,96,90,True,2035,0,33.95061728395061
BEPC,2022-03-31,0.16215160635520953,0.25515875890805767,1.776617600065774,6.962792920253816,26.968695682028066,Brookfield Renewable,Renewable Energy,Diversified Renewables,CA,20.1,78,85,70,78,120,45,310,4860,95,3200,30,36,90,96,90,True,2035,0,33.95061728395061
BEPC,2022-04-30,-0.19668973296124792,0.17902177749713957,-2.4782906353117236,-13.843514850316588,24.37350015640259,Brookfield Renewable,Renewable Energy,Diversified Renewables,CA,20.1,78,85,70,78,120,45,310,4860,95,3200,30,36,90,96,90,True,2035,0,33.95061728395061
BEPC,2022-05-31,0.02136755744725527,0.3583253399201362,0.25641068936706324,0.7155806771137431,29.445714587257022,Brookfield Renewable,Renewable Energy,Diversified Renewables,CA,20.1,78,85,70,78,120,45,310,4860,95,3200,30,36,90,96,90,True,2035,0,33.95061728395061
BEPC,2022-06-30,-0.009782012470021972,0.3910404532427631,-0.11738414964026367,-0.3001841591242992,28.100000018165225,Brookfield Renewable,Renewable Energy,Diversified Renewables,CA,20.1,78,85,70,78,120,45,310,4860,95,3200,30,36,90,96,90,True,2035,0,33.95061728395061
BEPC,2022-07-31,0.09642793557510776,0.2429355228503975,1.2149919882463578,5.001294063505747,24.86850004196167,Brookfield Renewable,Renewable Energy,Diversified Renewables,CA,20.1,78,85,70,78,120,45,310,4860,95,3200,30,36,90,96,90,True,2035,0,33.95061728395061
BEPC,2022-08-31,-0.008444312720024105,0.22773829021168135,-0.09252029588895977,-0.4062570936269115,22.169565366662066,Brookfield Renewable,Renewable Energy,Diversified Renewables,CA,20.1,78,85,70,78,120,45,310,4860,95,3200,30,36,90,96,90,True,2035,0,33.95061728395061
BEPC,2022-09-30,-0.15682789001766162,0.2985691706401545,-1.8819346802119394,-6.303178175351902,27.406190418061755,Brookfield Renewable,Renewable Energy,Diversified Renewables,CA,20.1,78,85,70,78,120,45,310,4860,95,3200,30,36,90,96,90,True,2035,0,33.95061728395061
BEPC,2022-10-31,-0.04496523256452567,0.4142081797333569,-0.539582790774308,-1.3026850196962794,30.005714416503906,Brookfield Renewable,Renewable Energy,Diversified Renewables,CA,20.1,78,85,70,78,120,45,310,4860,95,3200,30,36,90,96,90,True,2035,0,33.95061728395061
BEPC,2022-11-30,0.06322142592311497,0.29311077231844895,0.7586571110773797,2.588294879360967,23.436190650576638,Brookfield Renewable,Renewable Energy,Diversified Renewables,CA,20.1,78,85,70,78,120,45,310,4860,95,3200,30,36,90,96,90,True,2035,0,33.95061728395061
BEPC,2022-12-31,-0.16411055665349739,0.3228088121350817,-1.9693266798419686,-6.100597647309236,21.784285681588308,Brookfield Renewable,Renewable Energy,Diversified Renewables,CA,20.1,78,85,70,78,120,45,310,4860,95,3200,30,36,90,96,90,True,2035,0,33.95061728395061
BEPC,2023-01-31,0.13833789948479436,0.2770206240791411,1.743057533508409,6.2921579911336885,20.202999973297118,Brookfield Renewable,Renewable Energy,Diversified Renewables,CA,20.1,78,85,70,78,120,45,310,4860,95,3200,30,36,90,96,90,True,2035,0,33.95061728395061
BEPC,2023-02-28,-0.10932620707998453,0.2385426627895243,-1.4500107465345315,-6.078622287426773,20.06210537960655,Brookfield Renewable,Renewable Energy,Diversified Renewables,CA,20.1,78,85,70,78,120,45,310,4860,95,3200,30,36,90,96,90,True,2035,0,33.95061728395061
BEPC,2023-03-31,0.23084889178604404,0.24670670417961427,2.529300901307961,10.252258485308566,21.644347895746645,Brookfield Renewable,Renewable Energy,Diversified Renewables,CA,20.1,78,85,70,78,120,45,310,4860,95,3200,30,36,90,96,90,True,2035,0,33.95061728395061
BEPC,2023-04-30,-0.04296118742385413,0.23939792344694863,-0.5698010121479601,-2.3801418322420407,17.8178946344476,Brookfield Renewable,Renewable Energy,Diversified Renewables,CA,20.1,78,85,70,78,120,45,310,4860,95,3200,30,36,90,96,90,True,2035,0,33.95061728395061
BEPC,2023-05-31,0.02051692328479937,0.3633089330458641,0.23501203035315643,0.6468655432799075,17.64409099925648,Brookfield Renewable,Renewable Energy,Diversified Renewables,CA,20.1,78,85,70,78,120,45,310,4860,95,3200,30,36,90,96,90,True,2035,0,33.95061728395061
BEPC,2023-06-30,-0.059864761318506494,0.2871972146591177,-0.7183771358220779,-2.501337405638629,13.994285628909157,Brookfield Renewable,Renewable Energy,Diversified Renewables,CA,20.1,78,85,70,78,120,45,310,4860,95,3200,30,36,90,96,90,True,2035,0,33.95061728395061
BEPC,2023-07-31,-0.009758029026338044,0.19309787525945246,-0.12295116573185935,-0.6367297701575341,13.943999910354615,Brookfield Renewable,Renewable Energy,Diversified Renewables,CA,20.1,78,85,70,78,120,45,310,4860,95,3200,30,36,90,96,90,True,2035,0,33.95061728395061
BEPC,2023-08-31,-0.09386532675214197,0.27679473341322075,-1.0284374931104252,-3.715524065174656,15.853912975477135,Brookfield Renewable,Renewable Energy,Diversified Renewables,CA,20.1,78,85,70,78,120,45,310,4860,95,3200,30,36,90,96,90,True,2035,0,33.95061728395061
BEPC,2023-09-30,-0.14812619912629266,0.399416635427745,-1.8663901089912875,-4.672790123006582,15.241000032424926,Brookfield Renewable,Renewable Energy,Diversified Renewables,CA,20.1,78,85,70,78,120,45,310,4860,95,3200,30,36,90,96,90,True,2035,0,33.95061728395061
BEPC,2023-10-31,-0.04339689115879386,0.41285530084878164,-0.49709166236436597,-1.2040336198721546,18.887727303938433,Brookfield Renewable,Renewable Energy,Diversified Renewables,CA,20.1,78,85,70,78,120,45,310,4860,95,3200,30,36,90,96,90,True,2035,0,33.95061728395061
BEPC,2023-11-30,0.17363364500663725,0.41590944126879303,2.083603740079647,5.009753406230228,14.077142897106352,Brookfield Renewable,Renewable Energy,Diversified Renewables,CA,20.1,78,85,70,78,120,45,310,4860,95,3200,30,36,90,96,90,True,2035,0,33.95061728395061
BEPC,2023-12-31,0.08739275794782231,0.39725952656572927,1.1011487501425612,2.7718624136263945,12.718499994277954,Brookfield Renewable,Renewable Energy,Diversified Renewables,CA,20.1,78,85,70,78,120,45,310,4860,95,3200,30,36,90,96,90,True,2035,0,33.95061728395061
BEPC,2024-01-31,-0.028427093388694088,0.23726904336232352,-0.3411251206643291,-1.4377144014670777,13.395238149733771,Brookfield Renewable,Renewable Energy,Diversified Renewables,CA,20.1,78,85,70,78,120,45,310,4860,95,3200,30,36,90,96,90,True,2035,0,33.95061728395061
BEPC,2024-02-29,-0.14356613260178397,0.33041898238096,-1.808933270782478,-5.474665098680225,13.944000101089477,Brookfield Renewable,Renewable Energy,Diversified Renewables,CA,20.1,78,85,70,78,120,45,310,4860,95,3200,30,36,90,96,90,True,2035,0,33.95061728395061
BEPC,2024-03-31,0.03844688827467657,0.2932564635873626,0.4844307922609248,1.6519015006010611,13.787499904632568,Brookfield Renewable,Renewable Energy,Diversified Renewables,CA,20.1,78,85,70,78,120,45,310,4860,95,3200,30,36,90,96,90,True,2035,0,33.95061728395061
BEPC,2024-04-30,-0.05173631957984337,0.30238852732372073,-0.5926160242782059,-1.9597834267163958,16.137727087194268,Brookfield Renewable,Renewable Energy,Diversified Renewables,CA,20.1,78,85,70,78,120,45,310,4860,95,3200,30,36,90,96,90,True,2035,0,33.95061728395061
BEPC,2024-05-31,0.3289759301776042,0.4955355559905538,3.7682697456707386,7.604438672696519,13.090454535050826,Brookfield Renewable,Renewable Energy,Diversified Renewables,CA,20.1,78,85,70,78,120,45,310,4860,95,3200,30,36,90,96,90,True,2035,0,33.95061728395061
BEPC,2024-06-30,-0.10181922445891023,0.3108324275482105,-1.3504444507181779,-4.344606067552982,12.676842037000155,Brookfield Renewable,Renewable Energy,Diversified Renewables,CA,20.1,78,85,70,78,120,45,310,4860,95,3200,30,36,90,96,90,True,2035,0,33.95061728395061
BEPC,2024-07-31,-0.005767980408550533,0.3148170855013671,-0.06606959377066973,-0.2098666076698141,14.470000050284646,Brookfield Renewable,Renewable Energy,Diversified Renewables,CA,20.1,78,85,70,78,120,45,310,4860,95,3200,30,36,90,96,90,True,2035,0,33.95061728395061
BEPC,2024-08-31,0.029474267996456915,0.2773810497414583,0.3376143425048701,1.2171499921121294,19.31227272207087,Brookfield Renewable,Renewable Energy,Diversified Renewables,CA,20.1,78,85,70,78,120,45,310,4860,95,3200,30,36,90,96,90,True,2035,0,33.95061728395061
BEPC,2024-09-30,0.14050385627780126,0.3025589072524908,1.770348589100296,5.851252588055219,17.768999814987183,Brookfield Renewable,Renewable Energy,Diversified Renewables,CA,20.1,78,85,70,78,120,45,310,4860,95,3200,30,36,90,96,90,True,2035,0,33.95061728395061
BEPC,2024-10-31,-0.056673860248457775,0.46212791315698354,-0.6209483818526678,-1.3436720963482103,19.96086958180303,Brookfield Renewable,Renewable Energy,Diversified Renewables,CA,20.1,78,85,70,78,120,45,310,4860,95,3200,30,36,90,96,90,True,2035,0,33.95061728395061
BEPC,2024-11-30,0.06223430552882259,0.468509738586673,0.7841522496631645,1.673716008612057,16.121000051498413,Brookfield Renewable,Renewable Energy,Diversified Renewables,CA,20.1,78,85,70,78,120,45,310,4860,95,3200,30,36,90,96,90,True,2035,0,33.95061728395061
BEPC,2024-12-31,-0.12587339679652287,0.2431967501984393,-1.5860047996361881,-6.521488458797531,15.792000102996827,Brookfield Renewable,Renewable Energy,Diversified Renewables,CA,20.1,78,85,70,78,120,45,310,4860,95,3200,30,36,90,96,90,True,2035,0,33.95061728395061
BIP,2020-08-31,0.05277257199193408,0.21500349844537922,0.633270863903209,2.945397951578397,22.88952382405599,Brookfield Infrastructure,Infrastructure,Diversified Infrastructure,CA,15.6,72,72,68,75,4200,1100,8800,19800,42,48000,26,30,86,55,35,True,2050,1,267.67676767676767
BIP,2020-09-30,0.09323811853434594,0.30656659496096,1.1188574224121512,3.6496390696273777,27.647619065784273,Brookfield Infrastructure,Infrastructure,Diversified Infrastructure,CA,15.6,72,72,68,75,4200,1100,8800,19800,42,48000,26,30,86,55,35,True,2050,1,267.67676767676767
BIP,2020-10-31,-0.10182159442283413,0.23480362742016297,-1.1663200815706454,-4.967214920762726,29.438636086203836,Brookfield Infrastructure,Infrastructure,Diversified Infrastructure,CA,15.6,72,72,68,75,4200,1100,8800,19800,42,48000,26,30,86,55,35,True,2050,1,267.67676767676767
BIP,2020-11-30,0.16317810829719892,0.31940806948981143,2.0560441645447063,6.437045149888709,24.995500087738037,Brookfield Infrastructure,Infrastructure,Diversified Infrastructure,CA,15.6,72,72,68,75,4200,1100,8800,19800,42,48000,26,30,86,55,35,True,2050,1,267.67676767676767
BIP,2020-12-31,-0.007435152011064594,0.14119286130711842,-0.08516628667219445,-0.603191166208774,22.374090974981133,Brookfield Infrastructure,Infrastructure,Diversified Infrastructure,CA,15.6,72,72,68,75,4200,1100,8800,19800,42,48000,26,30,86,55,35,True,2050,1,267.67676767676767
BIP,2021-01-31,0.056233831659668776,0.2124899250515558,0.7458381883282384,3.5099931827227944,24.90999984741211,Brookfield Infrastructure,Infrastructure,Diversified Infrastructure,CA,15.6,72,72,68,75,4200,1100,8800,19800,42,48000,26,30,86,55,35,True,2050,1,267.67676767676767
BIP,2021-02-28,-0.012232126092884377,0.2201251151224047,-0.16223661975825596,-0.7370200336660414,23.140526219418174,Brookfield Infrastructure,Infrastructure,Diversified Infrastructure,CA,15.6,72,72,68,75,4200,1100,8800,19800,42,48000,26,30,86,55,35,True,2050,1,267.67676767676767
BIP,2021-03-31,0.045695902378087065,0.18513414835182074,0.500668147794693,2.704353314890592,21.843043534652047,Brookfield Infrastructure,Infrastructure,Diversified Infrastructure,CA,15.6,72,72,68,75,4200,1100,8800,19800,42,48000,26,30,86,55,35,True,2050,1,267.67676767676767
BIP,2021-04-30,0.010179028654618616,0.10781144488573874,0.12214834385542339,1.1329812339022007,17.416190556117467,Brookfield Infrastructure,Infrastructure,Diversified Infrastructure,CA,15.6,72,72,68,75,4200,1100,8800,19800,42,48000,26,30,86,55,35,True,2050,1,267.67676767676767
BIP,2021-05-31,0.0183103583674471,0.11753579101525313,0.23071051542983345,1.9628958416580797,19.7604998588562,Brookfield Infrastructure,Infrastructure,Diversified Infrastructure,CA,15.6,72,72,68,75,4200,1100,8800,19800,42,48000,26,30,86,55,35,True,2050,1,267.67676767676767
BIP,2021-06-30,0.025048950272538062,0.13874852590082298,0.286924339485436,2.06794513759756,16.956818147139117,Brookfield Infrastructure,Infrastructure,Diversified Infrastructure,CA,15.6,72,72,68,75,4200,1100,8800,19800,42,48000,26,30,86,55,35,True,2050,1,267.67676767676767
BIP,2021-07-31,-0.026047573629405022,0.13769617957874497,-0.3125708835528602,-2.2700040372152,17.60333351861863,Brookfield Infrastructure,Infrastructure,Diversified Infrastructure,CA,15.6,72,72,68,75,4200,1100,8800,19800,42,48000,26,30,86,55,35,True,2050,1,267.67676767676767
BIP,2021-08-31,0.052961327740896236,0.11949542590133426,0.606647935941175,5.076746087687708,17.47772723978216,Brookfield Infrastructure,Infrastructure,Diversified Infrastructure,CA,15.6,72,72,68,75,4200,1100,8800,19800,42,48000,26,30,86,55,35,True,2050,1,267.67676767676767
BIP,2021-09-30,-0.005438869799765712,0.15537197198273464,-0.06526643759718853,-0.4200657091772068,19.8247617994036,Brookfield Infrastructure,Infrastructure,Diversified Infrastructure,CA,15.6,72,72,68,75,4200,1100,8800,19800,42,48000,26,30,86,55,35,True,2050,1,267.67676767676767
BIP,2021-10-31,0.04815026507400921,0.13833437772764703,0.5778031808881106,4.176858929641412,17.869047573634557,Brookfield Infrastructure,Infrastructure,Diversified Infrastructure,CA,15.6,72,72,68,75,4200,1100,8800,19800,42,48000,26,30,86,55,35,True,2050,1,267.67676767676767
BIP,2021-11-30,-0.024128955660246088,0.19606205189659318,-0.28954746792295305,-1.4768154526693715,18.500476246788388,Brookfield Infrastructure,Infrastructure,Diversified Infrastructure,CA,15.6,72,72,68,75,4200,1100,8800,19800,42,48000,26,30,86,55,35,True,2050,1,267.67676767676767
BIP,2021-12-31,0.06888338560647989,0.14839898110651434,0.7890278714924059,5.316935908920264,21.354545506564055,Brookfield Infrastructure,Infrastructure,Diversified Infrastructure,CA,15.6,72,72,68,75,4200,1100,8800,19800,42,48000,26,30,86,55,35,True,2050,1,267.67676767676767
BIP,2022-01-31,-0.028604492340044585,0.15542438690458843,-0.3604166034845617,-2.3189192549674553,23.18100004196167,Brookfield Infrastructure,Infrastructure,Diversified Infrastructure,CA,15.6,72,72,68,75,4200,1100,8800,19800,42,48000,26,30,86,55,35,True,2050,1,267.67676767676767
BIP,2022-02-28,0.014399795361775047,0.13022458739731865,0.1909867595351217,1.4665952363697345,25.74842111687911,Brookfield Infrastructure,Infrastructure,Diversified Infrastructure,CA,15.6,72,72,68,75,4200,1100,8800,19800,42,48000,26,30,86,55,35,True,2050,1,267.67676767676767
BIP,2022-03-31,0.11231460393914117,0.19703660032711315,1.230577399681025,6.245425457189498,26.968695682028066,Brookfield Infrastructure,Infrastructure,Diversified Infrastructure,CA,15.6,72,72,68,75,4200,1100,8800,19800,42,48000,26,30,86,55,35,True,2050,1,267.67676767676767
BIP,2022-04-30,-0.056126866636630024,0.2747033484612992,-0.7071985196215383,-2.574408079052484,24.37350015640259,Brookfield Infrastructure,Infrastructure,Diversified Infrastructure,CA,15.6,72,72,68,75,4200,1100,8800,19800,42,48000,26,30,86,55,35,True,2050,1,267.67676767676767
BIP,2022-05-31,-0.03417852340429228,0.2351853292042794,-0.4101422808515074,-1.743910992404047,29.445714587257022,Brookfield Infrastructure,Infrastructure,Diversified Infrastructure,CA,15.6,72,72,68,75,4200,1100,8800,19800,42,48000,26,30,86,55,35,True,2050,1,267.67676767676767
BIP,2022-06-30,-0.036487549975587785,0.28891098157312867,-0.4378505997070534,-1.5155207923317564,28.100000018165225,Brookfield Infrastructure,Infrastructure,Diversified Infrastructure,CA,15.6,72,72,68,75,4200,1100,8800,19800,42,48000,26,30,86,55,35,True,2050,1,267.67676767676767
BIP,2022-07-31,0.04290400539895245,0.20599854363503356,0.5405904680268008,2.624244125650528,24.86850004196167,Brookfield Infrastructure,Infrastructure,Diversified Infrastructure,CA,15.6,72,72,68,75,4200,1100,8800,19800,42,48000,26,30,86,55,35,True,2050,1,267.67676767676767
BIP,2022-08-31,0.06215742175812356,0.1412774670623867,0.6810291427411799,4.820507876464435,22.169565366662066,Brookfield Infrastructure,Infrastructure,Diversified Infrastructure,CA,15.6,72,72,68,75,4200,1100,8800,19800,42,48000,26,30,86,55,35,True,2050,1,267.67676767676767
BIP,2022-09-30,-0.15380663236029268,0.23956669358778457,-1.8456795883235122,-7.704241189300376,27.406190418061755,Brookfield Infrastructure,Infrastructure,Diversified Infrastructure,CA,15.6,72,72,68,75,4200,1100,8800,19800,42,48000,26,30,86,55,35,True,2050,1,267.67676767676767
BIP,2022-10-31,0.01873590564990746,0.372068977438758,0.2248308677988895,0.6042720071600066,30.005714416503906,Brookfield Infrastructure,Infrastructure,Diversified Infrastructure,CA,15.6,72,72,68,75,4200,1100,8800,19800,42,48000,26,30,86,55,35,True,2050,1,267.67676767676767
BIP,2022-11-30,0.04331545815015203,0.27544283767509364,0.5197854978018244,1.8870902659482183,23.436190650576638,Brookfield Infrastructure,Infrastructure,Diversified Infrastructure,CA,15.6,72,72,68,75,4200,1100,8800,19800,42,48000,26,30,86,55,35,True,2050,1,267.67676767676767
BIP,2022-12-31,-0.18515386589345725,0.3526480458894693,-2.2218463907214874,-6.300464206791272,21.784285681588308,Brookfield Infrastructure,Infrastructure,Diversified Infrastructure,CA,15.6,72,72,68,75,4200,1100,8800,19800,42,48000,26,30,86,55,35,True,2050,1,267.67676767676767
BIP,2023-01-31,0.13388807301411376,0.23710005079552615,1.6869897199778334,7.115096408953048,20.202999973297118,Brookfield Infrastructure,Infrastructure,Diversified Infrastructure,CA,15.6,72,72,68,75,4200,1100,8800,19800,42,48000,26,30,86,55,35,True,2050,1,267.67676767676767
BIP,2023-02-28,-0.05551922311653934,0.19232860205056204,-0.736360222387785,-3.828656864017554,20.06210537960655,Brookfield Infrastructure,Infrastructure,Diversified Infrastructure,CA,15.6,72,72,68,75,4200,1100,8800,19800,42,48000,26,30,86,55,35,True,2050,1,267.67676767676767
BIP,2023-03-31,0.025670318356900257,0.2569346198373179,0.2812574011277767,1.0946652549425187,21.644347895746645,Brookfield Infrastructure,Infrastructure,Diversified Infrastructure,CA,15.6,72,72,68,75,4200,1100,8800,19800,42,48000,26,30,86,55,35,True,2050,1,267.67676767676767
BIP,2023-04-30,0.03244377038884283,0.2067724315829934,0.43030684936781016,2.0810648986109905,17.8178946344476,Brookfield Infrastructure,Infrastructure,Diversified Infrastructure,CA,15.6,72,72,68,75,4200,1100,8800,19800,42,48000,26,30,86,55,35,True,2050,1,267.67676767676767
BIP,2023-05-31,0.04261905499989982,0.21927714286628544,0.4881819027261252,2.226323712288686,17.64409099925648,Brookfield Infrastructure,Infrastructure,Diversified Infrastructure,CA,15.6,72,72,68,75,4200,1100,8800,19800,42,48000,26,30,86,55,35,True,2050,1,267.67676767676767
BIP,2023-06-30,0.018380158934956148,0.19528062048499634,0.22056190721947377,1.1294613191605454,13.994285628909157,Brookfield Infrastructure,Infrastructure,Diversified Infrastructure,CA,15.6,72,72,68,75,4200,1100,8800,19800,42,48000,26,30,86,55,35,True,2050,1,267.67676767676767
BIP,2023-07-31,-0.020841682484429525,0.20503335655465132,-0.262605199303812,-1.2807925681781198,13.943999910354615,Brookfield Infrastructure,Infrastructure,Diversified Infrastructure,CA,15.6,72,72,68,75,4200,1100,8800,19800,42,48000,26,30,86,55,35,True,2050,1,267.67676767676767
BIP,2023-08-31,-0.09611751165689753,0.2884184094239925,-1.0531136059799207,-3.6513397604650817,15.853912975477135,Brookfield Infrastructure,Infrastructure,Diversified Infrastructure,CA,15.6,72,72,68,75,4200,1100,8800,19800,42,48000,26,30,86,55,35,True,2050,1,267.67676767676767
BIP,2023-09-30,-0.07744226925345143,0.33669759262535065,-0.975772592593488,-2.898068218976687,15.241000032424926,Brookfield Infrastructure,Infrastructure,Diversified Infrastructure,CA,15.6,72,72,68,75,4200,1100,8800,19800,42,48000,26,30,86,55,35,True,2050,1,267.67676767676767
BIP,2023-10-31,-0.24808333038831343,0.5243811466578105,-2.841681784447954,-5.419115089395687,18.887727303938433,Brookfield Infrastructure,Infrastructure,Diversified Infrastructure,CA,15.6,72,72,68,75,4200,1100,8800,19800,42,48000,26,30,86,55,35,True,2050,1,267.67676767676767
BIP,2023-11-30,0.17402237193959558,0.5782754075485632,2.088268463275147,3.6112005387325334,14.077142897106352,Brookfield Infrastructure,Infrastructure,Diversified Infrastructure,CA,15.6,72,72,68,75,4200,1100,8800,19800,42,48000,26,30,86,55,35,True,2050,1,267.67676767676767
BIP,2023-12-31,0.18996399035513345,0.3752023817812251,2.3935462784746817,6.379347239512788,12.718499994277954,Brookfield Infrastructure,Infrastructure,Diversified Infrastructure,CA,15.6,72,72,68,75,4200,1100,8800,19800,42,48000,26,30,86,55,35,True,2050,1,267.67676767676767
BIP,2024-01-31,-0.0008430463561834856,0.24319836356463817,-0.010116556274201827,-0.04159796195138875,13.395238149733771,Brookfield Infrastructure,Infrastructure,Diversified Infrastructure,CA,15.6,72,72,68,75,4200,1100,8800,19800,42,48000,26,30,86,55,35,True,2050,1,267.67676767676767
BIP,2024-02-29,-0.07663010958795158,0.40246051606544475,-0.9655393808081898,-2.3990909474736695,13.944000101089477,Brookfield Infrastructure,Infrastructure,Diversified Infrastructure,CA,15.6,72,72,68,75,4200,1100,8800,19800,42,48000,26,30,86,55,35,True,2050,1,267.67676767676767
BIP,2024-03-31,0.094760326355397,0.28455039333731574,1.1939801120780023,4.196023411089148,13.787499904632568,Brookfield Infrastructure,Infrastructure,Diversified Infrastructure,CA,15.6,72,72,68,75,4200,1100,8800,19800,42,48000,26,30,86,55,35,True,2050,1,267.67676767676767
BIP,2024-04-30,-0.14365723037522882,0.36352629212609316,-1.6455282752071665,-4.526572935297886,16.137727087194268,Brookfield Infrastructure,Infrastructure,Diversified Infrastructure,CA,15.6,72,72,68,75,4200,1100,8800,19800,42,48000,26,30,86,55,35,True,2050,1,267.67676767676767
BIP,2024-05-31,0.0916706910757571,0.340698325715439,1.050046097776854,3.0820406750512843,13.090454535050826,Brookfield Infrastructure,Infrastructure,Diversified Infrastructure,CA,15.6,72,72,68,75,4200,1100,8800,19800,42,48000,26,30,86,55,35,True,2050,1,267.67676767676767
BIP,2024-06-30,-0.048801278079353416,0.2713898744646845,-0.6472590566314242,-2.3849786507626356,12.676842037000155,Brookfield Infrastructure,Infrastructure,Diversified Infrastructure,CA,15.6,72,72,68,75,4200,1100,8800,19800,42,48000,26,30,86,55,35,True,2050,1,267.67676767676767
BIP,2024-07-31,0.14520574096871675,0.3208015532523788,1.663265760187119,5.18471853806333,14.470000050284646,Brookfield Infrastructure,Infrastructure,Diversified Infrastructure,CA,15.6,72,72,68,75,4200,1100,8800,19800,42,48000,26,30,86,55,35,True,2050,1,267.67676767676767
BIP,2024-08-31,0.03182070561203587,0.18134445963035714,0.3644917188287745,2.009941299401895,19.31227272207087,Brookfield Infrastructure,Infrastructure,Diversified Infrastructure,CA,15.6,72,72,68,75,4200,1100,8800,19800,42,48000,26,30,86,55,35,True,2050,1,267.67676767676767
BIP,2024-09-30,0.08885853550839684,0.263037333683773,1.1196175474058,4.2564967175033,17.768999814987183,Brookfield Infrastructure,Infrastructure,Diversified Infrastructure,CA,15.6,72,72,68,75,4200,1100,8800,19800,42,48000,26,30,86,55,35,True,2050,1,267.67676767676767
BIP,2024-10-31,-0.020335348616172366,0.2523010439822144,-0.22280468918588853,-0.8830906351762651,19.96086958180303,Brookfield Infrastructure,Infrastructure,Diversified Infrastructure,CA,15.6,72,72,68,75,4200,1100,8800,19800,42,48000,26,30,86,55,35,True,2050,1,267.67676767676767
BIP,2024-11-30,0.03365418686489963,0.16386859614964364,0.4240427544977353,2.58769992824313,16.121000051498413,Brookfield Infrastructure,Infrastructure,Diversified Infrastructure,CA,15.6,72,72,68,75,4200,1100,8800,19800,42,48000,26,30,86,55,35,True,2050,1,267.67676767676767
BIP,2024-12-31,-0.09414447014213856,0.30036123924742375,-1.1862203237909457,-3.949312257344204,15.792000102996827,Brookfield Infrastructure,Infrastructure,Diversified Infrastructure,CA,15.6,72,72,68,75,4200,1100,8800,19800,42,48000,26,30,86,55,35,True,2050,1,267.67676767676767
BP,2020-08-31,-0.03320372969896357,0.372038912096566,-0.3984447563875628,-1.0709760281315492,22.88952382405599,BP,Oil & Gas,Integrated Energy,UK,96.8,55,50,54,60,34000,5800,320000,197300,6,87800,28,36,86,14,4,False,2050,4,201.72326406487582
BP,2020-09-30,-0.17817942300849302,0.24030441664199692,-2.138153076101916,-8.897685302585655,27.647619065784273,BP,Oil & Gas,Integrated Energy,UK,96.8,55,50,54,60,34000,5800,320000,197300,6,87800,28,36,86,14,4,False,2050,4,201.72326406487582
BP,2020-10-31,-0.1164518342809806,0.29265658300721725,-1.333902829036687,-4.557911581315057,29.438636086203836,BP,Oil & Gas,Integrated Energy,UK,96.8,55,50,54,60,34000,5800,320000,197300,6,87800,28,36,86,14,4,False,2050,4,201.72326406487582
BP,2020-11-30,0.2763667660659289,0.7647964143107455,3.4822212524307044,4.553134909201912,24.995500087738037,BP,Oil & Gas,Integrated Energy,UK,96.8,55,50,54,60,34000,5800,320000,197300,6,87800,28,36,86,14,4,False,2050,4,201.72326406487582
BP,2020-12-31,0.05420813367522537,0.3873584381625263,0.6209295311889451,1.6029843938198087,22.374090974981133,BP,Oil & Gas,Integrated Energy,UK,96.8,55,50,54,60,34000,5800,320000,197300,6,87800,28,36,86,14,4,False,2050,4,201.72326406487582
BP,2021-01-31,0.08748446224238904,0.467453000489375,1.1603202360569493,2.482217965960672,24.90999984741211,BP,Oil & Gas,Integrated Energy,UK,96.8,55,50,54,60,34000,5800,320000,197300,6,87800,28,36,86,14,4,False,2050,4,201.72326406487582
BP,2021-02-28,0.11778504617600705,0.5293411576999641,1.5622016650712514,2.951218967856497,23.140526219418174,BP,Oil & Gas,Integrated Energy,UK,96.8,55,50,54,60,34000,5800,320000,197300,6,87800,28,36,86,14,4,False,2050,4,201.72326406487582
BP,2021-03-31,0.002758504246815008,0.3445681141914975,0.030223611747712258,0.08771447647914152,21.843043534652047,BP,Oil & Gas,Integrated Energy,UK,96.8,55,50,54,60,34000,5800,320000,197300,6,87800,28,36,86,14,4,False,2050,4,201.72326406487582
BP,2021-04-30,0.035961740987994206,0.28532783500861897,0.4315408918559305,1.512438812157583,17.416190556117467,BP,Oil & Gas,Integrated Energy,UK,96.8,55,50,54,60,34000,5800,320000,197300,6,87800,28,36,86,14,4,False,2050,4,201.72326406487582
BP,2021-05-31,0.05628418979530403,0.2693252168858228,0.7091807914208307,2.63317634947447,19.7604998588562,BP,Oil & Gas,Integrated Energy,UK,96.8,55,50,54,60,34000,5800,320000,197300,6,87800,28,36,86,14,4,False,2050,4,201.72326406487582
BP,2021-06-30,0.01081382308124268,0.2931440866199556,0.12386742802150705,0.42254793350852754,16.956818147139117,BP,Oil & Gas,Integrated Energy,UK,96.8,55,50,54,60,34000,5800,320000,197300,6,87800,28,36,86,14,4,False,2050,4,201.72326406487582
BP,2021-07-31,-0.08441234440947054,0.31738218074463065,-1.0129481329136465,-3.1915721624229314,17.60333351861863,BP,Oil & Gas,Integrated Energy,UK,96.8,55,50,54,60,34000,5800,320000,197300,6,87800,28,36,86,14,4,False,2050,4,201.72326406487582
BP,2021-08-31,0.029209646058803274,0.35012065221414557,0.3345832184917466,0.9556226300158502,17.47772723978216,BP,Oil & Gas,Integrated Energy,UK,96.8,55,50,54,60,34000,5800,320000,197300,6,87800,28,36,86,14,4,False,2050,4,201.72326406487582
BP,2021-09-30,0.11397047767900081,0.26393037219904625,1.3676457321480098,5.181842926044841,19.8247617994036,BP,Oil & Gas,Integrated Energy,UK,96.8,55,50,54,60,34000,5800,320000,197300,6,87800,28,36,86,14,4,False,2050,4,201.72326406487582
BP,2021-10-31,0.053408649484548154,0.18097933719151038,0.6409037938145778,3.541309211097289,17.869047573634557,BP,Oil & Gas,Integrated Energy,UK,96.8,55,50,54,60,34000,5800,320000,197300,6,87800,28,36,86,14,4,False,2050,4,201.72326406487582
BP,2021-11-30,-0.08640895114677305,0.35710411147542426,-1.0369074137612766,-2.903655769957821,18.500476246788388,BP,Oil & Gas,Integrated Energy,UK,96.8,55,50,54,60,34000,5800,320000,197300,6,87800,28,36,86,14,4,False,2050,4,201.72326406487582
BP,2021-12-31,0.02864116342275469,0.27621894046415724,0.32807150829700826,1.1877227091875675,21.354545506564055,BP,Oil & Gas,Integrated Energy,UK,96.8,55,50,54,60,34000,5800,320000,197300,6,87800,28,36,86,14,4,False,2050,4,201.72326406487582
BP,2022-01-31,0.15441128910182045,0.3468558476901152,1.9455822426829377,5.609195450039355,23.18100004196167,BP,Oil & Gas,Integrated Energy,UK,96.8,55,50,54,60,34000,5800,320000,197300,6,87800,28,36,86,14,4,False,2050,4,201.72326406487582
BP,2022-02-28,-0.040352218426202624,0.41892089773681446,-0.5351978443896348,-1.2775630131630982,25.74842111687911,BP,Oil & Gas,Integrated Energy,UK,96.8,55,50,54,60,34000,5800,320000,197300,6,87800,28,36,86,14,4,False,2050,4,201.72326406487582
BP,2022-03-31,0.014448347530000571,0.428375998100201,0.15830363380696277,0.36954365909626463,26.968695682028066,BP,Oil & Gas,Integrated Energy,UK,96.8,55,50,54,60,34000,5800,320000,197300,6,87800,28,36,86,14,4,False,2050,4,201.72326406487582
BP,2022-04-30,-0.020358346610945377,0.28263605599979447,-0.2565151672979118,-0.9075811873701575,24.37350015640259,BP,Oil & Gas,Integrated Energy,UK,96.8,55,50,54,60,34000,5800,320000,197300,6,87800,28,36,86,14,4,False,2050,4,201.72326406487582
BP,2022-05-31,0.1380968976888095,0.4248750164723363,1.657162772265714,3.9003535346108364,29.445714587257022,BP,Oil & Gas,Integrated Energy,UK,96.8,55,50,54,60,34000,5800,320000,197300,6,87800,28,36,86,14,4,False,2050,4,201.72326406487582
BP,2022-06-30,-0.12439237988776254,0.4415299583421068,-1.4927085586531503,-3.3807639333423625,28.100000018165225,BP,Oil & Gas,Integrated Energy,UK,96.8,55,50,54,60,34000,5800,320000,197300,6,87800,28,36,86,14,4,False,2050,4,201.72326406487582
BP,2022-07-31,0.04056797635963394,0.3586473938261614,0.5111565021313876,1.425234118330575,24.86850004196167,BP,Oil & Gas,Integrated Energy,UK,96.8,55,50,54,60,34000,5800,320000,197300,6,87800,28,36,86,14,4,False,2050,4,201.72326406487582
BP,2022-08-31,0.06320129465108693,0.2561479372665603,0.692466358785822,2.7033844823243958,22.169565366662066,BP,Oil & Gas,Integrated Energy,UK,96.8,55,50,54,60,34000,5800,320000,197300,6,87800,28,36,86,14,4,False,2050,4,201.72326406487582
BP,2022-09-30,-0.07037325490032686,0.4027483229835514,-0.8444790588039224,-2.0967909997688845,27.406190418061755,BP,Oil & Gas,Integrated Energy,UK,96.8,55,50,54,60,34000,5800,320000,197300,6,87800,28,36,86,14,4,False,2050,4,201.72326406487582
BP,2022-10-31,0.15785422727545007,0.31949924079449177,1.8942507273054008,5.928811356781346,30.005714416503906,BP,Oil & Gas,Integrated Energy,UK,96.8,55,50,54,60,34000,5800,320000,197300,6,87800,28,36,86,14,4,False,2050,4,201.72326406487582
BP,2022-11-30,0.09060783886947343,0.3154222491512661,1.0872940664336812,3.4471064402062863,23.436190650576638,BP,Oil & Gas,Integrated Energy,UK,96.8,55,50,54,60,34000,5800,320000,197300,6,87800,28,36,86,14,4,False,2050,4,201.72326406487582
BP,2022-12-31,-0.025452947070137233,0.22050676139961112,-0.3054353648416468,-1.3851519241540384,21.784285681588308,BP,Oil & Gas,Integrated Energy,UK,96.8,55,50,54,60,34000,5800,320000,197300,6,87800,28,36,86,14,4,False,2050,4,201.72326406487582
BP,2023-01-31,0.037597741500933424,0.16505791312605866,0.4737315429117611,2.870092890063144,20.202999973297118,BP,Oil & Gas,Integrated Energy,UK,96.8,55,50,54,60,34000,5800,320000,197300,6,87800,28,36,86,14,4,False,2050,4,201.72326406487582
BP,2023-02-28,0.10460067834413955,0.4027302851945813,1.3873353127749035,3.4448248959091936,20.06210537960655,BP,Oil & Gas,Integrated Energy,UK,96.8,55,50,54,60,34000,5800,320000,197300,6,87800,28,36,86,14,4,False,2050,4,201.72326406487582
BP,2023-03-31,-0.03857245694764655,0.3081810474794266,-0.4226199630785622,-1.3713366429737224,21.644347895746645,BP,Oil & Gas,Integrated Energy,UK,96.8,55,50,54,60,34000,5800,320000,197300,6,87800,28,36,86,14,4,False,2050,4,201.72326406487582
BP,2023-04-30,0.06182171356144639,0.23127245656987486,0.8199511482886573,3.545390404243506,17.8178946344476,BP,Oil & Gas,Integrated Energy,UK,96.8,55,50,54,60,34000,5800,320000,197300,6,87800,28,36,86,14,4,False,2050,4,201.72326406487582
BP,2023-05-31,-0.1618055563295363,0.3321486991189993,-1.8534090997746886,-5.5800582832048535,17.64409099925648,BP,Oil & Gas,Integrated Energy,UK,96.8,55,50,54,60,34000,5800,320000,197300,6,87800,28,36,86,14,4,False,2050,4,201.72326406487582
BP,2023-06-30,0.04738998095669733,0.19725931534594673,0.568679771480368,2.882904518263366,13.994285628909157,BP,Oil & Gas,Integrated Energy,UK,96.8,55,50,54,60,34000,5800,320000,197300,6,87800,28,36,86,14,4,False,2050,4,201.72326406487582
BP,2023-07-31,0.05708102119269831,0.20634075182102976,0.7192208670279988,3.4855977826998377,13.943999910354615,BP,Oil & Gas,Integrated Energy,UK,96.8,55,50,54,60,34000,5800,320000,197300,6,87800,28,36,86,14,4,False,2050,4,201.72326406487582
BP,2023-08-31,0.009691816427756184,0.1649455157518193,0.1061885973823721,0.6437798378353361,15.853912975477135,BP,Oil & Gas,Integrated Energy,UK,96.8,55,50,54,60,34000,5800,320000,197300,6,87800,28,36,86,14,4,False,2050,4,201.72326406487582
BP,2023-09-30,0.042019534077518905,0.19267199000372892,0.5294461293767383,2.747914366621176,15.241000032424926,BP,Oil & Gas,Integrated Energy,UK,96.8,55,50,54,60,34000,5800,320000,197300,6,87800,28,36,86,14,4,False,2050,4,201.72326406487582
BP,2023-10-31,-0.053248284891515896,0.28995179704226437,-0.6099348996664549,-2.1035734418212577,18.887727303938433,BP,Oil & Gas,Integrated Energy,UK,96.8,55,50,54,60,34000,5800,320000,197300,6,87800,28,36,86,14,4,False,2050,4,201.72326406487582
BP,2023-11-30,0.006308524598217957,0.20660111512468593,0.07570229517861549,0.3664176504223046,14.077142897106352,BP,Oil & Gas,Integrated Energy,UK,96.8,55,50,54,60,34000,5800,320000,197300,6,87800,28,36,86,14,4,False,2050,4,201.72326406487582
BP,2023-12-31,-0.023405347405306642,0.19326962863580524,-0.29490737730686367,-1.5258857762001667,12.718499994277954,BP,Oil & Gas,Integrated Energy,UK,96.8,55,50,54,60,34000,5800,320000,197300,6,87800,28,36,86,14,4,False,2050,4,201.72326406487582
BP,2024-01-31,-0.007213672245260039,0.18040935175459027,-0.08656406694312047,-0.4798202870374094,13.395238149733771,BP,Oil & Gas,Integrated Energy,UK,96.8,55,50,54,60,34000,5800,320000,197300,6,87800,28,36,86,14,4,False,2050,4,201.72326406487582
BP,2024-02-29,0.0115024758613691,0.25478482686023296,0.14493119585325065,0.5688376252199484,13.944000101089477,BP,Oil & Gas,Integrated Energy,UK,96.8,55,50,54,60,34000,5800,320000,197300,6,87800,28,36,86,14,4,False,2050,4,201.72326406487582
BP,2024-03-31,0.07488421726312489,0.13446321002508319,0.9435411375153736,7.017095139550532,13.787499904632568,BP,Oil & Gas,Integrated Energy,UK,96.8,55,50,54,60,34000,5800,320000,197300,6,87800,28,36,86,14,4,False,2050,4,201.72326406487582
BP,2024-04-30,0.029520840770470014,0.15375721321175498,0.3381478124617474,2.1992321881904107,16.137727087194268,BP,Oil & Gas,Integrated Energy,UK,96.8,55,50,54,60,34000,5800,320000,197300,6,87800,28,36,86,14,4,False,2050,4,201.72326406487582
BP,2024-05-31,-0.018156153678599796,0.19893803807659396,-0.20797048759123402,-1.0454033306147437,13.090454535050826,BP,Oil & Gas,Integrated Energy,UK,96.8,55,50,54,60,34000,5800,320000,197300,6,87800,28,36,86,14,4,False,2050,4,201.72326406487582
BP,2024-06-30,-0.03839905238859487,0.20255074591475586,-0.5092926948382056,-2.514395553263196,12.676842037000155,BP,Oil & Gas,Integrated Energy,UK,96.8,55,50,54,60,34000,5800,320000,197300,6,87800,28,36,86,14,4,False,2050,4,201.72326406487582
BP,2024-07-31,-0.01790912023646185,0.21421120794590084,-0.20514083179947212,-0.9576568554306484,14.470000050284646,BP,Oil & Gas,Integrated Energy,UK,96.8,55,50,54,60,34000,5800,320000,197300,6,87800,28,36,86,14,4,False,2050,4,201.72326406487582
BP,2024-08-31,-0.025062471382653495,0.20324146249007063,-0.2870792176558491,-1.4125032074588342,19.31227272207087,BP,Oil & Gas,Integrated Energy,UK,96.8,55,50,54,60,34000,5800,320000,197300,6,87800,28,36,86,14,4,False,2050,4,201.72326406487582
BP,2024-09-30,-0.07620777920245703,0.2474159408704847,-0.9602180179509586,-3.880986870015808,17.768999814987183,BP,Oil & Gas,Integrated Energy,UK,96.8,55,50,54,60,34000,5800,320000,197300,6,87800,28,36,86,14,4,False,2050,4,201.72326406487582
BP,2024-10-31,-0.06304052538416327,0.28894934711787734,-0.6907048868177889,-2.3904012717357506,19.96086958180303,BP,Oil & Gas,Integrated Energy,UK,96.8,55,50,54,60,34000,5800,320000,197300,6,87800,28,36,86,14,4,False,2050,4,201.72326406487582
BP,2024-11-30,0.016045763974891547,0.2160827614571629,0.20217662608363351,0.9356444018034905,16.121000051498413,BP,Oil & Gas,Integrated Energy,UK,96.8,55,50,54,60,34000,5800,320000,197300,6,87800,28,36,86,14,4,False,2050,4,201.72326406487582
BP,2024-12-31,-0.0051204538542903855,0.2540521156919108,-0.06451771856405886,-0.2539546596112569,15.792000102996827,BP,Oil & Gas,Integrated Energy,UK,96.8,55,50,54,60,34000,5800,320000,197300,6,87800,28,36,86,14,4,False,2050,4,201.72326406487582
CCI,2020-08-31,-0.03952539014710832,0.2339432785131048,-0.47430468176529983,-2.027434533618074,22.88952382405599,Crown Castle,Digital Infrastructure,Telecom Towers,US,48.7,67,66,64,70,35,290,680,6800,30,5100,23,28,85,50,28,False,2050,1,47.79411764705882
CCI,2020-09-30,0.030512727483397617,0.2832477238972998,0.3661527298007714,1.2926943410621416,27.647619065784273,Crown Castle,Digital Infrastructure,Telecom Towers,US,48.7,67,66,64,70,35,290,680,6800,30,5100,23,28,85,50,28,False,2050,1,47.79411764705882
CCI,2020-10-31,-0.061502252495786225,0.23138375234240344,-0.704480346769915,-3.0446405144619644,29.438636086203836,Crown Castle,Digital Infrastructure,Telecom Towers,US,48.7,67,66,64,70,35,290,680,6800,30,5100,23,28,85,50,28,False,2050,1,47.79411764705882
CCI,2020-11-30,0.07197586739240247,0.2057121064689016,0.9068959291442711,4.408568580193751,24.995500087738037,Crown Castle,Digital Infrastructure,Telecom Towers,US,48.7,67,66,64,70,35,290,680,6800,30,5100,23,28,85,50,28,False,2050,1,47.79411764705882
CCI,2020-12-31,-0.04129058342447545,0.18951807392151487,-0.47296486468035515,-2.4956187813317694,22.374090974981133,Crown Castle,Digital Infrastructure,Telecom Towers,US,48.7,67,66,64,70,35,290,680,6800,30,5100,23,28,85,50,28,False,2050,1,47.79411764705882
CCI,2021-01-31,0.0023686018243410656,0.2316739448756449,0.031415139985997285,0.1356006606736028,24.90999984741211,Crown Castle,Digital Infrastructure,Telecom Towers,US,48.7,67,66,64,70,35,290,680,6800,30,5100,23,28,85,50,28,False,2050,1,47.79411764705882
CCI,2021-02-28,-0.020452791265307968,0.22605196386007714,-0.2712685999398741,-1.2000276189052947,23.140526219418174,Crown Castle,Digital Infrastructure,Telecom Towers,US,48.7,67,66,64,70,35,290,680,6800,30,5100,23,28,85,50,28,False,2050,1,47.79411764705882
CCI,2021-03-31,0.11198883621193556,0.26922686115004874,1.2270081184959896,4.557524881635561,21.843043534652047,Crown Castle,Digital Infrastructure,Telecom Towers,US,48.7,67,66,64,70,35,290,680,6800,30,5100,23,28,85,50,28,False,2050,1,47.79411764705882
CCI,2021-04-30,0.09484636861272111,0.14438777600967942,1.1381564233526533,7.882636984978244,17.416190556117467,Crown Castle,Digital Infrastructure,Telecom Towers,US,48.7,67,66,64,70,35,290,680,6800,30,5100,23,28,85,50,28,False,2050,1,47.79411764705882
CCI,2021-05-31,0.003268995131152641,0.15807691368503404,0.04118933865252328,0.26056517484009356,19.7604998588562,Crown Castle,Digital Infrastructure,Telecom Towers,US,48.7,67,66,64,70,35,290,680,6800,30,5100,23,28,85,50,28,False,2050,1,47.79411764705882
CCI,2021-06-30,0.037186996674296036,0.18138698360568295,0.42596014372375457,2.348350114525026,16.956818147139117,Crown Castle,Digital Infrastructure,Telecom Towers,US,48.7,67,66,64,70,35,290,680,6800,30,5100,23,28,85,50,28,False,2050,1,47.79411764705882
CCI,2021-07-31,-0.008719637771646305,0.2010316547151259,-0.10463565325975566,-0.5204934188500351,17.60333351861863,Crown Castle,Digital Infrastructure,Telecom Towers,US,48.7,67,66,64,70,35,290,680,6800,30,5100,23,28,85,50,28,False,2050,1,47.79411764705882
CCI,2021-08-31,0.009257853682095751,0.1551301684313666,0.1060445058130968,0.6835840306588302,17.47772723978216,Crown Castle,Digital Infrastructure,Telecom Towers,US,48.7,67,66,64,70,35,290,680,6800,30,5100,23,28,85,50,28,False,2050,1,47.79411764705882
CCI,2021-09-30,-0.10767868590629014,0.1787075040441402,-1.2921442308754818,-7.230497889760276,19.8247617994036,Crown Castle,Digital Infrastructure,Telecom Towers,US,48.7,67,66,64,70,35,290,680,6800,30,5100,23,28,85,50,28,False,2050,1,47.79411764705882
CCI,2021-10-31,0.04113054911888303,0.20203575279457348,0.4935665894265963,2.4429665670533396,17.869047573634557,Crown Castle,Digital Infrastructure,Telecom Towers,US,48.7,67,66,64,70,35,290,680,6800,30,5100,23,28,85,50,28,False,2050,1,47.79411764705882
CCI,2021-11-30,0.008790913517901844,0.18309929360563276,0.10549096221482213,0.5761407383800898,18.500476246788388,Crown Castle,Digital Infrastructure,Telecom Towers,US,48.7,67,66,64,70,35,290,680,6800,30,5100,23,28,85,50,28,False,2050,1,47.79411764705882
CCI,2021-12-31,0.14873017286629098,0.2089659674252085,1.703636525559333,8.15269848268037,21.354545506564055,Crown Castle,Digital Infrastructure,Telecom Towers,US,48.7,67,66,64,70,35,290,680,6800,30,5100,23,28,85,50,28,False,2050,1,47.79411764705882
CCI,2022-01-31,-0.12818766400635262,0.3853667051681902,-1.615164566480043,-4.1912405633878445,23.18100004196167,Crown Castle,Digital Infrastructure,Telecom Towers,US,48.7,67,66,64,70,35,290,680,6800,30,5100,23,28,85,50,28,False,2050,1,47.79411764705882
CCI,2022-02-28,-0.08867529055590773,0.2577406970591294,-1.1761143800046707,-4.563169082043933,25.74842111687911,Crown Castle,Digital Infrastructure,Telecom Towers,US,48.7,67,66,64,70,35,290,680,6800,30,5100,23,28,85,50,28,False,2050,1,47.79411764705882
CCI,2022-03-31,0.11311846999339714,0.19733914926186413,1.2393849755798296,6.280482003777145,26.968695682028066,Crown Castle,Digital Infrastructure,Telecom Towers,US,48.7,67,66,64,70,35,290,680,6800,30,5100,23,28,85,50,28,False,2050,1,47.79411764705882
CCI,2022-04-30,0.005770628079309836,0.25584999428275434,0.07270991379930394,0.28418962448343105,24.37350015640259,Crown Castle,Digital Infrastructure,Telecom Towers,US,48.7,67,66,64,70,35,290,680,6800,30,5100,23,28,85,50,28,False,2050,1,47.79411764705882
CCI,2022-05-31,0.02777420847671874,0.31999699636924356,0.3332905017206249,1.041542594156234,29.445714587257022,Crown Castle,Digital Infrastructure,Telecom Towers,US,48.7,67,66,64,70,35,290,680,6800,30,5100,23,28,85,50,28,False,2050,1,47.79411764705882
CCI,2022-06-30,-0.10399988724179254,0.3808592569673594,-1.2479986469015105,-3.2767974627657983,28.100000018165225,Crown Castle,Digital Infrastructure,Telecom Towers,US,48.7,67,66,64,70,35,290,680,6800,30,5100,23,28,85,50,28,False,2050,1,47.79411764705882
CCI,2022-07-31,0.07262152004128208,0.23771513289762844,0.9150311525201542,3.849275985783415,24.86850004196167,Crown Castle,Digital Infrastructure,Telecom Towers,US,48.7,67,66,64,70,35,290,680,6800,30,5100,23,28,85,50,28,False,2050,1,47.79411764705882
CCI,2022-08-31,-0.05436686078958608,0.1858179362617892,-0.595671692129378,-3.2056738122963933,22.169565366662066,Crown Castle,Digital Infrastructure,Telecom Towers,US,48.7,67,66,64,70,35,290,680,6800,30,5100,23,28,85,50,28,False,2050,1,47.79411764705882
CCI,2022-09-30,-0.1543009546785058,0.2918904467590408,-1.8516114561420696,-6.343515098562297,27.406190418061755,Crown Castle,Digital Infrastructure,Telecom Towers,US,48.7,67,66,64,70,35,290,680,6800,30,5100,23,28,85,50,28,False,2050,1,47.79411764705882
CCI,2022-10-31,-0.07450967627893046,0.4088633406618926,-0.8941161153471655,-2.1868336591383235,30.005714416503906,Crown Castle,Digital Infrastructure,Telecom Towers,US,48.7,67,66,64,70,35,290,680,6800,30,5100,23,28,85,50,28,False,2050,1,47.79411764705882
CCI,2022-11-30,0.0655458449076689,0.39263141213417163,0.7865501388920269,2.003278684750887,23.436190650576638,Crown Castle,Digital Infrastructure,Telecom Towers,US,48.7,67,66,64,70,35,290,680,6800,30,5100,23,28,85,50,28,False,2050,1,47.79411764705882
CCI,2022-12-31,-0.02824062326693999,0.2593227470793296,-0.3388874792032799,-1.3068174042580636,21.784285681588308,Crown Castle,Digital Infrastructure,Telecom Towers,US,48.7,67,66,64,70,35,290,680,6800,30,5100,23,28,85,50,28,False,2050,1,47.79411764705882
CCI,2023-01-31,0.09171277257734445,0.3082724998673696,1.15558093447454,3.748569642026825,20.202999973297118,Crown Castle,Digital Infrastructure,Telecom Towers,US,48.7,67,66,64,70,35,290,680,6800,30,5100,23,28,85,50,28,False,2050,1,47.79411764705882
CCI,2023-02-28,-0.12208228596993231,0.24545064166270783,-1.6191966349696285,-6.596831949596972,20.06210537960655,Crown Castle,Digital Infrastructure,Telecom Towers,US,48.7,67,66,64,70,35,290,680,6800,30,5100,23,28,85,50,28,False,2050,1,47.79411764705882
CCI,2023-03-31,0.03970681848918145,0.3136030499781976,0.4350486199684228,1.3872588930454228,21.644347895746645,Crown Castle,Digital Infrastructure,Telecom Towers,US,48.7,67,66,64,70,35,290,680,6800,30,5100,23,28,85,50,28,False,2050,1,47.79411764705882
CCI,2023-04-30,-0.08068729385036477,0.2808884192219605,-1.0701683184364168,-3.8099410484800385,17.8178946344476,Crown Castle,Digital Infrastructure,Telecom Towers,US,48.7,67,66,64,70,35,290,680,6800,30,5100,23,28,85,50,28,False,2050,1,47.79411764705882
CCI,2023-05-31,-0.08113344565839109,0.2386892380995196,-0.9293467411779344,-3.8935427025430047,17.64409099925648,Crown Castle,Digital Infrastructure,Telecom Towers,US,48.7,67,66,64,70,35,290,680,6800,30,5100,23,28,85,50,28,False,2050,1,47.79411764705882
CCI,2023-06-30,0.02177361711591053,0.2072379665447354,0.2612834053909263,1.2607892740277609,13.994285628909157,Crown Castle,Digital Infrastructure,Telecom Towers,US,48.7,67,66,64,70,35,290,680,6800,30,5100,23,28,85,50,28,False,2050,1,47.79411764705882
CCI,2023-07-31,-0.04609639555067668,0.35098748693411763,-0.5808145839385263,-1.6548013976565168,13.943999910354615,Crown Castle,Digital Infrastructure,Telecom Towers,US,48.7,67,66,64,70,35,290,680,6800,30,5100,23,28,85,50,28,False,2050,1,47.79411764705882
CCI,2023-08-31,-0.07370238596754419,0.13735214962499218,-0.8075217940791798,-5.879207542684469,15.853912975477135,Crown Castle,Digital Infrastructure,Telecom Towers,US,48.7,67,66,64,70,35,290,680,6800,30,5100,23,28,85,50,28,False,2050,1,47.79411764705882
CCI,2023-09-30,-0.06974027028242791,0.229126475884659,-0.8787274055585916,-3.8351194560376256,15.241000032424926,Crown Castle,Digital Infrastructure,Telecom Towers,US,48.7,67,66,64,70,35,290,680,6800,30,5100,23,28,85,50,28,False,2050,1,47.79411764705882
CCI,2023-10-31,0.015268988597387012,0.345428311706766,0.17489932393370577,0.506325966940943,18.887727303938433,Crown Castle,Digital Infrastructure,Telecom Towers,US,48.7,67,66,64,70,35,290,680,6800,30,5100,23,28,85,50,28,False,2050,1,47.79411764705882
CCI,2023-11-30,0.23818350051134052,0.34917017700831543,2.858202006136086,8.18569910702316,14.077142897106352,Crown Castle,Digital Infrastructure,Telecom Towers,US,48.7,67,66,64,70,35,290,680,6800,30,5100,23,28,85,50,28,False,2050,1,47.79411764705882
CCI,2023-12-31,-0.003589469250526278,0.1545516704260184,-0.04522731255663111,-0.2926355466231001,12.718499994277954,Crown Castle,Digital Infrastructure,Telecom Towers,US,48.7,67,66,64,70,35,290,680,6800,30,5100,23,28,85,50,28,False,2050,1,47.79411764705882
CCI,2024-01-31,-0.05944731979548268,0.2574605341828459,-0.7133678375457921,-2.7707851994091075,13.395238149733771,Crown Castle,Digital Infrastructure,Telecom Towers,US,48.7,67,66,64,70,35,290,680,6800,30,5100,23,28,85,50,28,False,2050,1,47.79411764705882
CCI,2024-02-29,0.01823430129130943,0.2691072915115353,0.2297521962704988,0.8537568602471348,13.944000101089477,Crown Castle,Digital Infrastructure,Telecom Towers,US,48.7,67,66,64,70,35,290,680,6800,30,5100,23,28,85,50,28,False,2050,1,47.79411764705882
CCI,2024-03-31,-0.022167830118823617,0.2068611143724782,-0.2793146594971776,-1.3502521261402378,13.787499904632568,Crown Castle,Digital Infrastructure,Telecom Towers,US,48.7,67,66,64,70,35,290,680,6800,30,5100,23,28,85,50,28,False,2050,1,47.79411764705882
CCI,2024-04-30,-0.11866550378132601,0.2117994409179368,-1.3592594069497344,-6.417672308570395,16.137727087194268,Crown Castle,Digital Infrastructure,Telecom Towers,US,48.7,67,66,64,70,35,290,680,6800,30,5100,23,28,85,50,28,False,2050,1,47.79411764705882
CCI,2024-05-31,0.09107928125570751,0.21893110342479985,1.0432717671108316,4.765297167879038,13.090454535050826,Crown Castle,Digital Infrastructure,Telecom Towers,US,48.7,67,66,64,70,35,290,680,6800,30,5100,23,28,85,50,28,False,2050,1,47.79411764705882
CCI,2024-06-30,-0.031037531225529436,0.17459520572809026,-0.41165567730702196,-2.35777194219252,12.676842037000155,Crown Castle,Digital Infrastructure,Telecom Towers,US,48.7,67,66,64,70,35,290,680,6800,30,5100,23,28,85,50,28,False,2050,1,47.79411764705882
CCI,2024-07-31,0.12137875473791604,0.20637386273721825,1.3903384633615838,6.7369890979457105,14.470000050284646,Crown Castle,Digital Infrastructure,Telecom Towers,US,48.7,67,66,64,70,35,290,680,6800,30,5100,23,28,85,50,28,False,2050,1,47.79411764705882
CCI,2024-08-31,0.019675379736355025,0.2293246571889401,0.2253725315255212,0.9827662419215446,19.31227272207087,Crown Castle,Digital Infrastructure,Telecom Towers,US,48.7,67,66,64,70,35,290,680,6800,30,5100,23,28,85,50,28,False,2050,1,47.79411764705882
CCI,2024-09-30,0.07219597862636262,0.19998422123467288,0.909669330692169,4.548705518245418,17.768999814987183,Crown Castle,Digital Infrastructure,Telecom Towers,US,48.7,67,66,64,70,35,290,680,6800,30,5100,23,28,85,50,28,False,2050,1,47.79411764705882
CCI,2024-10-31,-0.09585131155238058,0.2406341393653456,-1.050196978747822,-4.364289213150043,19.96086958180303,Crown Castle,Digital Infrastructure,Telecom Towers,US,48.7,67,66,64,70,35,290,680,6800,30,5100,23,28,85,50,28,False,2050,1,47.79411764705882
CCI,2024-11-30,-0.009624727276581924,0.22670012642385684,-0.12127156368493225,-0.5349426380918427,16.121000051498413,Crown Castle,Digital Infrastructure,Telecom Towers,US,48.7,67,66,64,70,35,290,680,6800,30,5100,23,28,85,50,28,False,2050,1,47.79411764705882
CCI,2024-12-31,-0.15132136223650217,0.12127127547730512,-1.9066491641799275,-15.722182822565765,15.792000102996827,Crown Castle,Digital Infrastructure,Telecom Towers,US,48.7,67,66,64,70,35,290,680,6800,30,5100,23,28,85,50,28,False,2050,1,47.79411764705882
D,2020-08-31,-0.03174383831096694,0.1342507515336607,-0.3809260597316033,-2.8374221773804646,22.88952382405599,Dominion Energy,Utilities,Electric Utility,US,46.2,62,58,60,68,28000,650,4800,14400,22,17200,25,30,90,48,25,True,2050,1,1989.5833333333333
D,2020-09-30,0.019702839156935048,0.19991713583654014,0.23643406988322058,1.1826603502189932,27.647619065784273,Dominion Energy,Utilities,Electric Utility,US,46.2,62,58,60,68,28000,650,4800,14400,22,17200,25,30,90,48,25,True,2050,1,1989.5833333333333
D,2020-10-31,0.019025557182827058,0.1768678070364668,0.21792910954874628,1.2321581479427368,29.438636086203836,Dominion Energy,Utilities,Electric Utility,US,46.2,62,58,60,68,28000,650,4800,14400,22,17200,25,30,90,48,25,True,2050,1,1989.5833333333333
D,2020-11-30,-0.021410332578432723,0.22206457706849356,-0.26977019048825235,-1.2148276598164707,24.995500087738037,Dominion Energy,Utilities,Electric Utility,US,46.2,62,58,60,68,28000,650,4800,14400,22,17200,25,30,90,48,25,True,2050,1,1989.5833333333333
D,2020-12-31,-0.03330784641713869,0.19581145292815974,-0.381526240778134,-1.9484368001605616,22.374090974981133,Dominion Energy,Utilities,Electric Utility,US,46.2,62,58,60,68,28000,650,4800,14400,22,17200,25,30,90,48,25,True,2050,1,1989.5833333333333
D,2021-01-31,-0.029664505867307955,0.20552867238527697,-0.3934450251874529,-1.9143072381157331,24.90999984741211,Dominion Energy,Utilities,Electric Utility,US,46.2,62,58,60,68,28000,650,4800,14400,22,17200,25,30,90,48,25,True,2050,1,1989.5833333333333
D,2021-02-28,-0.06327746781991228,0.19450916413267305,-0.839259046874626,-4.314753243719533,23.140526219418174,Dominion Energy,Utilities,Electric Utility,US,46.2,62,58,60,68,28000,650,4800,14400,22,17200,25,30,90,48,25,True,2050,1,1989.5833333333333
D,2021-03-31,0.11717205735022009,0.2028055281728809,1.2837981935763243,6.330193289809905,21.843043534652047,Dominion Energy,Utilities,Electric Utility,US,46.2,62,58,60,68,28000,650,4800,14400,22,17200,25,30,90,48,25,True,2050,1,1989.5833333333333
D,2021-04-30,0.05133964330698649,0.13407057246776583,0.6160757196838378,4.595159909770349,17.416190556117467,Dominion Energy,Utilities,Electric Utility,US,46.2,62,58,60,68,28000,650,4800,14400,22,17200,25,30,90,48,25,True,2050,1,1989.5833333333333
D,2021-05-31,-0.0470775282850151,0.1680568848172402,-0.5931768563911903,-3.5296194918539805,19.7604998588562,Dominion Energy,Utilities,Electric Utility,US,46.2,62,58,60,68,28000,650,4800,14400,22,17200,25,30,90,48,25,True,2050,1,1989.5833333333333
D,2021-06-30,-0.024590124820596967,0.1859481768946822,-0.2816687024904744,-1.5147699062949491,16.956818147139117,Dominion Energy,Utilities,Electric Utility,US,46.2,62,58,60,68,28000,650,4800,14400,22,17200,25,30,90,48,25,True,2050,1,1989.5833333333333
D,2021-07-31,0.018727821548810364,0.1743984158331403,0.22473385858572437,1.2886232797019421,17.60333351861863,Dominion Energy,Utilities,Electric Utility,US,46.2,62,58,60,68,28000,650,4800,14400,22,17200,25,30,90,48,25,True,2050,1,1989.5833333333333
D,2021-08-31,0.03940539090255035,0.10613939627450877,0.45137084124739496,4.2526230324507655,17.47772723978216,Dominion Energy,Utilities,Electric Utility,US,46.2,62,58,60,68,28000,650,4800,14400,22,17200,25,30,90,48,25,True,2050,1,1989.5833333333333
D,2021-09-30,-0.05453830130873993,0.18093283140314934,-0.6544596157048792,-3.6171412928736584,19.8247617994036,Dominion Energy,Utilities,Electric Utility,US,46.2,62,58,60,68,28000,650,4800,14400,22,17200,25,30,90,48,25,True,2050,1,1989.5833333333333
D,2021-10-31,0.04116183686927588,0.22869073960047365,0.4939420424313105,2.1598690147849235,17.869047573634557,Dominion Energy,Utilities,Electric Utility,US,46.2,62,58,60,68,28000,650,4800,14400,22,17200,25,30,90,48,25,True,2050,1,1989.5833333333333
D,2021-11-30,-0.062275364539918,0.21991062342882062,-0.747304374479016,-3.398218616395761,18.500476246788388,Dominion Energy,Utilities,Electric Utility,US,46.2,62,58,60,68,28000,650,4800,14400,22,17200,25,30,90,48,25,True,2050,1,1989.5833333333333
D,2021-12-31,0.1089355115684103,0.1815557665272887,1.247806768874518,6.8728567136256,21.354545506564055,Dominion Energy,Utilities,Electric Utility,US,46.2,62,58,60,68,28000,650,4800,14400,22,17200,25,30,90,48,25,True,2050,1,1989.5833333333333
D,2022-01-31,0.027144161484543572,0.1409735975531577,0.342016434705249,2.4261027642164197,23.18100004196167,Dominion Energy,Utilities,Electric Utility,US,46.2,62,58,60,68,28000,650,4800,14400,22,17200,25,30,90,48,25,True,2050,1,1989.5833333333333
D,2022-02-28,-0.012626970147011864,0.20360722376529514,-0.1674734987919468,-0.8225322053651648,25.74842111687911,Dominion Energy,Utilities,Electric Utility,US,46.2,62,58,60,68,28000,650,4800,14400,22,17200,25,30,90,48,25,True,2050,1,1989.5833333333333
D,2022-03-31,0.07624964684948632,0.19150018609794653,0.8354309133074153,4.3625592764704555,26.968695682028066,Dominion Energy,Utilities,Electric Utility,US,46.2,62,58,60,68,28000,650,4800,14400,22,17200,25,30,90,48,25,True,2050,1,1989.5833333333333
D,2022-04-30,-0.03877828018640095,0.17523755491570359,-0.488606330348652,-2.7882512431977924,24.37350015640259,Dominion Energy,Utilities,Electric Utility,US,46.2,62,58,60,68,28000,650,4800,14400,22,17200,25,30,90,48,25,True,2050,1,1989.5833333333333
D,2022-05-31,0.032297016419971625,0.17092435481610413,0.3875641970396595,2.267460347921957,29.445714587257022,Dominion Energy,Utilities,Electric Utility,US,46.2,62,58,60,68,28000,650,4800,14400,22,17200,25,30,90,48,25,True,2050,1,1989.5833333333333
D,2022-06-30,-0.0434347216303822,0.23904234677050396,-0.5212166595645864,-2.1804365067792277,28.100000018165225,Dominion Energy,Utilities,Electric Utility,US,46.2,62,58,60,68,28000,650,4800,14400,22,17200,25,30,90,48,25,True,2050,1,1989.5833333333333
D,2022-07-31,0.028537526475178043,0.21183782562257744,0.35957283358724335,1.697396735122646,24.86850004196167,Dominion Energy,Utilities,Electric Utility,US,46.2,62,58,60,68,28000,650,4800,14400,22,17200,25,30,90,48,25,True,2050,1,1989.5833333333333
D,2022-08-31,-0.0011305255745736043,0.15651130002882332,-0.01238662803445862,-0.07914206854187195,22.169565366662066,Dominion Energy,Utilities,Electric Utility,US,46.2,62,58,60,68,28000,650,4800,14400,22,17200,25,30,90,48,25,True,2050,1,1989.5833333333333
D,2022-09-30,-0.1567630150934075,0.2733779521962398,-1.8811561811208901,-6.88115543337794,27.406190418061755,Dominion Energy,Utilities,Electric Utility,US,46.2,62,58,60,68,28000,650,4800,14400,22,17200,25,30,90,48,25,True,2050,1,1989.5833333333333
D,2022-10-31,0.017391034236122205,0.3546860871467187,0.20869241083346646,0.5883862333374785,30.005714416503906,Dominion Energy,Utilities,Electric Utility,US,46.2,62,58,60,68,28000,650,4800,14400,22,17200,25,30,90,48,25,True,2050,1,1989.5833333333333
D,2022-11-30,-0.1285586922702011,0.39740555146301226,-1.5427043072424134,-3.881939498738979,23.436190650576638,Dominion Energy,Utilities,Electric Utility,US,46.2,62,58,60,68,28000,650,4800,14400,22,17200,25,30,90,48,25,True,2050,1,1989.5833333333333
D,2022-12-31,0.015621452687611725,0.17383065040540938,0.1874574322513407,1.078391134211089,21.784285681588308,Dominion Energy,Utilities,Electric Utility,US,46.2,62,58,60,68,28000,650,4800,14400,22,17200,25,30,90,48,25,True,2050,1,1989.5833333333333
D,2023-01-31,0.038321378112953886,0.17456623864188048,0.482849364223219,2.765995120131882,20.202999973297118,Dominion Energy,Utilities,Electric Utility,US,46.2,62,58,60,68,28000,650,4800,14400,22,17200,25,30,90,48,25,True,2050,1,1989.5833333333333
D,2023-02-28,-0.13178557728554385,0.2612146287549321,-1.7478929197872133,-6.691405179405407,20.06210537960655,Dominion Energy,Utilities,Electric Utility,US,46.2,62,58,60,68,28000,650,4800,14400,22,17200,25,30,90,48,25,True,2050,1,1989.5833333333333
D,2023-03-31,0.020325082258720095,0.2549939416468284,0.22269220561728104,0.8733235157630297,21.644347895746645,Dominion Energy,Utilities,Electric Utility,US,46.2,62,58,60,68,28000,650,4800,14400,22,17200,25,30,90,48,25,True,2050,1,1989.5833333333333
D,2023-04-30,0.023048690981934183,0.1889293381795059,0.30569842776039025,1.6180569450253377,17.8178946344476,Dominion Energy,Utilities,Electric Utility,US,46.2,62,58,60,68,28000,650,4800,14400,22,17200,25,30,90,48,25,True,2050,1,1989.5833333333333
D,2023-05-31,-0.1259913670193008,0.19083237749910248,-1.4431738404029002,-7.562520885166291,17.64409099925648,Dominion Energy,Utilities,Electric Utility,US,46.2,62,58,60,68,28000,650,4800,14400,22,17200,25,30,90,48,25,True,2050,1,1989.5833333333333
D,2023-06-30,0.04462305376909703,0.20207170131594102,0.5354766452291644,2.6499338687307907,13.994285628909157,Dominion Energy,Utilities,Electric Utility,US,46.2,62,58,60,68,28000,650,4800,14400,22,17200,25,30,90,48,25,True,2050,1,1989.5833333333333
D,2023-07-31,0.03498726354474624,0.20190880104633888,0.4408395206638026,2.1833596077995043,13.943999910354615,Dominion Energy,Utilities,Electric Utility,US,46.2,62,58,60,68,28000,650,4800,14400,22,17200,25,30,90,48,25,True,2050,1,1989.5833333333333
D,2023-08-31,-0.08270333191545076,0.20085051398821988,-0.9061408540301562,-4.511518721248095,15.853912975477135,Dominion Energy,Utilities,Electric Utility,US,46.2,62,58,60,68,28000,650,4800,14400,22,17200,25,30,90,48,25,True,2050,1,1989.5833333333333
D,2023-09-30,-0.08053407313743133,0.2501524352680102,-1.0147293215316346,-4.056443905670822,15.241000032424926,Dominion Energy,Utilities,Electric Utility,US,46.2,62,58,60,68,28000,650,4800,14400,22,17200,25,30,90,48,25,True,2050,1,1989.5833333333333
D,2023-10-31,-0.09857000248212766,0.293514130630703,-1.1290745738861896,-3.8467469060519672,18.887727303938433,Dominion Energy,Utilities,Electric Utility,US,46.2,62,58,60,68,28000,650,4800,14400,22,17200,25,30,90,48,25,True,2050,1,1989.5833333333333
D,2023-11-30,0.13644975144929417,0.33287549796589305,1.63739701739153,4.918947256248041,14.077142897106352,Dominion Energy,Utilities,Electric Utility,US,46.2,62,58,60,68,28000,650,4800,14400,22,17200,25,30,90,48,25,True,2050,1,1989.5833333333333
D,2023-12-31,0.037876184805761826,0.22497086716911444,0.477239928552599,2.12134101876333,12.718499994277954,Dominion Energy,Utilities,Electric Utility,US,46.2,62,58,60,68,28000,650,4800,14400,22,17200,25,30,90,48,25,True,2050,1,1989.5833333333333
D,2024-01-31,-0.025900281912755174,0.20734673582859744,-0.3108033829530621,-1.4989547904433218,13.395238149733771,Dominion Energy,Utilities,Electric Utility,US,46.2,62,58,60,68,28000,650,4800,14400,22,17200,25,30,90,48,25,True,2050,1,1989.5833333333333
D,2024-02-29,0.06275174617267854,0.31158333385764886,0.7906720017757496,2.537594010522331,13.944000101089477,Dominion Energy,Utilities,Electric Utility,US,46.2,62,58,60,68,28000,650,4800,14400,22,17200,25,30,90,48,25,True,2050,1,1989.5833333333333
D,2024-03-31,0.03351942454890544,0.3787044138466178,0.4223447493162086,1.1152358775709066,13.787499904632568,Dominion Energy,Utilities,Electric Utility,US,46.2,62,58,60,68,28000,650,4800,14400,22,17200,25,30,90,48,25,True,2050,1,1989.5833333333333
D,2024-04-30,0.03767654638747686,0.2142574623648497,0.431567713165644,2.0142482245530666,16.137727087194268,Dominion Energy,Utilities,Electric Utility,US,46.2,62,58,60,68,28000,650,4800,14400,22,17200,25,30,90,48,25,True,2050,1,1989.5833333333333
D,2024-05-31,0.06955599016939795,0.1401580596938403,0.7967322510312856,5.684526831861533,13.090454535050826,Dominion Energy,Utilities,Electric Utility,US,46.2,62,58,60,68,28000,650,4800,14400,22,17200,25,30,90,48,25,True,2050,1,1989.5833333333333
D,2024-06-30,-0.09468581372381335,0.14515200207422962,-1.255832897810577,-8.65184689060199,12.676842037000155,Dominion Energy,Utilities,Electric Utility,US,46.2,62,58,60,68,28000,650,4800,14400,22,17200,25,30,90,48,25,True,2050,1,1989.5833333333333
D,2024-07-31,0.08925287439755382,0.21786746847377397,1.0223511067356164,4.692536769704482,14.470000050284646,Dominion Energy,Utilities,Electric Utility,US,46.2,62,58,60,68,28000,650,4800,14400,22,17200,25,30,90,48,25,True,2050,1,1989.5833333333333
D,2024-08-31,0.058554627604995975,0.21202810426247917,0.6707166434754084,3.163338397088614,19.31227272207087,Dominion Energy,Utilities,Electric Utility,US,46.2,62,58,60,68,28000,650,4800,14400,22,17200,25,30,90,48,25,True,2050,1,1989.5833333333333
D,2024-09-30,0.034031292533165725,0.14130416326385706,0.42879428591788815,3.034548140787623,17.768999814987183,Dominion Energy,Utilities,Electric Utility,US,46.2,62,58,60,68,28000,650,4800,14400,22,17200,25,30,90,48,25,True,2050,1,1989.5833333333333
D,2024-10-31,0.03251121864234996,0.25594008275111524,0.35620987382053,1.391770565952815,19.96086958180303,Dominion Energy,Utilities,Electric Utility,US,46.2,62,58,60,68,28000,650,4800,14400,22,17200,25,30,90,48,25,True,2050,1,1989.5833333333333
D,2024-11-30,-0.00011869305199985192,0.21946354054727552,-0.0014955324551981343,-0.006814491607438438,16.121000051498413,Dominion Energy,Utilities,Electric Utility,US,46.2,62,58,60,68,28000,650,4800,14400,22,17200,25,30,90,48,25,True,2050,1,1989.5833333333333
D,2024-12-31,-0.08563621894584228,0.15354586006426796,-1.0790163587176127,-7.027323030825976,15.792000102996827,Dominion Energy,Utilities,Electric Utility,US,46.2,62,58,60,68,28000,650,4800,14400,22,17200,25,30,90,48,25,True,2050,1,1989.5833333333333
DLR,2020-08-31,-0.028433141127064743,0.24864791498966834,-0.3411976935247769,-1.3722121640913585,22.88952382405599,Digital Realty,Digital Infrastructure,Data Centers,US,42.1,71,74,67,73,62,1800,1500,5500,75,4200,28,33,88,65,45,True,2040,0,338.54545454545456
DLR,2020-09-30,-0.0472700113761958,0.3067431592307007,-0.5672401365143496,-1.8492348384784345,27.647619065784273,Digital Realty,Digital Infrastructure,Data Centers,US,42.1,71,74,67,73,62,1800,1500,5500,75,4200,28,33,88,65,45,True,2040,0,338.54545454545456
DLR,2020-10-31,-0.015210665216666475,0.20111305196522677,-0.17423125611817963,-0.8663349017661215,29.438636086203836,Digital Realty,Digital Infrastructure,Data Centers,US,42.1,71,74,67,73,62,1800,1500,5500,75,4200,28,33,88,65,45,True,2040,0,338.54545454545456
DLR,2020-11-30,-0.0632112482895123,0.3665504725223335,-0.7964617284478549,-2.1728569137210085,24.995500087738037,Digital Realty,Digital Infrastructure,Data Centers,US,42.1,71,74,67,73,62,1800,1500,5500,75,4200,28,33,88,65,45,True,2040,0,338.54545454545456
DLR,2020-12-31,0.04545234206223747,0.22265996908138697,0.5206359181674474,2.3382555935644804,22.374090974981133,Digital Realty,Digital Infrastructure,Data Centers,US,42.1,71,74,67,73,62,1800,1500,5500,75,4200,28,33,88,65,45,True,2040,0,338.54545454545456
DLR,2021-01-31,0.033863475663369336,0.26451805533562495,0.4491366245878459,1.697943166934196,24.90999984741211,Digital Realty,Digital Infrastructure,Data Centers,US,42.1,71,74,67,73,62,1800,1500,5500,75,4200,28,33,88,65,45,True,2040,0,338.54545454545456
DLR,2021-02-28,-0.06427947459602068,0.2241485426878931,-0.852548820957748,-3.803499281031893,23.140526219418174,Digital Realty,Digital Infrastructure,Data Centers,US,42.1,71,74,67,73,62,1800,1500,5500,75,4200,28,33,88,65,45,True,2040,0,338.54545454545456
DLR,2021-03-31,0.05652329578118986,0.28179936893745944,0.6192987189939063,2.197658289048011,21.843043534652047,Digital Realty,Digital Infrastructure,Data Centers,US,42.1,71,74,67,73,62,1800,1500,5500,75,4200,28,33,88,65,45,True,2040,0,338.54545454545456
DLR,2021-04-30,0.09367504041979802,0.232996489600868,1.1241004850375762,4.824538287951049,17.416190556117467,Digital Realty,Digital Infrastructure,Data Centers,US,42.1,71,74,67,73,62,1800,1500,5500,75,4200,28,33,88,65,45,True,2040,0,338.54545454545456
DLR,2021-05-31,-0.017045372018655303,0.15671362463590865,-0.2147716874350568,-1.370472337258703,19.7604998588562,Digital Realty,Digital Infrastructure,Data Centers,US,42.1,71,74,67,73,62,1800,1500,5500,75,4200,28,33,88,65,45,True,2040,0,338.54545454545456
DLR,2021-06-30,0.0014572767809386544,0.19376396950711475,0.016692443127115496,0.08614833381859764,16.956818147139117,Digital Realty,Digital Infrastructure,Data Centers,US,42.1,71,74,67,73,62,1800,1500,5500,75,4200,28,33,88,65,45,True,2040,0,338.54545454545456
DLR,2021-07-31,0.025593677744959575,0.17995504931533354,0.3071241329395149,1.7066713832594058,17.60333351861863,Digital Realty,Digital Infrastructure,Data Centers,US,42.1,71,74,67,73,62,1800,1500,5500,75,4200,28,33,88,65,45,True,2040,0,338.54545454545456
DLR,2021-08-31,0.06251164746279858,0.1622547596965725,0.7160425073011474,4.413075515566976,17.47772723978216,Digital Realty,Digital Infrastructure,Data Centers,US,42.1,71,74,67,73,62,1800,1500,5500,75,4200,28,33,88,65,45,True,2040,0,338.54545454545456
DLR,2021-09-30,-0.11575342545987354,0.2618614947663075,-1.3890411055184826,-5.304487804738538,19.8247617994036,Digital Realty,Digital Infrastructure,Data Centers,US,42.1,71,74,67,73,62,1800,1500,5500,75,4200,28,33,88,65,45,True,2040,0,338.54545454545456
DLR,2021-10-31,0.09072126390613888,0.22917135056777857,1.0886551668736666,4.750398180996413,17.869047573634557,Digital Realty,Digital Infrastructure,Data Centers,US,42.1,71,74,67,73,62,1800,1500,5500,75,4200,28,33,88,65,45,True,2040,0,338.54545454545456
DLR,2021-11-30,0.0626944328709167,0.2002310992787251,0.7523331944510003,3.757324397464051,18.500476246788388,Digital Realty,Digital Infrastructure,Data Centers,US,42.1,71,74,67,73,62,1800,1500,5500,75,4200,28,33,88,65,45,True,2040,0,338.54545454545456
DLR,2021-12-31,0.06166151066393166,0.20718694638211918,0.7063045766959445,3.4090206406792265,21.354545506564055,Digital Realty,Digital Infrastructure,Data Centers,US,42.1,71,74,67,73,62,1800,1500,5500,75,4200,28,33,88,65,45,True,2040,0,338.54545454545456
DLR,2022-01-31,-0.16727055016173775,0.22537516233253535,-2.1076089320378957,-9.35155813189464,23.18100004196167,Digital Realty,Digital Infrastructure,Data Centers,US,42.1,71,74,67,73,62,1800,1500,5500,75,4200,28,33,88,65,45,True,2040,0,338.54545454545456
DLR,2022-02-28,-0.0969417736336744,0.3164314407822955,-1.2857540502992604,-4.063294238779066,25.74842111687911,Digital Realty,Digital Infrastructure,Data Centers,US,42.1,71,74,67,73,62,1800,1500,5500,75,4200,28,33,88,65,45,True,2040,0,338.54545454545456
DLR,2022-03-31,0.06096083011247844,0.2202788049661538,0.6679186603628072,3.0321512796722954,26.968695682028066,Digital Realty,Digital Infrastructure,Data Centers,US,42.1,71,74,67,73,62,1800,1500,5500,75,4200,28,33,88,65,45,True,2040,0,338.54545454545456
DLR,2022-04-30,0.033294427108594316,0.2940962193716902,0.41950978156828833,1.426437179180789,24.37350015640259,Digital Realty,Digital Infrastructure,Data Centers,US,42.1,71,74,67,73,62,1800,1500,5500,75,4200,28,33,88,65,45,True,2040,0,338.54545454545456
DLR,2022-05-31,-0.03904444797550555,0.4062692515800172,-0.46853337570606657,-1.1532582736298616,29.445714587257022,Digital Realty,Digital Infrastructure,Data Centers,US,42.1,71,74,67,73,62,1800,1500,5500,75,4200,28,33,88,65,45,True,2040,0,338.54545454545456
DLR,2022-06-30,-0.05724174923683356,0.3716350930818331,-0.6869009908420027,-1.8483211182931771,28.100000018165225,Digital Realty,Digital Infrastructure,Data Centers,US,42.1,71,74,67,73,62,1800,1500,5500,75,4200,28,33,88,65,45,True,2040,0,338.54545454545456
DLR,2022-07-31,0.02395964863869482,0.32680286772271555,0.30189157284755475,0.9237727164123375,24.86850004196167,Digital Realty,Digital Infrastructure,Data Centers,US,42.1,71,74,67,73,62,1800,1500,5500,75,4200,28,33,88,65,45,True,2040,0,338.54545454545456
DLR,2022-08-31,-0.06653949053927766,0.22763427658142232,-0.7290413746042596,-3.202687159213869,22.169565366662066,Digital Realty,Digital Infrastructure,Data Centers,US,42.1,71,74,67,73,62,1800,1500,5500,75,4200,28,33,88,65,45,True,2040,0,338.54545454545456
DLR,2022-09-30,-0.20385663581227498,0.36163146649897443,-2.4462796297472997,-6.764565189611997,27.406190418061755,Digital Realty,Digital Infrastructure,Data Centers,US,42.1,71,74,67,73,62,1800,1500,5500,75,4200,28,33,88,65,45,True,2040,0,338.54545454545456
DLR,2022-10-31,0.016617995805541907,0.38548392737850656,0.1994159496665029,0.5173132665287402,30.005714416503906,Digital Realty,Digital Infrastructure,Data Centers,US,42.1,71,74,67,73,62,1800,1500,5500,75,4200,28,33,88,65,45,True,2040,0,338.54545454545456
DLR,2022-11-30,0.12632454757284972,0.5387069311693796,1.5158945708741967,2.813950374805129,23.436190650576638,Digital Realty,Digital Infrastructure,Data Centers,US,42.1,71,74,67,73,62,1800,1500,5500,75,4200,28,33,88,65,45,True,2040,0,338.54545454545456
DLR,2022-12-31,-0.1006596703681951,0.26314156096725355,-1.2079160444183414,-4.590365885108737,21.784285681588308,Digital Realty,Digital Infrastructure,Data Centers,US,42.1,71,74,67,73,62,1800,1500,5500,75,4200,28,33,88,65,45,True,2040,0,338.54545454545456
DLR,2023-01-31,0.1380320661391583,0.3170566567929823,1.7392040333533945,5.485467647786949,20.202999973297118,Digital Realty,Digital Infrastructure,Data Centers,US,42.1,71,74,67,73,62,1800,1500,5500,75,4200,28,33,88,65,45,True,2040,0,338.54545454545456
DLR,2023-02-28,-0.09197598505623306,0.27983828894363066,-1.2198920123247752,-4.3592748402292605,20.06210537960655,Digital Realty,Digital Infrastructure,Data Centers,US,42.1,71,74,67,73,62,1800,1500,5500,75,4200,28,33,88,65,45,True,2040,0,338.54545454545456
DLR,2023-03-31,-0.03935435587257641,0.4135321741395776,-0.43118685564735887,-1.0426924012491041,21.644347895746645,Digital Realty,Digital Infrastructure,Data Centers,US,42.1,71,74,67,73,62,1800,1500,5500,75,4200,28,33,88,65,45,True,2040,0,338.54545454545456
DLR,2023-04-30,0.015338561559602004,0.43969967250143976,0.20343776384314238,0.46267435835417015,17.8178946344476,Digital Realty,Digital Infrastructure,Data Centers,US,42.1,71,74,67,73,62,1800,1500,5500,75,4200,28,33,88,65,45,True,2040,0,338.54545454545456
DLR,2023-05-31,0.04219778060866053,0.4762014152754682,0.48335639606283876,1.0150251144953688,17.64409099925648,Digital Realty,Digital Infrastructure,Data Centers,US,42.1,71,74,67,73,62,1800,1500,5500,75,4200,28,33,88,65,45,True,2040,0,338.54545454545456
DLR,2023-06-30,0.11904103254418275,0.1910457873373007,1.428492390530193,7.477225279027585,13.994285628909157,Digital Realty,Digital Infrastructure,Data Centers,US,42.1,71,74,67,73,62,1800,1500,5500,75,4200,28,33,88,65,45,True,2040,0,338.54545454545456
DLR,2023-07-31,0.09475153013084436,0.34218882918784616,1.193869279648639,3.488919502375862,13.943999910354615,Digital Realty,Digital Infrastructure,Data Centers,US,42.1,71,74,67,73,62,1800,1500,5500,75,4200,28,33,88,65,45,True,2040,0,338.54545454545456
DLR,2023-08-31,0.05696177381725298,0.18476219953813963,0.6241029131281631,3.377871202487673,15.853912975477135,Digital Realty,Digital Infrastructure,Data Centers,US,42.1,71,74,67,73,62,1800,1500,5500,75,4200,28,33,88,65,45,True,2040,0,338.54545454545456
DLR,2023-09-30,-0.07281320536057956,0.24104442462020528,-0.9174463875433024,-3.8061298824432486,15.241000032424926,Digital Realty,Digital Infrastructure,Data Centers,US,42.1,71,74,67,73,62,1800,1500,5500,75,4200,28,33,88,65,45,True,2040,0,338.54545454545456
DLR,2023-10-31,0.03130247119879781,0.3117039843764117,0.3585555791862295,1.1503079753810272,18.887727303938433,Digital Realty,Digital Infrastructure,Data Centers,US,42.1,71,74,67,73,62,1800,1500,5500,75,4200,28,33,88,65,45,True,2040,0,338.54545454545456
DLR,2023-11-30,0.1124941048729552,0.2528200307164999,1.3499292584754623,5.339486964896414,14.077142897106352,Digital Realty,Digital Infrastructure,Data Centers,US,42.1,71,74,67,73,62,1800,1500,5500,75,4200,28,33,88,65,45,True,2040,0,338.54545454545456
DLR,2023-12-31,-0.020665341156555495,0.16957131841028747,-0.26038329857259923,-1.5355385628516904,12.718499994277954,Digital Realty,Digital Infrastructure,Data Centers,US,42.1,71,74,67,73,62,1800,1500,5500,75,4200,28,33,88,65,45,True,2040,0,338.54545454545456
DLR,2024-01-31,0.0459019326644673,0.279667607756728,0.5508231919736075,1.9695637846366079,13.395238149733771,Digital Realty,Digital Infrastructure,Data Centers,US,42.1,71,74,67,73,62,1800,1500,5500,75,4200,28,33,88,65,45,True,2040,0,338.54545454545456
DLR,2024-02-29,0.05079160800065741,0.41060313889884886,0.6399742608082832,1.5586199913730796,13.944000101089477,Digital Realty,Digital Infrastructure,Data Centers,US,42.1,71,74,67,73,62,1800,1500,5500,75,4200,28,33,88,65,45,True,2040,0,338.54545454545456
DLR,2024-03-31,-0.008231260304922605,0.24759896334246564,-0.10371387984202482,-0.4188784898043912,13.787499904632568,Digital Realty,Digital Infrastructure,Data Centers,US,42.1,71,74,67,73,62,1800,1500,5500,75,4200,28,33,88,65,45,True,2040,0,338.54545454545456
DLR,2024-04-30,-0.034755980258340036,0.24003276567224396,-0.3981139556864404,-1.6585817130901646,16.137727087194268,Digital Realty,Digital Infrastructure,Data Centers,US,42.1,71,74,67,73,62,1800,1500,5500,75,4200,28,33,88,65,45,True,2040,0,338.54545454545456
DLR,2024-05-31,0.04936101066019205,0.2750571540226636,0.5654079402894726,2.0556016523129053,13.090454535050826,Digital Realty,Digital Infrastructure,Data Centers,US,42.1,71,74,67,73,62,1800,1500,5500,75,4200,28,33,88,65,45,True,2040,0,338.54545454545456
DLR,2024-06-30,0.054380446825460504,0.16699462560148748,0.7212564526324236,4.319039909425678,12.676842037000155,Digital Realty,Digital Infrastructure,Data Centers,US,42.1,71,74,67,73,62,1800,1500,5500,75,4200,28,33,88,65,45,True,2040,0,338.54545454545456
DLR,2024-07-31,-0.014378001695532383,0.24906797453206192,-0.1646934739670073,-0.6612390624544413,14.470000050284646,Digital Realty,Digital Infrastructure,Data Centers,US,42.1,71,74,67,73,62,1800,1500,5500,75,4200,28,33,88,65,45,True,2040,0,338.54545454545456
DLR,2024-08-31,0.01625161188266322,0.22713636483025393,0.18615482701959687,0.8195729783679341,19.31227272207087,Digital Realty,Digital Infrastructure,Data Centers,US,42.1,71,74,67,73,62,1800,1500,5500,75,4200,28,33,88,65,45,True,2040,0,338.54545454545456
DLR,2024-09-30,0.07487401724100651,0.2248784619474911,0.9434126172366819,4.195211088988006,17.768999814987183,Digital Realty,Digital Infrastructure,Data Centers,US,42.1,71,74,67,73,62,1800,1500,5500,75,4200,28,33,88,65,45,True,2040,0,338.54545454545456
DLR,2024-10-31,0.10169365550229649,0.34563958364792063,1.1142087472425528,3.2236144236810587,19.96086958180303,Digital Realty,Digital Infrastructure,Data Centers,US,42.1,71,74,67,73,62,1800,1500,5500,75,4200,28,33,88,65,45,True,2040,0,338.54545454545456
DLR,2024-11-30,0.09617011737225756,0.25635707719944806,1.2117434788904453,4.726779896728571,16.121000051498413,Digital Realty,Digital Infrastructure,Data Centers,US,42.1,71,74,67,73,62,1800,1500,5500,75,4200,28,33,88,65,45,True,2040,0,338.54545454545456
DLR,2024-12-31,-0.09644421373316114,0.20250787336834608,-1.2151970930378304,-6.000739985192977,15.792000102996827,Digital Realty,Digital Infrastructure,Data Centers,US,42.1,71,74,67,73,62,1800,1500,5500,75,4200,28,33,88,65,45,True,2040,0,338.54545454545456
DNNGY,2020-08-31,-0.008762220624473738,0.16502368126728523,-0.10514664749368485,-0.6371609619069225,22.88952382405599,Orsted,Renewable Energy,Offshore Wind,DK,28.4,82,88,75,82,680,110,4500,17200,91,8100,32,40,95,94,88,True,2040,0,45.93023255813954
DNNGY,2020-09-30,-0.016300056408049435,0.23990615703481175,-0.19560067689659322,-0.8153216212296313,27.647619065784273,Orsted,Renewable Energy,Offshore Wind,DK,28.4,82,88,75,82,680,110,4500,17200,91,8100,32,40,95,94,88,True,2040,0,45.93023255813954
DNNGY,2020-10-31,0.14686043356097112,0.3892702111179382,1.6822195116983965,4.321469929248529,29.438636086203836,Orsted,Renewable Energy,Offshore Wind,DK,28.4,82,88,75,82,680,110,4500,17200,91,8100,32,40,95,94,88,True,2040,0,45.93023255813954
DNNGY,2020-11-30,0.1295942148969581,0.36483427576177857,1.6328871077016722,4.475695449097219,24.995500087738037,Orsted,Renewable Energy,Offshore Wind,DK,28.4,82,88,75,82,680,110,4500,17200,91,8100,32,40,95,94,88,True,2040,0,45.93023255813954
DNNGY,2020-12-31,0.1358607875281007,0.34028147978029094,1.5562235662309718,4.5733419498345205,22.374090974981133,Orsted,Renewable Energy,Offshore Wind,DK,28.4,82,88,75,82,680,110,4500,17200,91,8100,32,40,95,94,88,True,2040,0,45.93023255813954
DNNGY,2021-01-31,-0.0692847835501017,0.4984726670857531,-0.9189350239276647,-1.8435013283678776,24.90999984741211,Orsted,Renewable Energy,Offshore Wind,DK,28.4,82,88,75,82,680,110,4500,17200,91,8100,32,40,95,94,88,True,2040,0,45.93023255813954
DNNGY,2021-02-28,-0.15305062877193146,0.3614026713363677,-2.02993465529088,-5.616822498253097,23.140526219418174,Orsted,Renewable Energy,Offshore Wind,DK,28.4,82,88,75,82,680,110,4500,17200,91,8100,32,40,95,94,88,True,2040,0,45.93023255813954
DNNGY,2021-03-31,0.029716270186532775,0.4594399004194403,0.32558696030462,0.7086606104680485,21.843043534652047,Orsted,Renewable Energy,Offshore Wind,DK,28.4,82,88,75,82,680,110,4500,17200,91,8100,32,40,95,94,88,True,2040,0,45.93023255813954
DNNGY,2021-04-30,-0.10466919524420526,0.4190125821259094,-1.2560303429304631,-2.997595768026454,17.416190556117467,Orsted,Renewable Energy,Offshore Wind,DK,28.4,82,88,75,82,680,110,4500,17200,91,8100,32,40,95,94,88,True,2040,0,45.93023255813954
DNNGY,2021-05-31,0.0520579270960988,0.4276017010047516,0.655929881410845,1.5339739759443944,19.7604998588562,Orsted,Renewable Energy,Offshore Wind,DK,28.4,82,88,75,82,680,110,4500,17200,91,8100,32,40,95,94,88,True,2040,0,45.93023255813954
DNNGY,2021-06-30,-0.05869816520628524,0.35453197185691715,-0.6723608014538127,-1.8964743798202937,16.956818147139117,Orsted,Renewable Energy,Offshore Wind,DK,28.4,82,88,75,82,680,110,4500,17200,91,8100,32,40,95,94,88,True,2040,0,45.93023255813954
DNNGY,2021-07-31,0.04282439603427746,0.2834220661377539,0.5138927524113295,1.8131712869581513,17.60333351861863,Orsted,Renewable Energy,Offshore Wind,DK,28.4,82,88,75,82,680,110,4500,17200,91,8100,32,40,95,94,88,True,2040,0,45.93023255813954
DNNGY,2021-08-31,0.07129360344339275,0.2731279186032948,0.8166358212606806,2.9899390199169096,17.47772723978216,Orsted,Renewable Energy,Offshore Wind,DK,28.4,82,88,75,82,680,110,4500,17200,91,8100,32,40,95,94,88,True,2040,0,45.93023255813954
DNNGY,2021-09-30,-0.18230629533226828,0.271362106398039,-2.1876755439872193,-8.061831377363706,19.8247617994036,Orsted,Renewable Energy,Offshore Wind,DK,28.4,82,88,75,82,680,110,4500,17200,91,8100,32,40,95,94,88,True,2040,0,45.93023255813954
DNNGY,2021-10-31,0.06857028822962064,0.3009951749039851,0.8228434587554476,2.73374302102327,17.869047573634557,Orsted,Renewable Energy,Offshore Wind,DK,28.4,82,88,75,82,680,110,4500,17200,91,8100,32,40,95,94,88,True,2040,0,45.93023255813954
DNNGY,2021-11-30,-0.0921336909952496,0.31124718261248246,-1.1056042919429951,-3.552174457172597,18.500476246788388,Orsted,Renewable Energy,Offshore Wind,DK,28.4,82,88,75,82,680,110,4500,17200,91,8100,32,40,95,94,88,True,2040,0,45.93023255813954
DNNGY,2021-12-31,0.0019127391296206442,0.2824410432945419,0.02190955730292738,0.077572144074256,21.354545506564055,Orsted,Renewable Energy,Offshore Wind,DK,28.4,82,88,75,82,680,110,4500,17200,91,8100,32,40,95,94,88,True,2040,0,45.93023255813954
DNNGY,2022-01-31,-0.18258631343772413,0.41937816669563,-2.300587549315324,-5.485711303099405,23.18100004196167,Orsted,Renewable Energy,Offshore Wind,DK,28.4,82,88,75,82,680,110,4500,17200,91,8100,32,40,95,94,88,True,2040,0,45.93023255813954
DNNGY,2022-02-28,0.22965466327563921,0.846939039603188,3.0459460602874255,3.596417118420385,25.74842111687911,Orsted,Renewable Energy,Offshore Wind,DK,28.4,82,88,75,82,680,110,4500,17200,91,8100,32,40,95,94,88,True,2040,0,45.93023255813954
DNNGY,2022-03-31,-0.010476506416265408,0.636677724885859,-0.11478607029995141,-0.18028912558630786,26.968695682028066,Orsted,Renewable Energy,Offshore Wind,DK,28.4,82,88,75,82,680,110,4500,17200,91,8100,32,40,95,94,88,True,2040,0,45.93023255813954
DNNGY,2022-04-30,-0.10695813987155489,0.3046837274931464,-1.3476725623815917,-4.423185227087346,24.37350015640259,Orsted,Renewable Energy,Offshore Wind,DK,28.4,82,88,75,82,680,110,4500,17200,91,8100,32,40,95,94,88,True,2040,0,45.93023255813954
DNNGY,2022-05-31,0.0077642093066619955,0.5047577572179792,0.09317051167994395,0.18458460587800007,29.445714587257022,Orsted,Renewable Energy,Offshore Wind,DK,28.4,82,88,75,82,680,110,4500,17200,91,8100,32,40,95,94,88,True,2040,0,45.93023255813954
DNNGY,2022-06-30,-0.05350475019364709,0.390185488452622,-0.6420570023237651,-1.645517379106031,28.100000018165225,Orsted,Renewable Energy,Offshore Wind,DK,28.4,82,88,75,82,680,110,4500,17200,91,8100,32,40,95,94,88,True,2040,0,45.93023255813954
DNNGY,2022-07-31,0.10783778557652723,0.40924155407527874,1.358756098264243,3.3201811613057846,24.86850004196167,Orsted,Renewable Energy,Offshore Wind,DK,28.4,82,88,75,82,680,110,4500,17200,91,8100,32,40,95,94,88,True,2040,0,45.93023255813954
DNNGY,2022-08-31,-0.16112652964058416,0.4077648395298525,-1.7653863247577046,-4.329422631910029,22.169565366662066,Orsted,Renewable Energy,Offshore Wind,DK,28.4,82,88,75,82,680,110,4500,17200,91,8100,32,40,95,94,88,True,2040,0,45.93023255813954
DNNGY,2022-09-30,-0.20117052994971132,0.45817144153624445,-2.4140463593965356,-5.268871301323935,27.406190418061755,Orsted,Renewable Energy,Offshore Wind,DK,28.4,82,88,75,82,680,110,4500,17200,91,8100,32,40,95,94,88,True,2040,0,45.93023255813954
DNNGY,2022-10-31,0.047535953488230705,0.48844982161735023,0.5704314418587684,1.167840413924119,30.005714416503906,Orsted,Renewable Energy,Offshore Wind,DK,28.4,82,88,75,82,680,110,4500,17200,91,8100,32,40,95,94,88,True,2040,0,45.93023255813954
DNNGY,2022-11-30,0.06260555986918337,0.48639178251071813,0.7512667184302004,1.5445711573337395,23.436190650576638,Orsted,Renewable Energy,Offshore Wind,DK,28.4,82,88,75,82,680,110,4500,17200,91,8100,32,40,95,94,88,True,2040,0,45.93023255813954
DNNGY,2022-12-31,0.045996905622630035,0.383694477406481,0.5519628674715604,1.4385478550602595,21.784285681588308,Orsted,Renewable Energy,Offshore Wind,DK,28.4,82,88,75,82,680,110,4500,17200,91,8100,32,40,95,94,88,True,2040,0,45.93023255813954
DNNGY,2023-01-31,-0.012170667298147864,0.5273336141830107,-0.1533504079566631,-0.29080340003404936,20.202999973297118,Orsted,Renewable Energy,Offshore Wind,DK,28.4,82,88,75,82,680,110,4500,17200,91,8100,32,40,95,94,88,True,2040,0,45.93023255813954
DNNGY,2023-02-28,-0.015912889328516977,0.24935313857124652,-0.2110551637255936,-0.8464106966325181,20.06210537960655,Orsted,Renewable Energy,Offshore Wind,DK,28.4,82,88,75,82,680,110,4500,17200,91,8100,32,40,95,94,88,True,2040,0,45.93023255813954
DNNGY,2023-03-31,0.0026634288258391425,0.3578392839355322,0.029181915830933214,0.08155034156672017,21.644347895746645,Orsted,Renewable Energy,Offshore Wind,DK,28.4,82,88,75,82,680,110,4500,17200,91,8100,32,40,95,94,88,True,2040,0,45.93023255813954
DNNGY,2023-04-30,0.05730913183406772,0.22403444695457203,0.7601000643255297,3.3927821130098663,17.8178946344476,Orsted,Renewable Energy,Offshore Wind,DK,28.4,82,88,75,82,680,110,4500,17200,91,8100,32,40,95,94,88,True,2040,0,45.93023255813954
DNNGY,2023-05-31,-0.015360359645688049,0.32084391401689544,-0.17594593775969947,-0.5483848378387326,17.64409099925648,Orsted,Renewable Energy,Offshore Wind,DK,28.4,82,88,75,82,680,110,4500,17200,91,8100,32,40,95,94,88,True,2040,0,45.93023255813954
DNNGY,2023-06-30,0.08158776817828539,0.38440492490281397,0.9790532181394247,2.5469320362816656,13.994285628909157,Orsted,Renewable Energy,Offshore Wind,DK,28.4,82,88,75,82,680,110,4500,17200,91,8100,32,40,95,94,88,True,2040,0,45.93023255813954
DNNGY,2023-07-31,-0.08186090317290118,0.27530902656046946,-1.0314473799785548,-3.7465076712695633,13.943999910354615,Orsted,Renewable Energy,Offshore Wind,DK,28.4,82,88,75,82,680,110,4500,17200,91,8100,32,40,95,94,88,True,2040,0,45.93023255813954
DNNGY,2023-08-31,-0.26669691919495386,0.8653080117012713,-2.922070592918625,-3.3769138311496487,15.853912975477135,Orsted,Renewable Energy,Offshore Wind,DK,28.4,82,88,75,82,680,110,4500,17200,91,8100,32,40,95,94,88,True,2040,0,45.93023255813954
DNNGY,2023-09-30,-0.15088553147840622,0.5667994068752152,-1.9011576966279184,-3.354198458161886,15.241000032424926,Orsted,Renewable Energy,Offshore Wind,DK,28.4,82,88,75,82,680,110,4500,17200,91,8100,32,40,95,94,88,True,2040,0,45.93023255813954
DNNGY,2023-10-31,-0.10104107718870213,0.6346390431724532,-1.1573796114342245,-1.8236817036164048,18.887727303938433,Orsted,Renewable Energy,Offshore Wind,DK,28.4,82,88,75,82,680,110,4500,17200,91,8100,32,40,95,94,88,True,2040,0,45.93023255813954
DNNGY,2023-11-30,0.03358365375987282,1.1500764876346787,0.40300384511847387,0.3504148197545691,14.077142897106352,Orsted,Renewable Energy,Offshore Wind,DK,28.4,82,88,75,82,680,110,4500,17200,91,8100,32,40,95,94,88,True,2040,0,45.93023255813954
DNNGY,2023-12-31,0.1670596167390147,0.3336160906020922,2.1049511709115856,6.309501340635832,12.718499994277954,Orsted,Renewable Energy,Offshore Wind,DK,28.4,82,88,75,82,680,110,4500,17200,91,8100,32,40,95,94,88,True,2040,0,45.93023255813954
DNNGY,2024-01-31,0.012371368726918464,0.4180603491120893,0.14845642472302156,0.3551076418472248,13.395238149733771,Orsted,Renewable Energy,Offshore Wind,DK,28.4,82,88,75,82,680,110,4500,17200,91,8100,32,40,95,94,88,True,2040,0,45.93023255813954
DNNGY,2024-02-29,0.020006915972942907,0.3841243667899869,0.2520871412590806,0.6562643848024999,13.944000101089477,Orsted,Renewable Energy,Offshore Wind,DK,28.4,82,88,75,82,680,110,4500,17200,91,8100,32,40,95,94,88,True,2040,0,45.93023255813954
DNNGY,2024-03-31,-0.0037038251329499783,0.3688042374792821,-0.04666819667516972,-0.12653920951163514,13.787499904632568,Orsted,Renewable Energy,Offshore Wind,DK,28.4,82,88,75,82,680,110,4500,17200,91,8100,32,40,95,94,88,True,2040,0,45.93023255813954
DNNGY,2024-04-30,-0.00915263752699702,0.3510817586611038,-0.10483930258196587,-0.29861791447605895,16.137727087194268,Orsted,Renewable Energy,Offshore Wind,DK,28.4,82,88,75,82,680,110,4500,17200,91,8100,32,40,95,94,88,True,2040,0,45.93023255813954
DNNGY,2024-05-31,0.11317396832070359,0.4298454864951546,1.2963563644007865,3.0158659451584113,13.090454535050826,Orsted,Renewable Energy,Offshore Wind,DK,28.4,82,88,75,82,680,110,4500,17200,91,8100,32,40,95,94,88,True,2040,0,45.93023255813954
DNNGY,2024-06-30,-0.1452566580132415,0.2815701240229884,-1.9265619904914135,-6.84221025641954,12.676842037000155,Orsted,Renewable Energy,Offshore Wind,DK,28.4,82,88,75,82,680,110,4500,17200,91,8100,32,40,95,94,88,True,2040,0,45.93023255813954
DNNGY,2024-07-31,0.12586020857527236,0.38421821319546245,1.441671480044029,3.7522205625130285,14.470000050284646,Orsted,Renewable Energy,Offshore Wind,DK,28.4,82,88,75,82,680,110,4500,17200,91,8100,32,40,95,94,88,True,2040,0,45.93023255813954
DNNGY,2024-08-31,-0.020520708884341654,0.4245799776461589,-0.23505539267518621,-0.5536186467819715,19.31227272207087,Orsted,Renewable Energy,Offshore Wind,DK,28.4,82,88,75,82,680,110,4500,17200,91,8100,32,40,95,94,88,True,2040,0,45.93023255813954
DNNGY,2024-09-30,0.14255934867267095,0.3527293204125858,1.796247793275654,5.09242552100458,17.768999814987183,Orsted,Renewable Energy,Offshore Wind,DK,28.4,82,88,75,82,680,110,4500,17200,91,8100,32,40,95,94,88,True,2040,0,45.93023255813954
DNNGY,2024-10-31,-0.12371001867487574,0.3263870658622003,-1.3554315089595081,-4.152834627128783,19.96086958180303,Orsted,Renewable Energy,Offshore Wind,DK,28.4,82,88,75,82,680,110,4500,17200,91,8100,32,40,95,94,88,True,2040,0,45.93023255813954
DNNGY,2024-11-30,-0.03635751631624651,0.6059169174522077,-0.45810470558470595,-0.7560520137166156,16.121000051498413,Orsted,Renewable Energy,Offshore Wind,DK,28.4,82,88,75,82,680,110,4500,17200,91,8100,32,40,95,94,88,True,2040,0,45.93023255813954
DNNGY,2024-12-31,-0.19916131015007388,0.22527494699318146,-2.509432507890931,-11.139421144628592,15.792000102996827,Orsted,Renewable Energy,Offshore Wind,DK,28.4,82,88,75,82,680,110,4500,17200,91,8100,32,40,95,94,88,True,2040,0,45.93023255813954
DUK,2020-08-31,-0.040446013220552746,0.1827544025109574,-0.48535215864663295,-2.6557617872846193,22.88952382405599,Duke Energy,Utilities,Electric Utility,US,82.5,66,60,65,72,54000,1200,8500,29100,18,27600,26,35,93,45,22,True,2050,2,1896.9072164948452
DUK,2020-09-30,0.10152867719186254,0.31791387984981245,1.2183441263023504,3.8323086959207804,27.647619065784273,Duke Energy,Utilities,Electric Utility,US,82.5,66,60,65,72,54000,1200,8500,29100,18,27600,26,35,93,45,22,True,2050,2,1896.9072164948452
DUK,2020-10-31,0.040469205456399204,0.16482327195097107,0.4635563534096636,2.8124447957055163,29.438636086203836,Duke Energy,Utilities,Electric Utility,US,82.5,66,60,65,72,54000,1200,8500,29100,18,27600,26,35,93,45,22,True,2050,2,1896.9072164948452
DUK,2020-11-30,0.018446963622862467,0.2586985180957698,0.23243174164806707,0.898465686463736,24.995500087738037,Duke Energy,Utilities,Electric Utility,US,82.5,66,60,65,72,54000,1200,8500,29100,18,27600,26,35,93,45,22,True,2050,2,1896.9072164948452
DUK,2020-12-31,-0.011028878105685092,0.1475561303663435,-0.12633078557421104,-0.8561540971599388,22.374090974981133,Duke Energy,Utilities,Electric Utility,US,82.5,66,60,65,72,54000,1200,8500,29100,18,27600,26,35,93,45,22,True,2050,2,1896.9072164948452
DUK,2021-01-31,0.02822566232235746,0.2319907789579703,0.3743614160649516,1.6136909309346927,24.90999984741211,Duke Energy,Utilities,Electric Utility,US,82.5,66,60,65,72,54000,1200,8500,29100,18,27600,26,35,93,45,22,True,2050,2,1896.9072164948452
DUK,2021-02-28,-0.08221272009179802,0.16494512582159115,-1.0904002875333212,-6.610685111803339,23.140526219418174,Duke Energy,Utilities,Electric Utility,US,82.5,66,60,65,72,54000,1200,8500,29100,18,27600,26,35,93,45,22,True,2050,2,1896.9072164948452
DUK,2021-03-31,0.12158709938553702,0.1506591406724442,1.3321716976154492,8.842289234290751,21.843043534652047,Duke Energy,Utilities,Electric Utility,US,82.5,66,60,65,72,54000,1200,8500,29100,18,27600,26,35,93,45,22,True,2050,2,1896.9072164948452
DUK,2021-04-30,0.0426732248819216,0.1051777514722555,0.5120786985830592,4.868697908208646,17.416190556117467,Duke Energy,Utilities,Electric Utility,US,82.5,66,60,65,72,54000,1200,8500,29100,18,27600,26,35,93,45,22,True,2050,2,1896.9072164948452
DUK,2021-05-31,0.006424844743114333,0.2015742667301337,0.08095304376324058,0.40160405927022413,19.7604998588562,Duke Energy,Utilities,Electric Utility,US,82.5,66,60,65,72,54000,1200,8500,29100,18,27600,26,35,93,45,22,True,2050,2,1896.9072164948452
DUK,2021-06-30,-0.01387292478381541,0.16928949749344926,-0.1589080475237038,-0.9386763495464496,16.956818147139117,Duke Energy,Utilities,Electric Utility,US,82.5,66,60,65,72,54000,1200,8500,29100,18,27600,26,35,93,45,22,True,2050,2,1896.9072164948452
DUK,2021-07-31,0.06333086780638064,0.1143971361024671,0.7599704136765677,6.643264329588213,17.60333351861863,Duke Energy,Utilities,Electric Utility,US,82.5,66,60,65,72,54000,1200,8500,29100,18,27600,26,35,93,45,22,True,2050,2,1896.9072164948452
DUK,2021-08-31,0.00547178196095055,0.1124255342160066,0.06267677518906994,0.557495907189973,17.47772723978216,Duke Energy,Utilities,Electric Utility,US,82.5,66,60,65,72,54000,1200,8500,29100,18,27600,26,35,93,45,22,True,2050,2,1896.9072164948452
DUK,2021-09-30,-0.06873450433475226,0.16582261084844582,-0.8248140520170271,-4.974074692207499,19.8247617994036,Duke Energy,Utilities,Electric Utility,US,82.5,66,60,65,72,54000,1200,8500,29100,18,27600,26,35,93,45,22,True,2050,2,1896.9072164948452
DUK,2021-10-31,0.04529296305874897,0.15512829122187358,0.5435155567049876,3.5036520574291625,17.869047573634557,Duke Energy,Utilities,Electric Utility,US,82.5,66,60,65,72,54000,1200,8500,29100,18,27600,26,35,93,45,22,True,2050,2,1896.9072164948452
DUK,2021-11-30,-0.03930587745854763,0.1734812867430437,-0.4716705295025716,-2.718855378339444,18.500476246788388,Duke Energy,Utilities,Electric Utility,US,82.5,66,60,65,72,54000,1200,8500,29100,18,27600,26,35,93,45,22,True,2050,2,1896.9072164948452
DUK,2021-12-31,0.07911820086682586,0.1376390120096592,0.9062630281109144,6.5843470893798255,21.354545506564055,Duke Energy,Utilities,Electric Utility,US,82.5,66,60,65,72,54000,1200,8500,29100,18,27600,26,35,93,45,22,True,2050,2,1896.9072164948452
DUK,2022-01-31,0.0022230089851541512,0.1358995702171799,0.028009913212942307,0.2061074451389354,23.18100004196167,Duke Energy,Utilities,Electric Utility,US,82.5,66,60,65,72,54000,1200,8500,29100,18,27600,26,35,93,45,22,True,2050,2,1896.9072164948452
DUK,2022-02-28,-0.03307249554022618,0.2478661049975704,-0.43864573032299986,-1.769688236829717,25.74842111687911,Duke Energy,Utilities,Electric Utility,US,82.5,66,60,65,72,54000,1200,8500,29100,18,27600,26,35,93,45,22,True,2050,2,1896.9072164948452
DUK,2022-03-31,0.10736816366532842,0.14598979459884331,1.1763816192896854,8.057971603578144,26.968695682028066,Duke Energy,Utilities,Electric Utility,US,82.5,66,60,65,72,54000,1200,8500,29100,18,27600,26,35,93,45,22,True,2050,2,1896.9072164948452
DUK,2022-04-30,-0.012367727322425859,0.17438810105547528,-0.15583336426256583,-0.8936009012047965,24.37350015640259,Duke Energy,Utilities,Electric Utility,US,82.5,66,60,65,72,54000,1200,8500,29100,18,27600,26,35,93,45,22,True,2050,2,1896.9072164948452
DUK,2022-05-31,0.031312955913165075,0.16595757044622578,0.3757554709579809,2.2641658946178334,29.445714587257022,Duke Energy,Utilities,Electric Utility,US,82.5,66,60,65,72,54000,1200,8500,29100,18,27600,26,35,93,45,22,True,2050,2,1896.9072164948452
DUK,2022-06-30,-0.04563436330374104,0.2576977076524957,-0.5476123596448925,-2.1250183582670648,28.100000018165225,Duke Energy,Utilities,Electric Utility,US,82.5,66,60,65,72,54000,1200,8500,29100,18,27600,26,35,93,45,22,True,2050,2,1896.9072164948452
DUK,2022-07-31,0.027082772927410348,0.2306636997519149,0.3412429388853704,1.4793959311863396,24.86850004196167,Duke Energy,Utilities,Electric Utility,US,82.5,66,60,65,72,54000,1200,8500,29100,18,27600,26,35,93,45,22,True,2050,2,1896.9072164948452
DUK,2022-08-31,-0.01789565485952327,0.1335923370289867,-0.1960741315043419,-1.4677049287774488,22.169565366662066,Duke Energy,Utilities,Electric Utility,US,82.5,66,60,65,72,54000,1200,8500,29100,18,27600,26,35,93,45,22,True,2050,2,1896.9072164948452
DUK,2022-09-30,-0.13537060359823105,0.28913189857730326,-1.6244472431787726,-5.618360517023531,27.406190418061755,Duke Energy,Utilities,Electric Utility,US,82.5,66,60,65,72,54000,1200,8500,29100,18,27600,26,35,93,45,22,True,2050,2,1896.9072164948452
DUK,2022-10-31,0.006452511453731158,0.3445475938073237,0.0774301374447739,0.22472987429444657,30.005714416503906,Duke Energy,Utilities,Electric Utility,US,82.5,66,60,65,72,54000,1200,8500,29100,18,27600,26,35,93,45,22,True,2050,2,1896.9072164948452
DUK,2022-11-30,0.08222794401042177,0.21510998228542963,0.9867353281250613,4.587120121723413,23.436190650576638,Duke Energy,Utilities,Electric Utility,US,82.5,66,60,65,72,54000,1200,8500,29100,18,27600,26,35,93,45,22,True,2050,2,1896.9072164948452
DUK,2022-12-31,0.03118402707477519,0.15882218051207891,0.37420832489730227,2.3561465010162266,21.784285681588308,Duke Energy,Utilities,Electric Utility,US,82.5,66,60,65,72,54000,1200,8500,29100,18,27600,26,35,93,45,22,True,2050,2,1896.9072164948452
DUK,2023-01-31,-0.004587120071924855,0.13315559242777894,-0.05779771290625317,-0.4340614753946707,20.202999973297118,Duke Energy,Utilities,Electric Utility,US,82.5,66,60,65,72,54000,1200,8500,29100,18,27600,26,35,93,45,22,True,2050,2,1896.9072164948452
DUK,2023-02-28,-0.07198148804104254,0.1688405007282307,-0.954701841386459,-5.654459903096162,20.06210537960655,Duke Energy,Utilities,Electric Utility,US,82.5,66,60,65,72,54000,1200,8500,29100,18,27600,26,35,93,45,22,True,2050,2,1896.9072164948452
DUK,2023-03-31,0.02604580900271103,0.2556828937186495,0.2853714725514426,1.1161148421038367,21.644347895746645,Duke Energy,Utilities,Electric Utility,US,82.5,66,60,65,72,54000,1200,8500,29100,18,27600,26,35,93,45,22,True,2050,2,1896.9072164948452
DUK,2023-04-30,0.02576069633554989,0.17334977978708024,0.341668182976767,1.9709755812578857,17.8178946344476,Duke Energy,Utilities,Electric Utility,US,82.5,66,60,65,72,54000,1200,8500,29100,18,27600,26,35,93,45,22,True,2050,2,1896.9072164948452
DUK,2023-05-31,-0.09066250546929633,0.15276555387429172,-1.0384977899210306,-6.79798399301189,17.64409099925648,Duke Energy,Utilities,Electric Utility,US,82.5,66,60,65,72,54000,1200,8500,29100,18,27600,26,35,93,45,22,True,2050,2,1896.9072164948452
DUK,2023-06-30,0.006098101455405014,0.16438118785567107,0.07317721746486017,0.44516783471056776,13.994285628909157,Duke Energy,Utilities,Electric Utility,US,82.5,66,60,65,72,54000,1200,8500,29100,18,27600,26,35,93,45,22,True,2050,2,1896.9072164948452
DUK,2023-07-31,0.043528862286613124,0.1753348433270601,0.5484636648113254,3.128092821734531,13.943999910354615,Duke Energy,Utilities,Electric Utility,US,82.5,66,60,65,72,54000,1200,8500,29100,18,27600,26,35,93,45,22,True,2050,2,1896.9072164948452
DUK,2023-08-31,-0.04019099913796087,0.1783440177904235,-0.44035355577244084,-2.4691243430991405,15.853912975477135,Duke Energy,Utilities,Electric Utility,US,82.5,66,60,65,72,54000,1200,8500,29100,18,27600,26,35,93,45,22,True,2050,2,1896.9072164948452
DUK,2023-09-30,-0.004516068221201319,0.2050007845949117,-0.05690245958713662,-0.27757191124696307,15.241000032424926,Duke Energy,Utilities,Electric Utility,US,82.5,66,60,65,72,54000,1200,8500,29100,18,27600,26,35,93,45,22,True,2050,2,1896.9072164948452
DUK,2023-10-31,0.008893628722986269,0.20601821325841937,0.10187247446329725,0.49448285591873037,18.887727303938433,Duke Energy,Utilities,Electric Utility,US,82.5,66,60,65,72,54000,1200,8500,29100,18,27600,26,35,93,45,22,True,2050,2,1896.9072164948452
DUK,2023-11-30,0.0500999681205171,0.16812605274335293,0.6011996174462051,3.575886114235643,14.077142897106352,Duke Energy,Utilities,Electric Utility,US,82.5,66,60,65,72,54000,1200,8500,29100,18,27600,26,35,93,45,22,True,2050,2,1896.9072164948452
DUK,2023-12-31,0.05122175538077023,0.15170944712234585,0.6453941177977048,4.254145869223475,12.718499994277954,Duke Energy,Utilities,Electric Utility,US,82.5,66,60,65,72,54000,1200,8500,29100,18,27600,26,35,93,45,22,True,2050,2,1896.9072164948452
DUK,2024-01-31,-0.011773744659457795,0.1391113788293173,-0.14128493591349356,-1.0156245815580847,13.395238149733771,Duke Energy,Utilities,Electric Utility,US,82.5,66,60,65,72,54000,1200,8500,29100,18,27600,26,35,93,45,22,True,2050,2,1896.9072164948452
DUK,2024-02-29,-0.02959493080438036,0.21403032220582952,-0.3728961281351926,-1.7422584066223308,13.944000101089477,Duke Energy,Utilities,Electric Utility,US,82.5,66,60,65,72,54000,1200,8500,29100,18,27600,26,35,93,45,22,True,2050,2,1896.9072164948452
DUK,2024-03-31,0.05268372314733161,0.14964287759218925,0.6638149116563783,4.435994030169778,13.787499904632568,Duke Energy,Utilities,Electric Utility,US,82.5,66,60,65,72,54000,1200,8500,29100,18,27600,26,35,93,45,22,True,2050,2,1896.9072164948452
DUK,2024-04-30,0.017083475833452932,0.1683275980933635,0.1956834504559154,1.1625155510588279,16.137727087194268,Duke Energy,Utilities,Electric Utility,US,82.5,66,60,65,72,54000,1200,8500,29100,18,27600,26,35,93,45,22,True,2050,2,1896.9072164948452
DUK,2024-05-31,0.06366398947755936,0.1533700068370376,0.7292420612884072,4.754789259827438,13.090454535050826,Duke Energy,Utilities,Electric Utility,US,82.5,66,60,65,72,54000,1200,8500,29100,18,27600,26,35,93,45,22,True,2050,2,1896.9072164948452
DUK,2024-06-30,-0.03209973847540182,0.1351780694117953,-0.42574389977901356,-3.1495042178924932,12.676842037000155,Duke Energy,Utilities,Electric Utility,US,82.5,66,60,65,72,54000,1200,8500,29100,18,27600,26,35,93,45,22,True,2050,2,1896.9072164948452
DUK,2024-07-31,0.08716777788547614,0.12454002092310366,0.9984672739609086,8.017240294004809,14.470000050284646,Duke Energy,Utilities,Electric Utility,US,82.5,66,60,65,72,54000,1200,8500,29100,18,27600,26,35,93,45,22,True,2050,2,1896.9072164948452
DUK,2024-08-31,0.05247932085558715,0.1699057440653048,0.6011267661639983,3.5380014340948347,19.31227272207087,Duke Energy,Utilities,Electric Utility,US,82.5,66,60,65,72,54000,1200,8500,29100,18,27600,26,35,93,45,22,True,2050,2,1896.9072164948452
DUK,2024-09-30,0.012395214249031117,0.12776681405208598,0.1561796995377921,1.222380793451758,17.768999814987183,Duke Energy,Utilities,Electric Utility,US,82.5,66,60,65,72,54000,1200,8500,29100,18,27600,26,35,93,45,22,True,2050,2,1896.9072164948452
DUK,2024-10-31,0.0017269145562816002,0.21273209069443383,0.01892097687752014,0.08894274867395552,19.96086958180303,Duke Energy,Utilities,Electric Utility,US,82.5,66,60,65,72,54000,1200,8500,29100,18,27600,26,35,93,45,22,True,2050,2,1896.9072164948452
DUK,2024-11-30,0.026233614471952382,0.1932631251356815,0.3305435423466,1.7103290765609838,16.121000051498413,Duke Energy,Utilities,Electric Utility,US,82.5,66,60,65,72,54000,1200,8500,29100,18,27600,26,35,93,45,22,True,2050,2,1896.9072164948452
DUK,2024-12-31,-0.08216727054764972,0.1470990081993527,-1.0353076089003865,-7.03816852046554,15.792000102996827,Duke Energy,Utilities,Electric Utility,US,82.5,66,60,65,72,54000,1200,8500,29100,18,27600,26,35,93,45,22,True,2050,2,1896.9072164948452
ENPH,2020-08-31,0.26686258912488714,0.7015255731578189,3.2023510694986457,4.5648386773467315,22.88952382405599,Enphase Energy,Renewable Energy,Solar Technology,US,16.5,66,72,60,65,5,18,420,2290,55,3400,22,25,85,95,82,False,2040,0,10.043668122270743
ENPH,2020-09-30,0.0893561228163835,0.7367921555004083,1.072273473796602,1.4553269409720362,27.647619065784273,Enphase Energy,Renewable Energy,Solar Technology,US,16.5,66,72,60,65,5,18,420,2290,55,3400,22,25,85,95,82,False,2040,0,10.043668122270743
ENPH,2020-10-31,0.19783984976634608,0.7717084404875588,2.266165551869055,2.936556648826221,29.438636086203836,Enphase Energy,Renewable Energy,Solar Technology,US,16.5,66,72,60,65,5,18,420,2290,55,3400,22,25,85,95,82,False,2040,0,10.043668122270743
ENPH,2020-11-30,0.35269772438199265,0.7219583535762578,4.443991327213108,6.1554677014256685,24.995500087738037,Enphase Energy,Renewable Energy,Solar Technology,US,16.5,66,72,60,65,5,18,420,2290,55,3400,22,25,85,95,82,False,2040,0,10.043668122270743
ENPH,2020-12-31,0.26655744771283185,0.5944805672292454,3.0532944010742558,5.136070999435773,22.374090974981133,Enphase Energy,Renewable Energy,Solar Technology,US,16.5,66,72,60,65,5,18,420,2290,55,3400,22,25,85,95,82,False,2040,0,10.043668122270743
ENPH,2021-01-31,0.06716164450368856,0.9010034256781195,0.8907754955226062,0.9886482893804587,24.90999984741211,Enphase Energy,Renewable Energy,Solar Technology,US,16.5,66,72,60,65,5,18,420,2290,55,3400,22,25,85,95,82,False,2040,0,10.043668122270743
ENPH,2021-02-28,-0.015088872068939163,0.7363948120851871,-0.2001260927038247,-0.2717646694673806,23.140526219418174,Enphase Energy,Renewable Energy,Solar Technology,US,16.5,66,72,60,65,5,18,420,2290,55,3400,22,25,85,95,82,False,2040,0,10.043668122270743
ENPH,2021-03-31,-0.03935574649340701,0.9922567623610571,-0.43120209201472026,-0.43456704793694995,21.843043534652047,Enphase Energy,Renewable Energy,Solar Technology,US,16.5,66,72,60,65,5,18,420,2290,55,3400,22,25,85,95,82,False,2040,0,10.043668122270743
ENPH,2021-04-30,-0.12646667427088676,0.7818805333061452,-1.517600091250641,-1.940961600404016,17.416190556117467,Enphase Energy,Renewable Energy,Solar Technology,US,16.5,66,72,60,65,5,18,420,2290,55,3400,22,25,85,95,82,False,2040,0,10.043668122270743
ENPH,2021-05-31,0.040033985305956477,0.5932712275962866,0.5044282148550515,0.8502489104331019,19.7604998588562,Enphase Energy,Renewable Energy,Solar Technology,US,16.5,66,72,60,65,5,18,420,2290,55,3400,22,25,85,95,82,False,2040,0,10.043668122270743
ENPH,2021-06-30,0.2599831602701088,0.46492759399398004,2.977988926730337,6.405274638891183,16.956818147139117,Enphase Energy,Renewable Energy,Solar Technology,US,16.5,66,72,60,65,5,18,420,2290,55,3400,22,25,85,95,82,False,2040,0,10.043668122270743
ENPH,2021-07-31,0.04086200591534639,0.4704753128282052,0.49034407098415667,1.0422312449010616,17.60333351861863,Enphase Energy,Renewable Energy,Solar Technology,US,16.5,66,72,60,65,5,18,420,2290,55,3400,22,25,85,95,82,False,2040,0,10.043668122270743
ENPH,2021-08-31,-0.07990488058888034,0.4191595175632331,-0.9152740867453567,-2.1835937116882507,17.47772723978216,Enphase Energy,Renewable Energy,Solar Technology,US,16.5,66,72,60,65,5,18,420,2290,55,3400,22,25,85,95,82,False,2040,0,10.043668122270743
ENPH,2021-09-30,-0.14203802036156377,0.33557361093942467,-1.7044562443387652,-5.07923206347248,19.8247617994036,Enphase Energy,Renewable Energy,Solar Technology,US,16.5,66,72,60,65,5,18,420,2290,55,3400,22,25,85,95,82,False,2040,0,10.043668122270743
ENPH,2021-10-31,0.4721137961888613,0.9574938115393268,5.6653655542663355,5.916869107653386,17.869047573634557,Enphase Energy,Renewable Energy,Solar Technology,US,16.5,66,72,60,65,5,18,420,2290,55,3400,22,25,85,95,82,False,2040,0,10.043668122270743
ENPH,2021-11-30,0.08636355552644048,0.5036620215001912,1.0363626663172858,2.0576549790877814,18.500476246788388,Enphase Energy,Renewable Energy,Solar Technology,US,16.5,66,72,60,65,5,18,420,2290,55,3400,22,25,85,95,82,False,2040,0,10.043668122270743
ENPH,2021-12-31,-0.29847319636625924,0.524393959812632,-3.4188747947407876,-6.519668525477228,21.354545506564055,Enphase Energy,Renewable Energy,Solar Technology,US,16.5,66,72,60,65,5,18,420,2290,55,3400,22,25,85,95,82,False,2040,0,10.043668122270743
ENPH,2022-01-31,-0.24004197060717614,0.7740309139704907,-3.024528829650419,-3.907503918849586,23.18100004196167,Enphase Energy,Renewable Energy,Solar Technology,US,16.5,66,72,60,65,5,18,420,2290,55,3400,22,25,85,95,82,False,2040,0,10.043668122270743
ENPH,2022-02-28,0.20828878765915926,1.03031714858943,2.762567078426744,2.681278363859977,25.74842111687911,Enphase Energy,Renewable Energy,Solar Technology,US,16.5,66,72,60,65,5,18,420,2290,55,3400,22,25,85,95,82,False,2040,0,10.043668122270743
ENPH,2022-03-31,0.2091861428966393,0.6355224993387035,2.291952522171874,3.606406578141258,26.968695682028066,Enphase Energy,Renewable Energy,Solar Technology,US,16.5,66,72,60,65,5,18,420,2290,55,3400,22,25,85,95,82,False,2040,0,10.043668122270743
ENPH,2022-04-30,-0.2009717110531647,0.7374620182790343,-2.532243559269875,-3.4337274279958203,24.37350015640259,Enphase Energy,Renewable Energy,Solar Technology,US,16.5,66,72,60,65,5,18,420,2290,55,3400,22,25,85,95,82,False,2040,0,10.043668122270743
ENPH,2022-05-31,0.1795494917501942,0.9540391907614411,2.1545939010023303,2.2583913971948033,29.445714587257022,Enphase Energy,Renewable Energy,Solar Technology,US,16.5,66,72,60,65,5,18,420,2290,55,3400,22,25,85,95,82,False,2040,0,10.043668122270743
ENPH,2022-06-30,0.07625272957845652,0.8476346813282337,0.9150327549414783,1.0795131146682584,28.100000018165225,Enphase Energy,Renewable Energy,Solar Technology,US,16.5,66,72,60,65,5,18,420,2290,55,3400,22,25,85,95,82,False,2040,0,10.043668122270743
ENPH,2022-07-31,0.4050976785495455,0.8528533798572531,5.104230749724273,5.9848865822383175,24.86850004196167,Enphase Energy,Renewable Energy,Solar Technology,US,16.5,66,72,60,65,5,18,420,2290,55,3400,22,25,85,95,82,False,2040,0,10.043668122270743
ENPH,2022-08-31,0.014544794575299556,0.38888783458706017,0.159360357955456,0.40978488855192013,22.169565366662066,Enphase Energy,Renewable Energy,Solar Technology,US,16.5,66,72,60,65,5,18,420,2290,55,3400,22,25,85,95,82,False,2040,0,10.043668122270743
ENPH,2022-09-30,-0.019220155436965203,0.5646038222106574,-0.23064186524358243,-0.4085021322394244,27.406190418061755,Enphase Energy,Renewable Energy,Solar Technology,US,16.5,66,72,60,65,5,18,420,2290,55,3400,22,25,85,95,82,False,2040,0,10.043668122270743
ENPH,2022-10-31,0.11678258817924536,0.6230608689726014,1.4013910581509443,2.2492040953587304,30.005714416503906,Enphase Energy,Renewable Energy,Solar Technology,US,16.5,66,72,60,65,5,18,420,2290,55,3400,22,25,85,95,82,False,2040,0,10.043668122270743
ENPH,2022-11-30,0.0567737440929188,0.5840329173580954,0.6812849291150256,1.166518031546672,23.436190650576638,Enphase Energy,Renewable Energy,Solar Technology,US,16.5,66,72,60,65,5,18,420,2290,55,3400,22,25,85,95,82,False,2040,0,10.043668122270743
ENPH,2022-12-31,-0.1761682075014256,0.5814249894230424,-2.114018490017107,-3.6359264367272592,21.784285681588308,Enphase Energy,Renewable Energy,Solar Technology,US,16.5,66,72,60,65,5,18,420,2290,55,3400,22,25,85,95,82,False,2040,0,10.043668122270743
ENPH,2023-01-31,-0.16618383255791525,0.5709534971002661,-2.093916290229732,-3.6674025132768664,20.202999973297118,Enphase Energy,Renewable Energy,Solar Technology,US,16.5,66,72,60,65,5,18,420,2290,55,3400,22,25,85,95,82,False,2040,0,10.043668122270743
ENPH,2023-02-28,-0.041422229428895396,0.4938981961004706,-0.5493895692674547,-1.1123538688845422,20.06210537960655,Enphase Energy,Renewable Energy,Solar Technology,US,16.5,66,72,60,65,5,18,420,2290,55,3400,22,25,85,95,82,False,2040,0,10.043668122270743
ENPH,2023-03-31,0.012814769769338263,0.5657469785358978,0.1404053035597062,0.24817685093619496,21.644347895746645,Enphase Energy,Renewable Energy,Solar Technology,US,16.5,66,72,60,65,5,18,420,2290,55,3400,22,25,85,95,82,False,2040,0,10.043668122270743
ENPH,2023-04-30,-0.1995474535618249,1.0569727432494715,-2.6466293840831514,-2.5039712717156433,17.8178946344476,Enphase Energy,Renewable Energy,Solar Technology,US,16.5,66,72,60,65,5,18,420,2290,55,3400,22,25,85,95,82,False,2040,0,10.043668122270743
ENPH,2023-05-31,0.06406734637232625,0.4009442089291382,0.7338623311739189,1.8303352806465394,17.64409099925648,Enphase Energy,Renewable Energy,Solar Technology,US,16.5,66,72,60,65,5,18,420,2290,55,3400,22,25,85,95,82,False,2040,0,10.043668122270743
ENPH,2023-06-30,-0.0312887947347783,0.394537634705896,-0.37546553681733963,-0.9516596232884768,13.994285628909157,Enphase Energy,Renewable Energy,Solar Technology,US,16.5,66,72,60,65,5,18,420,2290,55,3400,22,25,85,95,82,False,2040,0,10.043668122270743
ENPH,2023-07-31,-0.08536846184697644,0.5758285623577593,-1.075642619271903,-1.8679910820464165,13.943999910354615,Enphase Energy,Renewable Energy,Solar Technology,US,16.5,66,72,60,65,5,18,420,2290,55,3400,22,25,85,95,82,False,2040,0,10.043668122270743
ENPH,2023-08-31,-0.17539242277445166,0.37203639285784057,-1.9216908930070355,-5.165330408257495,15.853912975477135,Enphase Energy,Renewable Energy,Solar Technology,US,16.5,66,72,60,65,5,18,420,2290,55,3400,22,25,85,95,82,False,2040,0,10.043668122270743
ENPH,2023-09-30,-0.04729805523743236,0.3400298797788538,-0.5959554959916477,-1.752656255912689,15.241000032424926,Enphase Energy,Renewable Energy,Solar Technology,US,16.5,66,72,60,65,5,18,420,2290,55,3400,22,25,85,95,82,False,2040,0,10.043668122270743
ENPH,2023-10-31,-0.3795623623300345,0.8000977906340279,-4.347714332144031,-5.433978674905148,18.887727303938433,Enphase Energy,Renewable Energy,Solar Technology,US,16.5,66,72,60,65,5,18,420,2290,55,3400,22,25,85,95,82,False,2040,0,10.043668122270743
ENPH,2023-11-30,0.25670935129406625,0.6724693136193547,3.080512215528795,4.58089633703716,14.077142897106352,Enphase Energy,Renewable Energy,Solar Technology,US,16.5,66,72,60,65,5,18,420,2290,55,3400,22,25,85,95,82,False,2040,0,10.043668122270743
ENPH,2023-12-31,0.28894223269845376,0.713434916998107,3.640672132000517,5.103019273740112,12.718499994277954,Enphase Energy,Renewable Energy,Solar Technology,US,16.5,66,72,60,65,5,18,420,2290,55,3400,22,25,85,95,82,False,2040,0,10.043668122270743
ENPH,2024-01-31,-0.22977149702264474,0.42184615596050057,-2.757257964271737,-6.536169466789955,13.395238149733771,Enphase Energy,Renewable Energy,Solar Technology,US,16.5,66,72,60,65,5,18,420,2290,55,3400,22,25,85,95,82,False,2040,0,10.043668122270743
ENPH,2024-02-29,0.22411924877528466,0.8279398137163902,2.8239025345685866,3.410758231196635,13.944000101089477,Enphase Energy,Renewable Energy,Solar Technology,US,16.5,66,72,60,65,5,18,420,2290,55,3400,22,25,85,95,82,False,2040,0,10.043668122270743
ENPH,2024-03-31,-0.03543004326553456,0.5934436042150076,-0.4464185451457354,-0.7522510007269296,13.787499904632568,Enphase Energy,Renewable Energy,Solar Technology,US,16.5,66,72,60,65,5,18,420,2290,55,3400,22,25,85,95,82,False,2040,0,10.043668122270743
ENPH,2024-04-30,-0.09233750147125962,0.5755491258852188,-1.0576841077617012,-1.8376956200479646,16.137727087194268,Enphase Energy,Renewable Energy,Solar Technology,US,16.5,66,72,60,65,5,18,420,2290,55,3400,22,25,85,95,82,False,2040,0,10.043668122270743
ENPH,2024-05-31,0.17665748265122685,0.5864407948160224,2.023531164914053,3.4505293335687415,13.090454535050826,Enphase Energy,Renewable Energy,Solar Technology,US,16.5,66,72,60,65,5,18,420,2290,55,3400,22,25,85,95,82,False,2040,0,10.043668122270743
ENPH,2024-06-30,-0.23372751094973507,0.612081016829907,-3.0999648820701706,-5.0646316367162045,12.676842037000155,Enphase Energy,Renewable Energy,Solar Technology,US,16.5,66,72,60,65,5,18,420,2290,55,3400,22,25,85,95,82,False,2040,0,10.043668122270743
ENPH,2024-07-31,0.1647419939817082,0.7143440152324221,1.8870446583359302,2.641646906948542,14.470000050284646,Enphase Energy,Renewable Energy,Solar Technology,US,16.5,66,72,60,65,5,18,420,2290,55,3400,22,25,85,95,82,False,2040,0,10.043668122270743
ENPH,2024-08-31,0.059746024016271715,0.47887983217829316,0.6843635478227488,1.429092439975529,19.31227272207087,Enphase Energy,Renewable Energy,Solar Technology,US,16.5,66,72,60,65,5,18,420,2290,55,3400,22,25,85,95,82,False,2040,0,10.043668122270743
ENPH,2024-09-30,-0.05760443508021662,0.5358587537785293,-0.7258158820107293,-1.3544910424486774,17.768999814987183,Enphase Energy,Renewable Energy,Solar Technology,US,16.5,66,72,60,65,5,18,420,2290,55,3400,22,25,85,95,82,False,2040,0,10.043668122270743
ENPH,2024-10-31,-0.28654507902430626,0.6478806347325848,-3.13953738757066,-4.845857738696751,19.96086958180303,Enphase Energy,Renewable Energy,Solar Technology,US,16.5,66,72,60,65,5,18,420,2290,55,3400,22,25,85,95,82,False,2040,0,10.043668122270743
ENPH,2024-11-30,-0.11804163808482826,0.9148636516500563,-1.487324639868836,-1.6257336677288292,16.121000051498413,Enphase Energy,Renewable Energy,Solar Technology,US,16.5,66,72,60,65,5,18,420,2290,55,3400,22,25,85,95,82,False,2040,0,10.043668122270743
ENPH,2024-12-31,-0.0031517543083038335,0.5968862521300424,-0.039712104284628305,-0.06653211418911406,15.792000102996827,Enphase Energy,Renewable Energy,Solar Technology,US,16.5,66,72,60,65,5,18,420,2290,55,3400,22,25,85,95,82,False,2040,0,10.043668122270743
EQIX,2020-08-31,0.010548306585229872,0.20281338647059793,0.12657967902275846,0.6241189559798058,22.88952382405599,Equinix,Digital Infrastructure,Data Centers,US,78.2,75,78,70,76,85,1450,2100,8200,96,13500,31,36,92,68,52,True,2030,0,187.1951219512195
EQIX,2020-09-30,-0.03543455773397397,0.2640317033067329,-0.42521469280768764,-1.6104683168055163,27.647619065784273,Equinix,Digital Infrastructure,Data Centers,US,78.2,75,78,70,76,85,1450,2100,8200,96,13500,31,36,92,68,52,True,2030,0,187.1951219512195
EQIX,2020-10-31,-0.03671956749261629,0.2183945453402529,-0.42060595491542296,-1.9258995423174605,29.438636086203836,Equinix,Digital Infrastructure,Data Centers,US,78.2,75,78,70,76,85,1450,2100,8200,96,13500,31,36,92,68,52,True,2030,0,187.1951219512195
EQIX,2020-11-30,-0.03789520272234703,0.3749895727459557,-0.47747955430157263,-1.273314217259718,24.995500087738037,Equinix,Digital Infrastructure,Data Centers,US,78.2,75,78,70,76,85,1450,2100,8200,96,13500,31,36,92,68,52,True,2030,0,187.1951219512195
EQIX,2020-12-31,0.025784407271831844,0.24772038341271968,0.2953486651137102,1.192266300596017,22.374090974981133,Equinix,Digital Infrastructure,Data Centers,US,78.2,75,78,70,76,85,1450,2100,8200,96,13500,31,36,92,68,52,True,2030,0,187.1951219512195
EQIX,2021-01-31,0.037915722919496186,0.2597557956983258,0.5028822197743704,1.9359807484657854,24.90999984741211,Equinix,Digital Infrastructure,Data Centers,US,78.2,75,78,70,76,85,1450,2100,8200,96,13500,31,36,92,68,52,True,2030,0,187.1951219512195
EQIX,2021-02-28,-0.12467336432260634,0.2769748406264137,-1.6535625162787788,-5.97008202094832,23.140526219418174,Equinix,Digital Infrastructure,Data Centers,US,78.2,75,78,70,76,85,1450,2100,8200,96,13500,31,36,92,68,52,True,2030,0,187.1951219512195
EQIX,2021-03-31,0.05201259846089168,0.3345948374390831,0.5698771657454219,1.7031857697122261,21.843043534652047,Equinix,Digital Infrastructure,Data Centers,US,78.2,75,78,70,76,85,1450,2100,8200,96,13500,31,36,92,68,52,True,2030,0,187.1951219512195
EQIX,2021-04-30,0.06058794754950936,0.20723796669501363,0.7270553705941123,3.508311638977329,17.416190556117467,Equinix,Digital Infrastructure,Data Centers,US,78.2,75,78,70,76,85,1450,2100,8200,96,13500,31,36,92,68,52,True,2030,0,187.1951219512195
EQIX,2021-05-31,0.027265156632190313,0.18735234337869963,0.343540973565598,1.8336625385634524,19.7604998588562,Equinix,Digital Infrastructure,Data Centers,US,78.2,75,78,70,76,85,1450,2100,8200,96,13500,31,36,92,68,52,True,2030,0,187.1951219512195
EQIX,2021-06-30,0.08819006759244441,0.23855808209841223,1.0101771378770905,4.234512320820733,16.956818147139117,Equinix,Digital Infrastructure,Data Centers,US,78.2,75,78,70,76,85,1450,2100,8200,96,13500,31,36,92,68,52,True,2030,0,187.1951219512195
EQIX,2021-07-31,0.025656093391061452,0.30329281521307605,0.3078731206927374,1.0151019254328313,17.60333351861863,Equinix,Digital Infrastructure,Data Centers,US,78.2,75,78,70,76,85,1450,2100,8200,96,13500,31,36,92,68,52,True,2030,0,187.1951219512195
EQIX,2021-08-31,0.032875959774794516,0.19985432321977653,0.37657917560219173,1.884268348741567,17.47772723978216,Equinix,Digital Infrastructure,Data Centers,US,78.2,75,78,70,76,85,1450,2100,8200,96,13500,31,36,92,68,52,True,2030,0,187.1951219512195
EQIX,2021-09-30,-0.062442613816636516,0.26326386594603957,-0.7493113657996382,-2.8462370371527643,19.8247617994036,Equinix,Digital Infrastructure,Data Centers,US,78.2,75,78,70,76,85,1450,2100,8200,96,13500,31,36,92,68,52,True,2030,0,187.1951219512195
EQIX,2021-10-31,0.0600004017048833,0.23563334265476807,0.7200048204585996,3.055615187335756,17.869047573634557,Equinix,Digital Infrastructure,Data Centers,US,78.2,75,78,70,76,85,1450,2100,8200,96,13500,31,36,92,68,52,True,2030,0,187.1951219512195
EQIX,2021-11-30,-0.023478339420818672,0.2774875595489482,-0.28174007304982407,-1.0153250600055306,18.500476246788388,Equinix,Digital Infrastructure,Data Centers,US,78.2,75,78,70,76,85,1450,2100,8200,96,13500,31,36,92,68,52,True,2030,0,187.1951219512195
EQIX,2021-12-31,0.04215406156381085,0.19197402296810523,0.48285561427637885,2.5152132919389882,21.354545506564055,Equinix,Digital Infrastructure,Data Centers,US,78.2,75,78,70,76,85,1450,2100,8200,96,13500,31,36,92,68,52,True,2030,0,187.1951219512195
EQIX,2022-01-31,-0.15080564390101692,0.2774568012865977,-1.900151113152813,-6.848457505246234,23.18100004196167,Equinix,Digital Infrastructure,Data Centers,US,78.2,75,78,70,76,85,1450,2100,8200,96,13500,31,36,92,68,52,True,2030,0,187.1951219512195
EQIX,2022-02-28,-0.017045152949678233,0.3396863729306106,-0.2260725549115218,-0.6655331886325118,25.74842111687911,Equinix,Digital Infrastructure,Data Centers,US,78.2,75,78,70,76,85,1450,2100,8200,96,13500,31,36,92,68,52,True,2030,0,187.1951219512195
EQIX,2022-03-31,0.05255430057393384,0.31257618028378353,0.5758123367231012,1.8421504037842207,26.968695682028066,Equinix,Digital Infrastructure,Data Centers,US,78.2,75,78,70,76,85,1450,2100,8200,96,13500,31,36,92,68,52,True,2030,0,187.1951219512195
EQIX,2022-04-30,-0.025418069779306274,0.3798497892898937,-0.320267679219259,-0.8431429692720909,24.37350015640259,Equinix,Digital Infrastructure,Data Centers,US,78.2,75,78,70,76,85,1450,2100,8200,96,13500,31,36,92,68,52,True,2030,0,187.1951219512195
EQIX,2022-05-31,-0.03199564277413569,0.4630621506579713,-0.3839477132896283,-0.8291494192390196,29.445714587257022,Equinix,Digital Infrastructure,Data Centers,US,78.2,75,78,70,76,85,1450,2100,8200,96,13500,31,36,92,68,52,True,2030,0,187.1951219512195
EQIX,2022-06-30,-0.03841235792843212,0.39703262499813813,-0.4609482951411854,-1.1609834208041392,28.100000018165225,Equinix,Digital Infrastructure,Data Centers,US,78.2,75,78,70,76,85,1450,2100,8200,96,13500,31,36,92,68,52,True,2030,0,187.1951219512195
EQIX,2022-07-31,0.07501811594566632,0.41284284861654436,0.9452282609153956,2.289559487545684,24.86850004196167,Equinix,Digital Infrastructure,Data Centers,US,78.2,75,78,70,76,85,1450,2100,8200,96,13500,31,36,92,68,52,True,2030,0,187.1951219512195
EQIX,2022-08-31,-0.06120114591624992,0.24017314720360347,-0.670551685691086,-2.791951113180172,22.169565366662066,Equinix,Digital Infrastructure,Data Centers,US,78.2,75,78,70,76,85,1450,2100,8200,96,13500,31,36,92,68,52,True,2030,0,187.1951219512195
EQIX,2022-09-30,-0.1405851980476529,0.2983683858956717,-1.6870223765718348,-5.654159275311841,27.406190418061755,Equinix,Digital Infrastructure,Data Centers,US,78.2,75,78,70,76,85,1450,2100,8200,96,13500,31,36,92,68,52,True,2030,0,187.1951219512195
EQIX,2022-10-31,0.001622262587411161,0.3844851152393875,0.01946715104893393,0.05063174171726602,30.005714416503906,Equinix,Digital Infrastructure,Data Centers,US,78.2,75,78,70,76,85,1450,2100,8200,96,13500,31,36,92,68,52,True,2030,0,187.1951219512195
EQIX,2022-11-30,0.21245791045136675,0.46465424678226097,2.549494925416401,5.486864573113663,23.436190650576638,Equinix,Digital Infrastructure,Data Centers,US,78.2,75,78,70,76,85,1450,2100,8200,96,13500,31,36,92,68,52,True,2030,0,187.1951219512195
EQIX,2022-12-31,-0.050354321476448465,0.25314194753895414,-0.6042518577173817,-2.3870080150362982,21.784285681588308,Equinix,Digital Infrastructure,Data Centers,US,78.2,75,78,70,76,85,1450,2100,8200,96,13500,31,36,92,68,52,True,2030,0,187.1951219512195
EQIX,2023-01-31,0.12210152373670469,0.24739348554397103,1.5384791990824789,6.218753883917586,20.202999973297118,Equinix,Digital Infrastructure,Data Centers,US,78.2,75,78,70,76,85,1450,2100,8200,96,13500,31,36,92,68,52,True,2030,0,187.1951219512195
EQIX,2023-02-28,-0.06818514174907764,0.21266439915899232,-0.9043503010930297,-4.252476223897347,20.06210537960655,Equinix,Digital Infrastructure,Data Centers,US,78.2,75,78,70,76,85,1450,2100,8200,96,13500,31,36,92,68,52,True,2030,0,187.1951219512195
EQIX,2023-03-31,0.05491372094749203,0.2826264428403097,0.6016633773377388,2.1288290341526612,21.644347895746645,Equinix,Digital Infrastructure,Data Centers,US,78.2,75,78,70,76,85,1450,2100,8200,96,13500,31,36,92,68,52,True,2030,0,187.1951219512195
EQIX,2023-04-30,0.005549091797616424,0.19383550801931432,0.07359848068417572,0.3796955544225786,17.8178946344476,Equinix,Digital Infrastructure,Data Centers,US,78.2,75,78,70,76,85,1450,2100,8200,96,13500,31,36,92,68,52,True,2030,0,187.1951219512195
EQIX,2023-05-31,0.03966545740424243,0.371374324155417,0.4543497848122315,1.2234281027519016,17.64409099925648,Equinix,Digital Infrastructure,Data Centers,US,78.2,75,78,70,76,85,1450,2100,8200,96,13500,31,36,92,68,52,True,2030,0,187.1951219512195
EQIX,2023-06-30,0.05180342654487202,0.19638186401210647,0.6216411185384643,3.165471117537318,13.994285628909157,Equinix,Digital Infrastructure,Data Centers,US,78.2,75,78,70,76,85,1450,2100,8200,96,13500,31,36,92,68,52,True,2030,0,187.1951219512195
EQIX,2023-07-31,0.03380259473968139,0.17643404372407143,0.4259126937199855,2.4140051700344096,13.943999910354615,Equinix,Digital Infrastructure,Data Centers,US,78.2,75,78,70,76,85,1450,2100,8200,96,13500,31,36,92,68,52,True,2030,0,187.1951219512195
EQIX,2023-08-31,-0.028699398444770097,0.23988390007070473,-0.3144455829600898,-1.3108240397434272,15.853912975477135,Equinix,Digital Infrastructure,Data Centers,US,78.2,75,78,70,76,85,1450,2100,8200,96,13500,31,36,92,68,52,True,2030,0,187.1951219512195
EQIX,2023-09-30,-0.07139036946299404,0.20709480790924367,-0.8995186552337249,-4.343511381646642,15.241000032424926,Equinix,Digital Infrastructure,Data Centers,US,78.2,75,78,70,76,85,1450,2100,8200,96,13500,31,36,92,68,52,True,2030,0,187.1951219512195
EQIX,2023-10-31,0.008978020081444105,0.3233657935527951,0.10283913911472338,0.3180272656078977,18.887727303938433,Equinix,Digital Infrastructure,Data Centers,US,78.2,75,78,70,76,85,1450,2100,8200,96,13500,31,36,92,68,52,True,2030,0,187.1951219512195
EQIX,2023-11-30,0.11806357719306337,0.19510173635812755,1.4167629263167605,7.2616623140460375,14.077142897106352,Equinix,Digital Infrastructure,Data Centers,US,78.2,75,78,70,76,85,1450,2100,8200,96,13500,31,36,92,68,52,True,2030,0,187.1951219512195
EQIX,2023-12-31,-0.011173901486346338,0.13565910488009067,-0.14079115872796388,-1.0378305153377612,12.718499994277954,Equinix,Digital Infrastructure,Data Centers,US,78.2,75,78,70,76,85,1450,2100,8200,96,13500,31,36,92,68,52,True,2030,0,187.1951219512195
EQIX,2024-01-31,0.03165095864639622,0.21372982529342868,0.37981150375675465,1.7770636514361682,13.395238149733771,Equinix,Digital Infrastructure,Data Centers,US,78.2,75,78,70,76,85,1450,2100,8200,96,13500,31,36,92,68,52,True,2030,0,187.1951219512195
EQIX,2024-02-29,0.07615244357378137,0.25440271890980437,0.9595207890296452,3.771660904967893,13.944000101089477,Equinix,Digital Infrastructure,Data Centers,US,78.2,75,78,70,76,85,1450,2100,8200,96,13500,31,36,92,68,52,True,2030,0,187.1951219512195
EQIX,2024-03-31,-0.07180829923646981,0.2392121966166701,-0.9047845703795195,-3.782351331480844,13.787499904632568,Equinix,Digital Infrastructure,Data Centers,US,78.2,75,78,70,76,85,1450,2100,8200,96,13500,31,36,92,68,52,True,2030,0,187.1951219512195
EQIX,2024-04-30,-0.14643408327688245,0.21911779789686214,-1.6773358629897444,-7.6549503467502875,16.137727087194268,Equinix,Digital Infrastructure,Data Centers,US,78.2,75,78,70,76,85,1450,2100,8200,96,13500,31,36,92,68,52,True,2030,0,187.1951219512195
EQIX,2024-05-31,0.08431836364275525,0.46086976464139584,0.9658285289988329,2.0956647693092796,13.090454535050826,Equinix,Digital Infrastructure,Data Centers,US,78.2,75,78,70,76,85,1450,2100,8200,96,13500,31,36,92,68,52,True,2030,0,187.1951219512195
EQIX,2024-06-30,-0.007357725727405895,0.1704376324681202,-0.09758667806875188,-0.5725653229019427,12.676842037000155,Equinix,Digital Infrastructure,Data Centers,US,78.2,75,78,70,76,85,1450,2100,8200,96,13500,31,36,92,68,52,True,2030,0,187.1951219512195
EQIX,2024-07-31,0.045549765059883396,0.21939433249036003,0.5217518543223008,2.378146456199939,14.470000050284646,Equinix,Digital Infrastructure,Data Centers,US,78.2,75,78,70,76,85,1450,2100,8200,96,13500,31,36,92,68,52,True,2030,0,187.1951219512195
EQIX,2024-08-31,0.06265205211890146,0.27188443252791084,0.7176507788165076,2.6395434712608483,19.31227272207087,Equinix,Digital Infrastructure,Data Centers,US,78.2,75,78,70,76,85,1450,2100,8200,96,13500,31,36,92,68,52,True,2030,0,187.1951219512195
EQIX,2024-09-30,0.06321928523001741,0.18210585354028103,0.7965629938982194,4.374175669877757,17.768999814987183,Equinix,Digital Infrastructure,Data Centers,US,78.2,75,78,70,76,85,1450,2100,8200,96,13500,31,36,92,68,52,True,2030,0,187.1951219512195
EQIX,2024-10-31,0.023655305485281608,0.14103859398480126,0.25917986879525934,1.837652102680415,19.96086958180303,Equinix,Digital Infrastructure,Data Centers,US,78.2,75,78,70,76,85,1450,2100,8200,96,13500,31,36,92,68,52,True,2030,0,187.1951219512195
EQIX,2024-11-30,0.08456676315388889,0.22755844025777142,1.0655412157389998,4.6824948111438385,16.121000051498413,Equinix,Digital Infrastructure,Data Centers,US,78.2,75,78,70,76,85,1450,2100,8200,96,13500,31,36,92,68,52,True,2030,0,187.1951219512195
EQIX,2024-12-31,-0.04605982677103526,0.19208871304963004,-0.5803538173150442,-3.021280158012709,15.792000102996827,Equinix,Digital Infrastructure,Data Centers,US,78.2,75,78,70,76,85,1450,2100,8200,96,13500,31,36,92,68,52,True,2030,0,187.1951219512195
EQNR,2020-08-31,0.0816133137492212,0.2454656394139919,0.9793597649906545,3.989803898128927,22.88952382405599,Equinor,Oil & Gas,Integrated Energy,NO,72.5,66,62,65,72,12500,420,250000,105400,12,22000,35,45,80,22,10,False,2050,2,122.58064516129032
EQNR,2020-09-30,-0.1276143340195941,0.33013080116532173,-1.5313720082351292,-4.63868261558622,27.647619065784273,Equinor,Oil & Gas,Integrated Energy,NO,72.5,66,62,65,72,12500,420,250000,105400,12,22000,35,45,80,22,10,False,2050,2,122.58064516129032
EQNR,2020-10-31,-0.08780984314951769,0.29155037520323773,-1.005821839712657,-3.4499075468913585,29.438636086203836,Equinor,Oil & Gas,Integrated Energy,NO,72.5,66,62,65,72,12500,420,250000,105400,12,22000,35,45,80,22,10,False,2050,2,122.58064516129032
EQNR,2020-11-30,0.19623776108826252,0.5323167621855981,2.472595789712108,4.644970749296093,24.995500087738037,Equinor,Oil & Gas,Integrated Energy,NO,72.5,66,62,65,72,12500,420,250000,105400,12,22000,35,45,80,22,10,False,2050,2,122.58064516129032
EQNR,2020-12-31,0.07156485932112344,0.2871618061528657,0.8197429340419594,2.8546377564068646,22.374090974981133,Equinor,Oil & Gas,Integrated Energy,NO,72.5,66,62,65,72,12500,420,250000,105400,12,22000,35,45,80,22,10,False,2050,2,122.58064516129032
EQNR,2021-01-31,0.08132139273946226,0.35177322919294124,1.0785784721233942,3.06611868844577,24.90999984741211,Equinor,Oil & Gas,Integrated Energy,NO,72.5,66,62,65,72,12500,420,250000,105400,12,22000,35,45,80,22,10,False,2050,2,122.58064516129032
EQNR,2021-02-28,0.07704113560357184,0.32153386842269693,1.0218087459000056,3.177919486095035,23.140526219418174,Equinor,Oil & Gas,Integrated Energy,NO,72.5,66,62,65,72,12500,420,250000,105400,12,22000,35,45,80,22,10,False,2050,2,122.58064516129032
EQNR,2021-03-31,0.031658238556862006,0.359221698092478,0.3468641789708359,0.9655991851626379,21.843043534652047,Equinor,Oil & Gas,Integrated Energy,NO,72.5,66,62,65,72,12500,420,250000,105400,12,22000,35,45,80,22,10,False,2050,2,122.58064516129032
EQNR,2021-04-30,0.04432186188195364,0.2961254603949937,0.5318623425834437,1.7960709689535204,17.416190556117467,Equinor,Oil & Gas,Integrated Energy,NO,72.5,66,62,65,72,12500,420,250000,105400,12,22000,35,45,80,22,10,False,2050,2,122.58064516129032
EQNR,2021-05-31,0.08638320981834435,0.27062837993972766,1.0884284437111387,4.021856258953866,19.7604998588562,Equinor,Oil & Gas,Integrated Energy,NO,72.5,66,62,65,72,12500,420,250000,105400,12,22000,35,45,80,22,10,False,2050,2,122.58064516129032
EQNR,2021-06-30,-0.027401736201489002,0.3631970650571279,-0.3138744328534195,-0.8641987038195081,16.956818147139117,Equinor,Oil & Gas,Integrated Energy,NO,72.5,66,62,65,72,12500,420,250000,105400,12,22000,35,45,80,22,10,False,2050,2,122.58064516129032
EQNR,2021-07-31,-0.07720168224576762,0.28250709084548736,-0.9264201869492115,-3.2792811825594206,17.60333351861863,Equinor,Oil & Gas,Integrated Energy,NO,72.5,66,62,65,72,12500,420,250000,105400,12,22000,35,45,80,22,10,False,2050,2,122.58064516129032
EQNR,2021-08-31,0.09186341021785605,0.32251792613330144,1.0522536079499873,3.2626205326493243,17.47772723978216,Equinor,Oil & Gas,Integrated Energy,NO,72.5,66,62,65,72,12500,420,250000,105400,12,22000,35,45,80,22,10,False,2050,2,122.58064516129032
EQNR,2021-09-30,0.19019263986147006,0.327845957513728,2.2823116783376407,6.961536740138309,19.8247617994036,Equinor,Oil & Gas,Integrated Energy,NO,72.5,66,62,65,72,12500,420,250000,105400,12,22000,35,45,80,22,10,False,2050,2,122.58064516129032
EQNR,2021-10-31,0.0023986379851226314,0.35599740563201504,0.028783655821471577,0.08085355501501736,17.869047573634557,Equinor,Oil & Gas,Integrated Energy,NO,72.5,66,62,65,72,12500,420,250000,105400,12,22000,35,45,80,22,10,False,2050,2,122.58064516129032
EQNR,2021-11-30,-0.001897018991620203,0.3882802788858321,-0.022764227899442435,-0.05862833921095413,18.500476246788388,Equinor,Oil & Gas,Integrated Energy,NO,72.5,66,62,65,72,12500,420,250000,105400,12,22000,35,45,80,22,10,False,2050,2,122.58064516129032
EQNR,2021-12-31,0.05440758891749731,0.3461188560978054,0.6232142003276964,1.80057858550067,21.354545506564055,Equinor,Oil & Gas,Integrated Energy,NO,72.5,66,62,65,72,12500,420,250000,105400,12,22000,35,45,80,22,10,False,2050,2,122.58064516129032
EQNR,2022-01-31,0.04804826174549448,0.2681427892575204,0.6054080979932304,2.2577825033803363,23.18100004196167,Equinor,Oil & Gas,Integrated Energy,NO,72.5,66,62,65,72,12500,420,250000,105400,12,22000,35,45,80,22,10,False,2050,2,122.58064516129032
EQNR,2022-02-28,0.1441329926239403,0.37308538939099856,1.911658639012261,5.123917187249638,25.74842111687911,Equinor,Oil & Gas,Integrated Energy,NO,72.5,66,62,65,72,12500,420,250000,105400,12,22000,35,45,80,22,10,False,2050,2,122.58064516129032
EQNR,2022-03-31,0.18648236736092125,0.48156166820789037,2.0431981119544416,4.242858696702562,26.968695682028066,Equinor,Oil & Gas,Integrated Energy,NO,72.5,66,62,65,72,12500,420,250000,105400,12,22000,35,45,80,22,10,False,2050,2,122.58064516129032
EQNR,2022-04-30,-0.08992048849323286,0.3903192656924585,-1.132998155014734,-2.9027471985137656,24.37350015640259,Equinor,Oil & Gas,Integrated Energy,NO,72.5,66,62,65,72,12500,420,250000,105400,12,22000,35,45,80,22,10,False,2050,2,122.58064516129032
EQNR,2022-05-31,0.12044171929083702,0.4490234234632326,1.4453006314900443,3.218764447392776,29.445714587257022,Equinor,Oil & Gas,Integrated Energy,NO,72.5,66,62,65,72,12500,420,250000,105400,12,22000,35,45,80,22,10,False,2050,2,122.58064516129032
EQNR,2022-06-30,-0.07196675915476691,0.4482256672507963,-0.863601109857203,-1.9267105231927537,28.100000018165225,Equinor,Oil & Gas,Integrated Energy,NO,72.5,66,62,65,72,12500,420,250000,105400,12,22000,35,45,80,22,10,False,2050,2,122.58064516129032
EQNR,2022-07-31,0.10700452450101128,0.4272681684005383,1.3482570087127421,3.155528795322829,24.86850004196167,Equinor,Oil & Gas,Integrated Energy,NO,72.5,66,62,65,72,12500,420,250000,105400,12,22000,35,45,80,22,10,False,2050,2,122.58064516129032
EQNR,2022-08-31,0.025368165142583887,0.3304205721824524,0.2779468528665713,0.8411911250885854,22.169565366662066,Equinor,Oil & Gas,Integrated Energy,NO,72.5,66,62,65,72,12500,420,250000,105400,12,22000,35,45,80,22,10,False,2050,2,122.58064516129032
EQNR,2022-09-30,-0.15047318693238476,0.4251173527772925,-1.8056782431886171,-4.247481857402709,27.406190418061755,Equinor,Oil & Gas,Integrated Energy,NO,72.5,66,62,65,72,12500,420,250000,105400,12,22000,35,45,80,22,10,False,2050,2,122.58064516129032
EQNR,2022-10-31,0.09627182422518876,0.3420644445087031,1.1552618907022651,3.3773223415883904,30.005714416503906,Equinor,Oil & Gas,Integrated Energy,NO,72.5,66,62,65,72,12500,420,250000,105400,12,22000,35,45,80,22,10,False,2050,2,122.58064516129032
EQNR,2022-11-30,0.08645598047513148,0.4278104704990111,1.0374717657015777,2.425073337946683,23.436190650576638,Equinor,Oil & Gas,Integrated Energy,NO,72.5,66,62,65,72,12500,420,250000,105400,12,22000,35,45,80,22,10,False,2050,2,122.58064516129032
EQNR,2022-12-31,-0.06880776664420685,0.27497235160552064,-0.8256931997304822,-3.0028226289275577,21.784285681588308,Equinor,Oil & Gas,Integrated Energy,NO,72.5,66,62,65,72,12500,420,250000,105400,12,22000,35,45,80,22,10,False,2050,2,122.58064516129032
EQNR,2023-01-31,-0.12845936873388597,0.3645435448555696,-1.618588046046963,-4.440040343296271,20.202999973297118,Equinor,Oil & Gas,Integrated Energy,NO,72.5,66,62,65,72,12500,420,250000,105400,12,22000,35,45,80,22,10,False,2050,2,122.58064516129032
EQNR,2023-02-28,0.008024785119657318,0.3925962667395804,0.1064339921133497,0.27110291444505813,20.06210537960655,Equinor,Oil & Gas,Integrated Energy,NO,72.5,66,62,65,72,12500,420,250000,105400,12,22000,35,45,80,22,10,False,2050,2,122.58064516129032
EQNR,2023-03-31,-0.06717486489879954,0.2750141328706516,-0.7360028675868471,-2.676236526117056,21.644347895746645,Equinor,Oil & Gas,Integrated Energy,NO,72.5,66,62,65,72,12500,420,250000,105400,12,22000,35,45,80,22,10,False,2050,2,122.58064516129032
EQNR,2023-04-30,0.015138364876596255,0.35022692216497575,0.20078252362643453,0.5732926594713788,17.8178946344476,Equinor,Oil & Gas,Integrated Energy,NO,72.5,66,62,65,72,12500,420,250000,105400,12,22000,35,45,80,22,10,False,2050,2,122.58064516129032
EQNR,2023-05-31,-0.08908779319692217,0.37139747209203233,-1.0204601766192904,-2.7476228388717203,17.64409099925648,Equinor,Oil & Gas,Integrated Energy,NO,72.5,66,62,65,72,12500,420,250000,105400,12,22000,35,45,80,22,10,False,2050,2,122.58064516129032
EQNR,2023-06-30,0.1477417744679833,0.3466769505213707,1.7729012936157997,5.113986640731427,13.994285628909157,Equinor,Oil & Gas,Integrated Energy,NO,72.5,66,62,65,72,12500,420,250000,105400,12,22000,35,45,80,22,10,False,2050,2,122.58064516129032
EQNR,2023-07-31,0.052484897656928764,0.29625969962366094,0.6613097104773025,2.232195979802062,13.943999910354615,Equinor,Oil & Gas,Integrated Energy,NO,72.5,66,62,65,72,12500,420,250000,105400,12,22000,35,45,80,22,10,False,2050,2,122.58064516129032
EQNR,2023-08-31,0.028791264908759495,0.2890956843866959,0.31545211986988664,1.091168553896281,15.853912975477135,Equinor,Oil & Gas,Integrated Energy,NO,72.5,66,62,65,72,12500,420,250000,105400,12,22000,35,45,80,22,10,False,2050,2,122.58064516129032
EQNR,2023-09-30,0.07186593920858675,0.20937310501538905,0.905510834028193,4.3248670069712984,15.241000032424926,Equinor,Oil & Gas,Integrated Energy,NO,72.5,66,62,65,72,12500,420,250000,105400,12,22000,35,45,80,22,10,False,2050,2,122.58064516129032
EQNR,2023-10-31,0.02122831952701132,0.2997981467357186,0.243160750945766,0.8110815680262353,18.887727303938433,Equinor,Oil & Gas,Integrated Energy,NO,72.5,66,62,65,72,12500,420,250000,105400,12,22000,35,45,80,22,10,False,2050,2,122.58064516129032
EQNR,2023-11-30,-0.015839642939564524,0.26946954487135377,-0.1900757152747743,-0.7053699347194039,14.077142897106352,Equinor,Oil & Gas,Integrated Energy,NO,72.5,66,62,65,72,12500,420,250000,105400,12,22000,35,45,80,22,10,False,2050,2,122.58064516129032
EQNR,2023-12-31,-0.004235414183175856,0.28243195298407203,-0.05336621870801579,-0.18895248269244316,12.718499994277954,Equinor,Oil & Gas,Integrated Energy,NO,72.5,66,62,65,72,12500,420,250000,105400,12,22000,35,45,80,22,10,False,2050,2,122.58064516129032
EQNR,2024-01-31,-0.095334109964746,0.2732676560451586,-1.144009319576952,-4.18640587083566,13.395238149733771,Equinor,Oil & Gas,Integrated Energy,NO,72.5,66,62,65,72,12500,420,250000,105400,12,22000,35,45,80,22,10,False,2050,2,122.58064516129032
EQNR,2024-02-29,-0.11136941698766023,0.35298439211043803,-1.403254654044519,-3.9754014211639235,13.944000101089477,Equinor,Oil & Gas,Integrated Energy,NO,72.5,66,62,65,72,12500,420,250000,105400,12,22000,35,45,80,22,10,False,2050,2,122.58064516129032
EQNR,2024-03-31,0.09489508556962978,0.18493131949578157,1.1956780781773353,6.465525047014061,13.787499904632568,Equinor,Oil & Gas,Integrated Energy,NO,72.5,66,62,65,72,12500,420,250000,105400,12,22000,35,45,80,22,10,False,2050,2,122.58064516129032
EQNR,2024-04-30,-0.014989073767394778,0.18445163086597802,-0.17169302679015835,-0.9308295404279183,16.137727087194268,Equinor,Oil & Gas,Integrated Energy,NO,72.5,66,62,65,72,12500,420,250000,105400,12,22000,35,45,80,22,10,False,2050,2,122.58064516129032
EQNR,2024-05-31,0.11793676839708755,0.18214196372951677,1.3509120743666392,7.416808552546197,13.090454535050826,Equinor,Oil & Gas,Integrated Energy,NO,72.5,66,62,65,72,12500,420,250000,105400,12,22000,35,45,80,22,10,False,2050,2,122.58064516129032
EQNR,2024-06-30,-0.01792675817691025,0.24542221338591794,-0.23776542424112543,-0.9688015642954353,12.676842037000155,Equinor,Oil & Gas,Integrated Energy,NO,72.5,66,62,65,72,12500,420,250000,105400,12,22000,35,45,80,22,10,False,2050,2,122.58064516129032
EQNR,2024-07-31,-0.07054993140891164,0.21491250786911462,-0.8081173961384424,-3.760215746170528,14.470000050284646,Equinor,Oil & Gas,Integrated Energy,NO,72.5,66,62,65,72,12500,420,250000,105400,12,22000,35,45,80,22,10,False,2050,2,122.58064516129032
EQNR,2024-08-31,0.040439633893878946,0.2495099107987126,0.4632176246026134,1.8565099202664757,19.31227272207087,Equinor,Oil & Gas,Integrated Energy,NO,72.5,66,62,65,72,12500,420,250000,105400,12,22000,35,45,80,22,10,False,2050,2,122.58064516129032
EQNR,2024-09-30,-0.05656770478805195,0.2858081652686385,-0.7127530803294546,-2.493816366861036,17.768999814987183,Equinor,Oil & Gas,Integrated Energy,NO,72.5,66,62,65,72,12500,420,250000,105400,12,22000,35,45,80,22,10,False,2050,2,122.58064516129032
EQNR,2024-10-31,-0.0697850485473277,0.3667867871901067,-0.7646014014750686,-2.0845936336271933,19.96086958180303,Equinor,Oil & Gas,Integrated Energy,NO,72.5,66,62,65,72,12500,420,250000,105400,12,22000,35,45,80,22,10,False,2050,2,122.58064516129032
EQNR,2024-11-30,0.06270708182681228,0.32216168418504826,0.7901092310178348,2.452523902761818,16.121000051498413,Equinor,Oil & Gas,Integrated Energy,NO,72.5,66,62,65,72,12500,420,250000,105400,12,22000,35,45,80,22,10,False,2050,2,122.58064516129032
EQNR,2024-12-31,-0.03241000383736348,0.31477499282857746,-0.40836604835077983,-1.2973268450622153,15.792000102996827,Equinor,Oil & Gas,Integrated Energy,NO,72.5,66,62,65,72,12500,420,250000,105400,12,22000,35,45,80,22,10,False,2050,2,122.58064516129032
EXC,2020-08-31,-0.03251761067652592,0.25353756916375547,-0.39021132811831105,-1.5390670873959527,22.88952382405599,Exelon,Utilities,Electric Utility,US,40.1,69,68,66,74,5200,890,42000,21400,55,19500,27,35,91,58,35,True,2050,1,284.5794392523365
EXC,2020-09-30,-0.02863754431140264,0.2756499642214379,-0.3436505317368317,-1.246691733508686,27.647619065784273,Exelon,Utilities,Electric Utility,US,40.1,69,68,66,74,5200,890,42000,21400,55,19500,27,35,91,58,35,True,2050,1,284.5794392523365
EXC,2020-10-31,0.11238437512474153,0.2600320895934831,1.2873119332470393,4.950588734104076,29.438636086203836,Exelon,Utilities,Electric Utility,US,40.1,69,68,66,74,5200,890,42000,21400,55,19500,27,35,91,58,35,True,2050,1,284.5794392523365
EXC,2020-11-30,0.04103353976198687,0.2752659393388807,0.5170226010010345,1.878265804489986,24.995500087738037,Exelon,Utilities,Electric Utility,US,40.1,69,68,66,74,5200,890,42000,21400,55,19500,27,35,91,58,35,True,2050,1,284.5794392523365
EXC,2020-12-31,0.029067056328866192,0.18637841291306956,0.33294991794883094,1.78641889232164,22.374090974981133,Exelon,Utilities,Electric Utility,US,40.1,69,68,66,74,5200,890,42000,21400,55,19500,27,35,91,58,35,True,2050,1,284.5794392523365
EXC,2021-01-31,-0.012779794906021658,0.287861884173469,-0.16950043770091883,-0.5888255688577925,24.90999984741211,Exelon,Utilities,Electric Utility,US,40.1,69,68,66,74,5200,890,42000,21400,55,19500,27,35,91,58,35,True,2050,1,284.5794392523365
EXC,2021-02-28,-0.07158726201755272,0.245270910604771,-0.9494731593906992,-3.8711201301840403,23.140526219418174,Exelon,Utilities,Electric Utility,US,40.1,69,68,66,74,5200,890,42000,21400,55,19500,27,35,91,58,35,True,2050,1,284.5794392523365
EXC,2021-03-31,0.13595098890514457,0.14160193008981609,1.489549965395497,10.519277275745441,21.843043534652047,Exelon,Utilities,Electric Utility,US,40.1,69,68,66,74,5200,890,42000,21400,55,19500,27,35,91,58,35,True,2050,1,284.5794392523365
EXC,2021-04-30,0.027589233458701234,0.112925507157773,0.3310708015044148,2.9317628039682995,17.416190556117467,Exelon,Utilities,Electric Utility,US,40.1,69,68,66,74,5200,890,42000,21400,55,19500,27,35,91,58,35,True,2050,1,284.5794392523365
EXC,2021-05-31,0.015469183625160587,0.2598453883751939,0.19491171367702342,0.7501064956195722,19.7604998588562,Exelon,Utilities,Electric Utility,US,40.1,69,68,66,74,5200,890,42000,21400,55,19500,27,35,91,58,35,True,2050,1,284.5794392523365
EXC,2021-06-30,-0.0170230460163443,0.1605588396827803,-0.19499125436903472,-1.2144535595441728,16.956818147139117,Exelon,Utilities,Electric Utility,US,40.1,69,68,66,74,5200,890,42000,21400,55,19500,27,35,91,58,35,True,2050,1,284.5794392523365
EXC,2021-07-31,0.05563752109762121,0.1501911265458124,0.6676502531714545,4.445337541081716,17.60333351861863,Exelon,Utilities,Electric Utility,US,40.1,69,68,66,74,5200,890,42000,21400,55,19500,27,35,91,58,35,True,2050,1,284.5794392523365
EXC,2021-08-31,0.05498476199700397,0.11967504746955832,0.6298254556020455,5.262796789466525,17.47772723978216,Exelon,Utilities,Electric Utility,US,40.1,69,68,66,74,5200,890,42000,21400,55,19500,27,35,91,58,35,True,2050,1,284.5794392523365
EXC,2021-09-30,-0.013041885738698578,0.15257997542193316,-0.15650262886438293,-1.0257088351967705,19.8247617994036,Exelon,Utilities,Electric Utility,US,40.1,69,68,66,74,5200,890,42000,21400,55,19500,27,35,91,58,35,True,2050,1,284.5794392523365
EXC,2021-10-31,0.09695485838544216,0.16865081613707916,1.1634583006253059,6.898622415675999,17.869047573634557,Exelon,Utilities,Electric Utility,US,40.1,69,68,66,74,5200,890,42000,21400,55,19500,27,35,91,58,35,True,2050,1,284.5794392523365
EXC,2021-11-30,-0.00032003855895534894,0.18317765949573145,-0.0038404627074641873,-0.020965781078525467,18.500476246788388,Exelon,Utilities,Electric Utility,US,40.1,69,68,66,74,5200,890,42000,21400,55,19500,27,35,91,58,35,True,2050,1,284.5794392523365
EXC,2021-12-31,0.09228932948519109,0.15417552162062648,1.0571323195576434,6.85668067437376,21.354545506564055,Exelon,Utilities,Electric Utility,US,40.1,69,68,66,74,5200,890,42000,21400,55,19500,27,35,91,58,35,True,2050,1,284.5794392523365
EXC,2022-01-31,0.004210368058954139,0.15669077069601278,0.05305063754282216,0.3385689999938976,23.18100004196167,Exelon,Utilities,Electric Utility,US,40.1,69,68,66,74,5200,890,42000,21400,55,19500,27,35,91,58,35,True,2050,1,284.5794392523365
EXC,2022-02-28,0.03961559084799903,0.2416879935882511,0.525427836510303,2.1739922977119086,25.74842111687911,Exelon,Utilities,Electric Utility,US,40.1,69,68,66,74,5200,890,42000,21400,55,19500,27,35,91,58,35,True,2050,1,284.5794392523365
EXC,2022-03-31,0.11397242968121923,0.1629081000586985,1.2487414034637934,7.665311933623013,26.968695682028066,Exelon,Utilities,Electric Utility,US,40.1,69,68,66,74,5200,890,42000,21400,55,19500,27,35,91,58,35,True,2050,1,284.5794392523365
EXC,2022-04-30,-0.015149561045507243,0.2744974111700873,-0.19088446917339125,-0.6953962456684635,24.37350015640259,Exelon,Utilities,Electric Utility,US,40.1,69,68,66,74,5200,890,42000,21400,55,19500,27,35,91,58,35,True,2050,1,284.5794392523365
EXC,2022-05-31,0.0586507562945926,0.22598815367397018,0.7038090755351112,3.1143626959778,29.445714587257022,Exelon,Utilities,Electric Utility,US,40.1,69,68,66,74,5200,890,42000,21400,55,19500,27,35,91,58,35,True,2050,1,284.5794392523365
EXC,2022-06-30,-0.0771903972113579,0.30677739882597654,-0.9262847665362948,-3.019403548244249,28.100000018165225,Exelon,Utilities,Electric Utility,US,40.1,69,68,66,74,5200,890,42000,21400,55,19500,27,35,91,58,35,True,2050,1,284.5794392523365
EXC,2022-07-31,0.028607942920750085,0.2854264825340148,0.3604600808014511,1.2628823983019668,24.86850004196167,Exelon,Utilities,Electric Utility,US,40.1,69,68,66,74,5200,890,42000,21400,55,19500,27,35,91,58,35,True,2050,1,284.5794392523365
EXC,2022-08-31,-0.04777201848955127,0.2048754033440749,-0.5234151591029095,-2.5547974552312063,22.169565366662066,Exelon,Utilities,Electric Utility,US,40.1,69,68,66,74,5200,890,42000,21400,55,19500,27,35,91,58,35,True,2050,1,284.5794392523365
EXC,2022-09-30,-0.15486454622365275,0.2907257177298948,-1.858374554683833,-6.392191819818284,27.406190418061755,Exelon,Utilities,Electric Utility,US,40.1,69,68,66,74,5200,890,42000,21400,55,19500,27,35,91,58,35,True,2050,1,284.5794392523365
EXC,2022-10-31,0.036067387556211195,0.3992369084063161,0.43280865067453433,1.0840897761738282,30.005714416503906,Exelon,Utilities,Electric Utility,US,40.1,69,68,66,74,5200,890,42000,21400,55,19500,27,35,91,58,35,True,2050,1,284.5794392523365
EXC,2022-11-30,0.08151808361489565,0.28165555746933824,0.9782170033787478,3.473096757500477,23.436190650576638,Exelon,Utilities,Electric Utility,US,40.1,69,68,66,74,5200,890,42000,21400,55,19500,27,35,91,58,35,True,2050,1,284.5794392523365
EXC,2022-12-31,0.045264539047021435,0.17738045374175104,0.5431744685642572,3.062200243072257,21.784285681588308,Exelon,Utilities,Electric Utility,US,40.1,69,68,66,74,5200,890,42000,21400,55,19500,27,35,91,58,35,True,2050,1,284.5794392523365
EXC,2023-01-31,-0.02303573445520868,0.1855407670575388,-0.2902502541356293,-1.5643476026248109,20.202999973297118,Exelon,Utilities,Electric Utility,US,40.1,69,68,66,74,5200,890,42000,21400,55,19500,27,35,91,58,35,True,2050,1,284.5794392523365
EXC,2023-02-28,-0.033294644353549674,0.21356577043749933,-0.44159212511023777,-2.067710215010654,20.06210537960655,Exelon,Utilities,Electric Utility,US,40.1,69,68,66,74,5200,890,42000,21400,55,19500,27,35,91,58,35,True,2050,1,284.5794392523365
EXC,2023-03-31,0.039136416788091766,0.24615941295240154,0.4287990013303967,1.7419565483498742,21.644347895746645,Exelon,Utilities,Electric Utility,US,40.1,69,68,66,74,5200,890,42000,21400,55,19500,27,35,91,58,35,True,2050,1,284.5794392523365
EXC,2023-04-30,0.01390584102044079,0.1550518615724419,0.18443536511321468,1.1895075830937023,17.8178946344476,Exelon,Utilities,Electric Utility,US,40.1,69,68,66,74,5200,890,42000,21400,55,19500,27,35,91,58,35,True,2050,1,284.5794392523365
EXC,2023-05-31,-0.05785496369032283,0.19227071543541327,-0.6627023113618797,-3.446714752483936,17.64409099925648,Exelon,Utilities,Electric Utility,US,40.1,69,68,66,74,5200,890,42000,21400,55,19500,27,35,91,58,35,True,2050,1,284.5794392523365
EXC,2023-06-30,0.02825903595304957,0.16820429277802862,0.33910843143659486,2.016050992730016,13.994285628909157,Exelon,Utilities,Electric Utility,US,40.1,69,68,66,74,5200,890,42000,21400,55,19500,27,35,91,58,35,True,2050,1,284.5794392523365
EXC,2023-07-31,0.028204591852205363,0.167643084744313,0.3553778573377876,2.119847996592315,13.943999910354615,Exelon,Utilities,Electric Utility,US,40.1,69,68,66,74,5200,890,42000,21400,55,19500,27,35,91,58,35,True,2050,1,284.5794392523365
EXC,2023-08-31,-0.03280331991252072,0.12630082612990445,-0.3594102877371836,-2.845668541926389,15.853912975477135,Exelon,Utilities,Electric Utility,US,40.1,69,68,66,74,5200,890,42000,21400,55,19500,27,35,91,58,35,True,2050,1,284.5794392523365
EXC,2023-09-30,-0.058418323315830745,0.18694024868255943,-0.7360708737794673,-3.937466002997454,15.241000032424926,Exelon,Utilities,Electric Utility,US,40.1,69,68,66,74,5200,890,42000,21400,55,19500,27,35,91,58,35,True,2050,1,284.5794392523365
EXC,2023-10-31,0.031903565111019105,0.21324456079669735,0.36544083672621885,1.7137170362559544,18.887727303938433,Exelon,Utilities,Electric Utility,US,40.1,69,68,66,74,5200,890,42000,21400,55,19500,27,35,91,58,35,True,2050,1,284.5794392523365
EXC,2023-11-30,-0.00013706746266206604,0.20440248657009974,-0.0016448095519447925,-0.00804691557106232,14.077142897106352,Exelon,Utilities,Electric Utility,US,40.1,69,68,66,74,5200,890,42000,21400,55,19500,27,35,91,58,35,True,2050,1,284.5794392523365
EXC,2023-12-31,-0.06274414006543017,0.43453314668544424,-0.7905761648244202,-1.8193690650640126,12.718499994277954,Exelon,Utilities,Electric Utility,US,40.1,69,68,66,74,5200,890,42000,21400,55,19500,27,35,91,58,35,True,2050,1,284.5794392523365
EXC,2024-01-31,-0.029771000512272664,0.16210938393587757,-0.3572520061472719,-2.2037712899370656,13.395238149733771,Exelon,Utilities,Electric Utility,US,40.1,69,68,66,74,5200,890,42000,21400,55,19500,27,35,91,58,35,True,2050,1,284.5794392523365
EXC,2024-02-29,0.031283399807974455,0.23731348175980485,0.3941708375804781,1.6609711115335424,13.944000101089477,Exelon,Utilities,Electric Utility,US,40.1,69,68,66,74,5200,890,42000,21400,55,19500,27,35,91,58,35,True,2050,1,284.5794392523365
EXC,2024-03-31,0.05861358588876164,0.13944196833326952,0.7385311821983968,5.296333600464461,13.787499904632568,Exelon,Utilities,Electric Utility,US,40.1,69,68,66,74,5200,890,42000,21400,55,19500,27,35,91,58,35,True,2050,1,284.5794392523365
EXC,2024-04-30,0.0015766173264749606,0.1773576875023399,0.018059434830531365,0.10182493403503079,16.137727087194268,Exelon,Utilities,Electric Utility,US,40.1,69,68,66,74,5200,890,42000,21400,55,19500,27,35,91,58,35,True,2050,1,284.5794392523365
EXC,2024-05-31,0.010527871157937074,0.1806389646070366,0.1205919787181883,0.6675856395685451,13.090454535050826,Exelon,Utilities,Electric Utility,US,40.1,69,68,66,74,5200,890,42000,21400,55,19500,27,35,91,58,35,True,2050,1,284.5794392523365
EXC,2024-06-30,-0.07993117842520936,0.19860056090692446,-1.0601398401659348,-5.338050584171193,12.676842037000155,Exelon,Utilities,Electric Utility,US,40.1,69,68,66,74,5200,890,42000,21400,55,19500,27,35,91,58,35,True,2050,1,284.5794392523365
EXC,2024-07-31,0.0731003217262165,0.1404222929116757,0.8373309579548436,5.962948906421268,14.470000050284646,Exelon,Utilities,Electric Utility,US,40.1,69,68,66,74,5200,890,42000,21400,55,19500,27,35,91,58,35,True,2050,1,284.5794392523365
EXC,2024-08-31,0.03513661704629545,0.174780621002243,0.40247397707574784,2.3027379967403983,19.31227272207087,Exelon,Utilities,Electric Utility,US,40.1,69,68,66,74,5200,890,42000,21400,55,19500,27,35,91,58,35,True,2050,1,284.5794392523365
EXC,2024-09-30,0.06370788040323982,0.16514311598884018,0.8027192930808218,4.860749346252295,17.768999814987183,Exelon,Utilities,Electric Utility,US,40.1,69,68,66,74,5200,890,42000,21400,55,19500,27,35,91,58,35,True,2050,1,284.5794392523365
EXC,2024-10-31,-0.030314574392244168,0.14929267306143082,-0.33214229334111,-2.224772900974453,19.96086958180303,Exelon,Utilities,Electric Utility,US,40.1,69,68,66,74,5200,890,42000,21400,55,19500,27,35,91,58,35,True,2050,1,284.5794392523365
EXC,2024-11-30,0.018001593526049797,0.1907326873001461,0.22682007842822743,1.1892040197142113,16.121000051498413,Exelon,Utilities,Electric Utility,US,40.1,69,68,66,74,5200,890,42000,21400,55,19500,27,35,91,58,35,True,2050,1,284.5794392523365
EXC,2024-12-31,-0.04890274290789398,0.16636975861911266,-0.6161745606394641,-3.7036452162567337,15.792000102996827,Exelon,Utilities,Electric Utility,US,40.1,69,68,66,74,5200,890,42000,21400,55,19500,27,35,91,58,35,True,2050,1,284.5794392523365
FSLR,2020-08-31,0.26672847664298394,0.5970574008339199,3.2007417197158072,5.360860974581805,22.88952382405599,First Solar,Renewable Energy,Solar Manufacturing,US,22.8,71,78,65,70,95,340,1800,3500,40,7200,25,30,88,92,78,True,2040,1,124.28571428571429
FSLR,2020-09-30,-0.13271968980128257,0.5515161554157795,-1.5926362776153908,-2.8877418403359862,27.647619065784273,First Solar,Renewable Energy,Solar Manufacturing,US,22.8,71,78,65,70,95,340,1800,3500,40,7200,25,30,88,92,78,True,2040,1,124.28571428571429
FSLR,2020-10-31,0.29298142102842883,0.659028415670623,3.3559690045074575,5.0922978808014605,29.438636086203836,First Solar,Renewable Energy,Solar Manufacturing,US,22.8,71,78,65,70,95,340,1800,3500,40,7200,25,30,88,92,78,True,2040,1,124.28571428571429
FSLR,2020-11-30,0.08507518518809132,0.6121972054254269,1.0719473333699505,1.7509837089586762,24.995500087738037,First Solar,Renewable Energy,Solar Manufacturing,US,22.8,71,78,65,70,95,340,1800,3500,40,7200,25,30,88,92,78,True,2040,1,124.28571428571429
FSLR,2020-12-31,0.06661021866424088,0.4812562309590843,0.7629897774267592,1.5854127766953057,22.374090974981133,First Solar,Renewable Energy,Solar Manufacturing,US,22.8,71,78,65,70,95,340,1800,3500,40,7200,25,30,88,92,78,True,2040,1,124.28571428571429
FSLR,2021-01-31,0.020783787105674856,0.7137162975242088,0.2756586500331612,0.3862300062215001,24.90999984741211,First Solar,Renewable Energy,Solar Manufacturing,US,22.8,71,78,65,70,95,340,1800,3500,40,7200,25,30,88,92,78,True,2040,1,124.28571428571429
FSLR,2021-02-28,-0.19477862903479948,0.40765659229125534,-2.583379711408919,-6.3371469032032515,23.140526219418174,First Solar,Renewable Energy,Solar Manufacturing,US,22.8,71,78,65,70,95,340,1800,3500,40,7200,25,30,88,92,78,True,2040,1,124.28571428571429
FSLR,2021-03-31,0.09069226748151449,0.6079081197122407,0.9936718002322457,1.6345756340655724,21.843043534652047,First Solar,Renewable Energy,Solar Manufacturing,US,22.8,71,78,65,70,95,340,1800,3500,40,7200,25,30,88,92,78,True,2040,1,124.28571428571429
FSLR,2021-04-30,-0.11794134621832353,0.5670728055924724,-1.4152961546198823,-2.4957926754064568,17.416190556117467,First Solar,Renewable Energy,Solar Manufacturing,US,22.8,71,78,65,70,95,340,1800,3500,40,7200,25,30,88,92,78,True,2040,1,124.28571428571429
FSLR,2021-05-31,-0.0011814307420938697,0.33976466866441185,-0.014886027350382757,-0.04381275842746851,19.7604998588562,First Solar,Renewable Energy,Solar Manufacturing,US,22.8,71,78,65,70,95,340,1800,3500,40,7200,25,30,88,92,78,True,2040,1,124.28571428571429
FSLR,2021-06-30,0.18018355736653568,0.3891402854148051,2.0639207480166815,5.303796151088905,16.956818147139117,First Solar,Renewable Energy,Solar Manufacturing,US,22.8,71,78,65,70,95,340,1800,3500,40,7200,25,30,88,92,78,True,2040,1,124.28571428571429
FSLR,2021-07-31,-0.046185689336471936,0.33227498024662255,-0.5542282720376632,-1.6679807538512275,17.60333351861863,First Solar,Renewable Energy,Solar Manufacturing,US,22.8,71,78,65,70,95,340,1800,3500,40,7200,25,30,88,92,78,True,2040,1,124.28571428571429
FSLR,2021-08-31,0.09161168771062657,0.2667983481878929,1.0493702410489951,3.933196169228063,17.47772723978216,First Solar,Renewable Energy,Solar Manufacturing,US,22.8,71,78,65,70,95,340,1800,3500,40,7200,25,30,88,92,78,True,2040,1,124.28571428571429
FSLR,2021-09-30,0.023942745062304094,0.46217283589190344,0.2873129407476491,0.6216569180081541,19.8247617994036,First Solar,Renewable Energy,Solar Manufacturing,US,22.8,71,78,65,70,95,340,1800,3500,40,7200,25,30,88,92,78,True,2040,1,124.28571428571429
FSLR,2021-10-31,0.23203625196302302,0.37296609915717105,2.7844350235562763,7.465651784032231,17.869047573634557,First Solar,Renewable Energy,Solar Manufacturing,US,22.8,71,78,65,70,95,340,1800,3500,40,7200,25,30,88,92,78,True,2040,1,124.28571428571429
FSLR,2021-11-30,-0.1374762226570615,0.3722432698543343,-1.649714671884738,-4.431818666675429,18.500476246788388,First Solar,Renewable Energy,Solar Manufacturing,US,22.8,71,78,65,70,95,340,1800,3500,40,7200,25,30,88,92,78,True,2040,1,124.28571428571429
FSLR,2021-12-31,-0.1651519563160596,0.4039110686188291,-1.89174059052941,-4.683557192424073,21.354545506564055,First Solar,Renewable Energy,Solar Manufacturing,US,22.8,71,78,65,70,95,340,1800,3500,40,7200,25,30,88,92,78,True,2040,1,124.28571428571429
FSLR,2022-01-31,-0.09859006480812538,0.43964108337278907,-1.2422348165823798,-2.825565816216133,23.18100004196167,First Solar,Renewable Energy,Solar Manufacturing,US,22.8,71,78,65,70,95,340,1800,3500,40,7200,25,30,88,92,78,True,2040,1,124.28571428571429
FSLR,2022-02-28,-0.027566609084320293,0.5975235817640208,-0.365620288907827,-0.6118926517149929,25.74842111687911,First Solar,Renewable Energy,Solar Manufacturing,US,22.8,71,78,65,70,95,340,1800,3500,40,7200,25,30,88,92,78,True,2040,1,124.28571428571429
FSLR,2022-03-31,0.12104396429878395,0.5743062484983229,1.3262208262301545,2.309257177155765,26.968695682028066,First Solar,Renewable Energy,Solar Manufacturing,US,22.8,71,78,65,70,95,340,1800,3500,40,7200,25,30,88,92,78,True,2040,1,124.28571428571429
FSLR,2022-04-30,-0.1336277779665852,0.26825089228442234,-1.6837100023789735,-6.2766240516127025,24.37350015640259,First Solar,Renewable Energy,Solar Manufacturing,US,22.8,71,78,65,70,95,340,1800,3500,40,7200,25,30,88,92,78,True,2040,1,124.28571428571429
FSLR,2022-05-31,-0.01960377960896298,0.591603992256961,-0.23524535530755575,-0.3976399050488114,29.445714587257022,First Solar,Renewable Energy,Solar Manufacturing,US,22.8,71,78,65,70,95,340,1800,3500,40,7200,25,30,88,92,78,True,2040,1,124.28571428571429
FSLR,2022-06-30,-0.024560047025192877,0.5307821819434341,-0.2947205643023145,-0.5552570796992639,28.100000018165225,First Solar,Renewable Energy,Solar Manufacturing,US,22.8,71,78,65,70,95,340,1800,3500,40,7200,25,30,88,92,78,True,2040,1,124.28571428571429
FSLR,2022-07-31,0.4042510902420652,0.8358130371706931,5.0935637370500215,6.094142482261608,24.86850004196167,First Solar,Renewable Energy,Solar Manufacturing,US,22.8,71,78,65,70,95,340,1800,3500,40,7200,25,30,88,92,78,True,2040,1,124.28571428571429
FSLR,2022-08-31,0.25756767821638193,0.32423249040801744,2.822045865675141,8.703772598865246,22.169565366662066,First Solar,Renewable Energy,Solar Manufacturing,US,22.8,71,78,65,70,95,340,1800,3500,40,7200,25,30,88,92,78,True,2040,1,124.28571428571429
FSLR,2022-09-30,0.04199267889369151,0.3776332549917485,0.5039121467242982,1.334395581065309,27.406190418061755,First Solar,Renewable Energy,Solar Manufacturing,US,22.8,71,78,65,70,95,340,1800,3500,40,7200,25,30,88,92,78,True,2040,1,124.28571428571429
FSLR,2022-10-31,0.10784472307643256,0.5499216718631029,1.2941366769171907,2.3533109225041637,30.005714416503906,First Solar,Renewable Energy,Solar Manufacturing,US,22.8,71,78,65,70,95,340,1800,3500,40,7200,25,30,88,92,78,True,2040,1,124.28571428571429
FSLR,2022-11-30,0.17968323214823845,0.47981438274210586,2.1561987857788614,4.493818575125521,23.436190650576638,First Solar,Renewable Energy,Solar Manufacturing,US,22.8,71,78,65,70,95,340,1800,3500,40,7200,25,30,88,92,78,True,2040,1,124.28571428571429
FSLR,2022-12-31,-0.13480404899815146,0.3896289782823347,-1.6176485879778175,-4.15176662451844,21.784285681588308,First Solar,Renewable Energy,Solar Manufacturing,US,22.8,71,78,65,70,95,340,1800,3500,40,7200,25,30,88,92,78,True,2040,1,124.28571428571429
FSLR,2023-01-31,0.18477783049260332,0.6057886588920454,2.328200664206802,3.8432556140370053,20.202999973297118,First Solar,Renewable Energy,Solar Manufacturing,US,22.8,71,78,65,70,95,340,1800,3500,40,7200,25,30,88,92,78,True,2040,1,124.28571428571429
FSLR,2023-02-28,-0.04312253284291434,0.39432801622029073,-0.5719409619165481,-1.450419291529705,20.06210537960655,First Solar,Renewable Energy,Solar Manufacturing,US,22.8,71,78,65,70,95,340,1800,3500,40,7200,25,30,88,92,78,True,2040,1,124.28571428571429
FSLR,2023-03-31,0.26771380493158414,0.6036985119779587,2.933212123598226,4.858736712780433,21.644347895746645,First Solar,Renewable Energy,Solar Manufacturing,US,22.8,71,78,65,70,95,340,1800,3500,40,7200,25,30,88,92,78,True,2040,1,124.28571428571429
FSLR,2023-04-30,-0.16482611703422378,0.5064979796539342,-2.1861148154012837,-4.316137286263118,17.8178946344476,First Solar,Renewable Energy,Solar Manufacturing,US,22.8,71,78,65,70,95,340,1800,3500,40,7200,25,30,88,92,78,True,2040,1,124.28571428571429
FSLR,2023-05-31,0.1396147830797041,0.9610677048584636,1.5992238789129742,1.6640075104266372,17.64409099925648,First Solar,Renewable Energy,Solar Manufacturing,US,22.8,71,78,65,70,95,340,1800,3500,40,7200,25,30,88,92,78,True,2040,1,124.28571428571429
FSLR,2023-06-30,-0.06176257942760277,0.30319840406827775,-0.7411509531312332,-2.444442131576432,13.994285628909157,First Solar,Renewable Energy,Solar Manufacturing,US,22.8,71,78,65,70,95,340,1800,3500,40,7200,25,30,88,92,78,True,2040,1,124.28571428571429
FSLR,2023-07-31,0.0939358261169978,0.4235194673430305,1.1835914090741724,2.7946564451912668,13.943999910354615,First Solar,Renewable Energy,Solar Manufacturing,US,22.8,71,78,65,70,95,340,1800,3500,40,7200,25,30,88,92,78,True,2040,1,124.28571428571429
FSLR,2023-08-31,-0.08413554864308759,0.4245253559500464,-0.9218329677416552,-2.171443836796704,15.853912975477135,First Solar,Renewable Energy,Solar Manufacturing,US,22.8,71,78,65,70,95,340,1800,3500,40,7200,25,30,88,92,78,True,2040,1,124.28571428571429
FSLR,2023-09-30,-0.15226195938496612,0.3415095178022615,-1.918500688250573,-5.617707818501884,15.241000032424926,First Solar,Renewable Energy,Solar Manufacturing,US,22.8,71,78,65,70,95,340,1800,3500,40,7200,25,30,88,92,78,True,2040,1,124.28571428571429
FSLR,2023-10-31,-0.11545067402849218,0.49652219640094025,-1.322434993417274,-2.663395519884093,18.887727303938433,First Solar,Renewable Energy,Solar Manufacturing,US,22.8,71,78,65,70,95,340,1800,3500,40,7200,25,30,88,92,78,True,2040,1,124.28571428571429
FSLR,2023-11-30,0.11326240836658463,0.5303269408146744,1.3591489003990156,2.562850943063776,14.077142897106352,First Solar,Renewable Energy,Solar Manufacturing,US,22.8,71,78,65,70,95,340,1800,3500,40,7200,25,30,88,92,78,True,2040,1,124.28571428571429
FSLR,2023-12-31,0.10047387106153527,0.5748321029566864,1.2659707753753444,2.2023313744374073,12.718499994277954,First Solar,Renewable Energy,Solar Manufacturing,US,22.8,71,78,65,70,95,340,1800,3500,40,7200,25,30,88,92,78,True,2040,1,124.28571428571429
FSLR,2024-01-31,-0.15897322219411336,0.3074044002276822,-1.9076786663293603,-6.20576239284935,13.395238149733771,First Solar,Renewable Energy,Solar Manufacturing,US,22.8,71,78,65,70,95,340,1800,3500,40,7200,25,30,88,92,78,True,2040,1,124.28571428571429
FSLR,2024-02-29,0.05819236808891537,0.4488732226080076,0.7332238379203337,1.6334764494531768,13.944000101089477,First Solar,Renewable Energy,Solar Manufacturing,US,22.8,71,78,65,70,95,340,1800,3500,40,7200,25,30,88,92,78,True,2040,1,124.28571428571429
FSLR,2024-03-31,0.09969523038773842,0.43632086470170306,1.2561599028855042,2.878981970629105,13.787499904632568,First Solar,Renewable Energy,Solar Manufacturing,US,22.8,71,78,65,70,95,340,1800,3500,40,7200,25,30,88,92,78,True,2040,1,124.28571428571429
FSLR,2024-04-30,0.047943131959276464,0.32588464150634316,0.5491667842608031,1.6851569982628773,16.137727087194268,First Solar,Renewable Energy,Solar Manufacturing,US,22.8,71,78,65,70,95,340,1800,3500,40,7200,25,30,88,92,78,True,2040,1,124.28571428571429
FSLR,2024-05-31,0.460231766733714,0.7780476626983437,5.271745691677087,6.775607645159127,13.090454535050826,First Solar,Renewable Energy,Solar Manufacturing,US,22.8,71,78,65,70,95,340,1800,3500,40,7200,25,30,88,92,78,True,2040,1,124.28571428571429
FSLR,2024-06-30,-0.17378183315049878,0.5749135761370943,-2.3048958923118783,-4.009117175139123,12.676842037000155,First Solar,Renewable Energy,Solar Manufacturing,US,22.8,71,78,65,70,95,340,1800,3500,40,7200,25,30,88,92,78,True,2040,1,124.28571428571429
FSLR,2024-07-31,-0.028907026231911326,0.5753888851894913,-0.3311168459291661,-0.5754661837447909,14.470000050284646,First Solar,Renewable Energy,Solar Manufacturing,US,22.8,71,78,65,70,95,340,1800,3500,40,7200,25,30,88,92,78,True,2040,1,124.28571428571429
FSLR,2024-08-31,0.058543432610121175,0.415698928052311,0.6705884098977517,1.6131588624480786,19.31227272207087,First Solar,Renewable Energy,Solar Manufacturing,US,22.8,71,78,65,70,95,340,1800,3500,40,7200,25,30,88,92,78,True,2040,1,124.28571428571429
FSLR,2024-09-30,0.11009616824253743,0.6942770719579293,1.3872117198559717,1.9980664433349338,17.768999814987183,First Solar,Renewable Energy,Solar Manufacturing,US,22.8,71,78,65,70,95,340,1800,3500,40,7200,25,30,88,92,78,True,2040,1,124.28571428571429
FSLR,2024-10-31,-0.23850258854955098,0.44921193151573685,-2.6131587962820366,-5.817207008426249,19.96086958180303,First Solar,Renewable Energy,Solar Manufacturing,US,22.8,71,78,65,70,95,340,1800,3500,40,7200,25,30,88,92,78,True,2040,1,124.28571428571429
FSLR,2024-11-30,0.03974906062299177,0.633256604019416,0.5008381638496964,0.7908929187169447,16.121000051498413,First Solar,Renewable Energy,Solar Manufacturing,US,22.8,71,78,65,70,95,340,1800,3500,40,7200,25,30,88,92,78,True,2040,1,124.28571428571429
FSLR,2024-12-31,-0.10601650831963594,0.4039535833690868,-1.3358080048274128,-3.306835388577067,15.792000102996827,First Solar,Renewable Energy,Solar Manufacturing,US,22.8,71,78,65,70,95,340,1800,3500,40,7200,25,30,88,92,78,True,2040,1,124.28571428571429
NEE,2020-08-31,0.0009627784690751094,0.18819908435150276,0.011553341628901315,0.061388936448399156,22.88952382405599,NextEra Energy,Renewable Energy,Integrated Renewables,US,150.2,75,82,68,75,24500,480,5200,28100,65,16200,28,33,92,72,58,True,2045,1,888.9679715302491
NEE,2020-09-30,-0.0008764246393242471,0.35169479436997136,-0.010517095671890964,-0.029904041345654164,27.647619065784273,NextEra Energy,Renewable Energy,Integrated Renewables,US,150.2,75,82,68,75,24500,480,5200,28100,65,16200,28,33,92,72,58,True,2045,1,888.9679715302491
NEE,2020-10-31,0.055547263770169386,0.21350725334566303,0.6362686577310311,2.9800798228663816,29.438636086203836,NextEra Energy,Renewable Energy,Integrated Renewables,US,150.2,75,82,68,75,24500,480,5200,28100,65,16200,28,33,92,72,58,True,2045,1,888.9679715302491
NEE,2020-11-30,0.012276229730602939,0.25282622616124945,0.15468049460559702,0.6118055747386891,24.995500087738037,NextEra Energy,Renewable Energy,Integrated Renewables,US,150.2,75,82,68,75,24500,480,5200,28100,65,16200,28,33,92,72,58,True,2045,1,888.9679715302491
NEE,2020-12-31,0.048033309699991866,0.13343993297100828,0.550199729290816,4.123201481301363,22.374090974981133,NextEra Energy,Renewable Energy,Integrated Renewables,US,150.2,75,82,68,75,24500,480,5200,28100,65,16200,28,33,92,72,58,True,2045,1,888.9679715302491
NEE,2021-01-31,0.05314633139791336,0.40817865684129556,0.704888184856535,1.726910932363138,24.90999984741211,NextEra Energy,Renewable Energy,Integrated Renewables,US,150.2,75,82,68,75,24500,480,5200,28100,65,16200,28,33,92,72,58,True,2045,1,888.9679715302491
NEE,2021-02-28,-0.08857444247779213,0.22328126317508468,-1.1747768160212428,-5.261421398803394,23.140526219418174,NextEra Energy,Renewable Energy,Integrated Renewables,US,150.2,75,82,68,75,24500,480,5200,28100,65,16200,28,33,92,72,58,True,2045,1,888.9679715302491
NEE,2021-03-31,0.0330823871941911,0.32097067696138454,0.3624678944754851,1.1292866311245404,21.843043534652047,NextEra Energy,Renewable Energy,Integrated Renewables,US,150.2,75,82,68,75,24500,480,5200,28100,65,16200,28,33,92,72,58,True,2045,1,888.9679715302491
NEE,2021-04-30,0.026001552898230695,0.17089262763675697,0.31201863477876834,1.8258168248309903,17.416190556117467,NextEra Energy,Renewable Energy,Integrated Renewables,US,150.2,75,82,68,75,24500,480,5200,28100,65,16200,28,33,92,72,58,True,2045,1,888.9679715302491
NEE,2021-05-31,-0.05515407456182897,0.21179588792590132,-0.694941339479045,-3.281184286836468,19.7604998588562,NextEra Energy,Renewable Energy,Integrated Renewables,US,150.2,75,82,68,75,24500,480,5200,28100,65,16200,28,33,92,72,58,True,2045,1,888.9679715302491
NEE,2021-06-30,0.0072025995257807285,0.16342436769338572,0.08250250365894289,0.5048359973693324,16.956818147139117,NextEra Energy,Renewable Energy,Integrated Renewables,US,150.2,75,82,68,75,24500,480,5200,28100,65,16200,28,33,92,72,58,True,2045,1,888.9679715302491
NEE,2021-07-31,0.061983824814424215,0.1381431754430588,0.7438058977730906,5.384311569409955,17.60333351861863,NextEra Energy,Renewable Energy,Integrated Renewables,US,150.2,75,82,68,75,24500,480,5200,28100,65,16200,28,33,92,72,58,True,2045,1,888.9679715302491
NEE,2021-08-31,0.08081985140105219,0.14190315578880516,0.9257546615029615,6.523848298911439,17.47772723978216,NextEra Energy,Renewable Energy,Integrated Renewables,US,150.2,75,82,68,75,24500,480,5200,28100,65,16200,28,33,92,72,58,True,2045,1,888.9679715302491
NEE,2021-09-30,-0.06576983329104313,0.191833726105556,-0.7892379994925176,-4.114177498998489,19.8247617994036,NextEra Energy,Renewable Energy,Integrated Renewables,US,150.2,75,82,68,75,24500,480,5200,28100,65,16200,28,33,92,72,58,True,2045,1,888.9679715302491
NEE,2021-10-31,0.08502130393321218,0.20580195256009284,1.020255647198546,4.957463398704334,17.869047573634557,NextEra Energy,Renewable Energy,Integrated Renewables,US,150.2,75,82,68,75,24500,480,5200,28100,65,16200,28,33,92,72,58,True,2045,1,888.9679715302491
NEE,2021-11-30,0.022439317646468226,0.1712273433891669,0.2692718117576187,1.5725981985576658,18.500476246788388,NextEra Energy,Renewable Energy,Integrated Renewables,US,150.2,75,82,68,75,24500,480,5200,28100,65,16200,28,33,92,72,58,True,2045,1,888.9679715302491
NEE,2021-12-31,0.07424743234691622,0.1579472701508881,0.8504705887010403,5.384522238900235,21.354545506564055,NextEra Energy,Renewable Energy,Integrated Renewables,US,150.2,75,82,68,75,24500,480,5200,28100,65,16200,28,33,92,72,58,True,2045,1,888.9679715302491
NEE,2022-01-31,-0.16872227918220595,0.47955329636061883,-2.125900717695795,-4.4330854022472215,23.18100004196167,NextEra Energy,Renewable Energy,Integrated Renewables,US,150.2,75,82,68,75,24500,480,5200,28100,65,16200,28,33,92,72,58,True,2045,1,888.9679715302491
NEE,2022-02-28,0.009852139882374988,0.26086540606988384,0.13067048686097352,0.5009115191991685,25.74842111687911,NextEra Energy,Renewable Energy,Integrated Renewables,US,150.2,75,82,68,75,24500,480,5200,28100,65,16200,28,33,92,72,58,True,2045,1,888.9679715302491
NEE,2022-03-31,0.08213990640374991,0.26087760251871356,0.899967670162825,3.4497697827404235,26.968695682028066,NextEra Energy,Renewable Energy,Integrated Renewables,US,150.2,75,82,68,75,24500,480,5200,28100,65,16200,28,33,92,72,58,True,2045,1,888.9679715302491
NEE,2022-04-30,-0.17245909304884643,0.27960004533583743,-2.172984572415465,-7.771760443763221,24.37350015640259,NextEra Energy,Renewable Energy,Integrated Renewables,US,150.2,75,82,68,75,24500,480,5200,28100,65,16200,28,33,92,72,58,True,2045,1,888.9679715302491
NEE,2022-05-31,0.07320699956180121,0.3072601197558257,0.8784839947416145,2.8590888900249425,29.445714587257022,NextEra Energy,Renewable Energy,Integrated Renewables,US,150.2,75,82,68,75,24500,480,5200,28100,65,16200,28,33,92,72,58,True,2045,1,888.9679715302491
NEE,2022-06-30,0.028826139076200907,0.3781878936713758,0.3459136689144109,0.9146608728173372,28.100000018165225,NextEra Energy,Renewable Energy,Integrated Renewables,US,150.2,75,82,68,75,24500,480,5200,28100,65,16200,28,33,92,72,58,True,2045,1,888.9679715302491
NEE,2022-07-31,0.09003865003111688,0.28342600910425875,1.1344869903920727,4.002762463393928,24.86850004196167,NextEra Energy,Renewable Energy,Integrated Renewables,US,150.2,75,82,68,75,24500,480,5200,28100,65,16200,28,33,92,72,58,True,2045,1,888.9679715302491
NEE,2022-08-31,0.012578516972353017,0.1524726613869826,0.13781679465360697,0.9038787242246767,22.169565366662066,NextEra Energy,Renewable Energy,Integrated Renewables,US,150.2,75,82,68,75,24500,480,5200,28100,65,16200,28,33,92,72,58,True,2045,1,888.9679715302491
NEE,2022-09-30,-0.07785579856301883,0.2925773033845013,-0.934269582756226,-3.193240117906279,27.406190418061755,NextEra Energy,Renewable Energy,Integrated Renewables,US,150.2,75,82,68,75,24500,480,5200,28100,65,16200,28,33,92,72,58,True,2045,1,888.9679715302491
NEE,2022-10-31,-0.004796952318562253,0.41619377372440786,-0.05756342782274704,-0.13830919984128345,30.005714416503906,NextEra Energy,Renewable Energy,Integrated Renewables,US,150.2,75,82,68,75,24500,480,5200,28100,65,16200,28,33,92,72,58,True,2045,1,888.9679715302491
NEE,2022-11-30,0.0978306171066613,0.3086995031175734,1.1739674052799356,3.802945561699885,23.436190650576638,NextEra Energy,Renewable Energy,Integrated Renewables,US,150.2,75,82,68,75,24500,480,5200,28100,65,16200,28,33,92,72,58,True,2045,1,888.9679715302491
NEE,2022-12-31,-0.011914901742944073,0.1705458482081603,-0.14297882091532887,-0.8383600211763327,21.784285681588308,NextEra Energy,Renewable Energy,Integrated Renewables,US,150.2,75,82,68,75,24500,480,5200,28100,65,16200,28,33,92,72,58,True,2045,1,888.9679715302491
NEE,2023-01-31,-0.10830819437365147,0.3514765177082271,-1.3646832491080083,-3.88271528922134,20.202999973297118,NextEra Energy,Renewable Energy,Integrated Renewables,US,150.2,75,82,68,75,24500,480,5200,28100,65,16200,28,33,92,72,58,True,2045,1,888.9679715302491
NEE,2023-02-28,-0.04110504147323335,0.22691194380047414,-0.5451826553292002,-2.402617712395891,20.06210537960655,NextEra Energy,Renewable Energy,Integrated Renewables,US,150.2,75,82,68,75,24500,480,5200,28100,65,16200,28,33,92,72,58,True,2045,1,888.9679715302491
NEE,2023-03-31,0.08376498205834171,0.2081835557779423,0.9177728469000918,4.408479062962248,21.644347895746645,NextEra Energy,Renewable Energy,Integrated Renewables,US,150.2,75,82,68,75,24500,480,5200,28100,65,16200,28,33,92,72,58,True,2045,1,888.9679715302491
NEE,2023-04-30,-0.0038588905000404017,0.23440482856018496,-0.051181074000535856,-0.21834479398275186,17.8178946344476,NextEra Energy,Renewable Energy,Integrated Renewables,US,150.2,75,82,68,75,24500,480,5200,28100,65,16200,28,33,92,72,58,True,2045,1,888.9679715302491
NEE,2023-05-31,-0.034523395588768824,0.17666899152140084,-0.3954498040168065,-2.2383656611800133,17.64409099925648,NextEra Energy,Renewable Energy,Integrated Renewables,US,150.2,75,82,68,75,24500,480,5200,28100,65,16200,28,33,92,72,58,True,2045,1,888.9679715302491
NEE,2023-06-30,0.011137434417647696,0.16764534606780523,0.13364921301177235,0.7972139766869345,13.994285628909157,NextEra Energy,Renewable Energy,Integrated Renewables,US,150.2,75,82,68,75,24500,480,5200,28100,65,16200,28,33,92,72,58,True,2045,1,888.9679715302491
NEE,2023-07-31,-0.010533693792069143,0.2105646890917095,-0.1327245417800712,-0.6303266818030646,13.943999910354615,NextEra Energy,Renewable Energy,Integrated Renewables,US,150.2,75,82,68,75,24500,480,5200,28100,65,16200,28,33,92,72,58,True,2045,1,888.9679715302491
NEE,2023-08-31,-0.08487280886621862,0.14473172529938028,-0.9299107754037866,-6.425065226578685,15.853912975477135,NextEra Energy,Renewable Energy,Integrated Renewables,US,150.2,75,82,68,75,24500,480,5200,28100,65,16200,28,33,92,72,58,True,2045,1,888.9679715302491
NEE,2023-09-30,-0.14772928442680144,0.3662143176161768,-1.861388983777698,-5.082785937737665,15.241000032424926,NextEra Energy,Renewable Energy,Integrated Renewables,US,150.2,75,82,68,75,24500,480,5200,28100,65,16200,28,33,92,72,58,True,2045,1,888.9679715302491
NEE,2023-10-31,0.029191506755148477,0.5271224655961121,0.3343754410135189,0.6343410930804866,18.887727303938433,NextEra Energy,Renewable Energy,Integrated Renewables,US,150.2,75,82,68,75,24500,480,5200,28100,65,16200,28,33,92,72,58,True,2045,1,888.9679715302491
NEE,2023-11-30,0.015359019574953447,0.3042922755330347,0.18430823489944137,0.6056947537579949,14.077142897106352,NextEra Energy,Renewable Energy,Integrated Renewables,US,150.2,75,82,68,75,24500,480,5200,28100,65,16200,28,33,92,72,58,True,2045,1,888.9679715302491
NEE,2023-12-31,0.040133424338488544,0.2691840539347154,0.5056811466649556,1.8785702171927214,12.718499994277954,NextEra Energy,Renewable Energy,Integrated Renewables,US,150.2,75,82,68,75,24500,480,5200,28100,65,16200,28,33,92,72,58,True,2045,1,888.9679715302491
NEE,2024-01-31,-0.03342049418295101,0.2184111549277598,-0.4010459301954121,-1.8361971041637473,13.395238149733771,NextEra Energy,Renewable Energy,Integrated Renewables,US,150.2,75,82,68,75,24500,480,5200,28100,65,16200,28,33,92,72,58,True,2045,1,888.9679715302491
NEE,2024-02-29,-0.048371529349227615,0.27651458958309877,-0.609481269800268,-2.2041559207388777,13.944000101089477,NextEra Energy,Renewable Energy,Integrated Renewables,US,150.2,75,82,68,75,24500,480,5200,28100,65,16200,28,33,92,72,58,True,2045,1,888.9679715302491
NEE,2024-03-31,0.1495543268183802,0.249751189729383,1.8843845179115908,7.545047212601505,13.787499904632568,NextEra Energy,Renewable Energy,Integrated Renewables,US,150.2,75,82,68,75,24500,480,5200,28100,65,16200,28,33,92,72,58,True,2045,1,888.9679715302491
NEE,2024-04-30,0.04877295601428289,0.21711861867651402,0.5586720416181494,2.5731189937723276,16.137727087194268,NextEra Energy,Renewable Energy,Integrated Renewables,US,150.2,75,82,68,75,24500,480,5200,28100,65,16200,28,33,92,72,58,True,2045,1,888.9679715302491
NEE,2024-05-31,0.18044638629951562,0.20200840831917447,2.0669313339762696,10.231907429865524,13.090454535050826,NextEra Energy,Renewable Energy,Integrated Renewables,US,150.2,75,82,68,75,24500,480,5200,28100,65,16200,28,33,92,72,58,True,2045,1,888.9679715302491
NEE,2024-06-30,-0.11168278965990341,0.32315353176420086,-1.4812664733839822,-4.5837855006481405,12.676842037000155,NextEra Energy,Renewable Energy,Integrated Renewables,US,150.2,75,82,68,75,24500,480,5200,28100,65,16200,28,33,92,72,58,True,2045,1,888.9679715302491
NEE,2024-07-31,0.08116865682545205,0.3501281156644701,0.9297500690915417,2.655456752814809,14.470000050284646,NextEra Energy,Renewable Energy,Integrated Renewables,US,150.2,75,82,68,75,24500,480,5200,28100,65,16200,28,33,92,72,58,True,2045,1,888.9679715302491
NEE,2024-08-31,0.06054459489821162,0.18804932736293858,0.6935108142886058,3.687919675193081,19.31227272207087,NextEra Energy,Renewable Energy,Integrated Renewables,US,150.2,75,82,68,75,24500,480,5200,28100,65,16200,28,33,92,72,58,True,2045,1,888.9679715302491
NEE,2024-09-30,0.050156251886707026,0.19084323906458567,0.6319687737725085,3.3114548719152475,17.768999814987183,NextEra Energy,Renewable Energy,Integrated Renewables,US,150.2,75,82,68,75,24500,480,5200,28100,65,16200,28,33,92,72,58,True,2045,1,888.9679715302491
NEE,2024-10-31,-0.061436034191835416,0.25913897383177387,-0.6731252441888054,-2.597545379745852,19.96086958180303,NextEra Energy,Renewable Energy,Integrated Renewables,US,150.2,75,82,68,75,24500,480,5200,28100,65,16200,28,33,92,72,58,True,2045,1,888.9679715302491
NEE,2024-11-30,0.0024770083885071736,0.2866535086982375,0.031210305695190385,0.10887815689723766,16.121000051498413,NextEra Energy,Renewable Energy,Integrated Renewables,US,150.2,75,82,68,75,24500,480,5200,28100,65,16200,28,33,92,72,58,True,2045,1,888.9679715302491
NEE,2024-12-31,-0.09048802546386958,0.1812537780437549,-1.1401491208447567,-6.290346789734354,15.792000102996827,NextEra Energy,Renewable Energy,Integrated Renewables,US,150.2,75,82,68,75,24500,480,5200,28100,65,16200,28,33,92,72,58,True,2045,1,888.9679715302491
NGG,2020-08-31,-0.04398125289262533,0.1939047474890022,-0.527775034711504,-2.721826265452516,22.88952382405599,National Grid,Utilities,Gas & Electric Utility,UK,52.8,76,75,72,80,2100,380,26000,21600,35,29300,30,42,88,62,40,True,2050,1,114.81481481481481
NGG,2020-09-30,0.02564988534203194,0.26190956284466455,0.3077986241043833,1.175209567612982,27.647619065784273,National Grid,Utilities,Gas & Electric Utility,UK,52.8,76,75,72,80,2100,380,26000,21600,35,29300,30,42,88,62,40,True,2050,1,114.81481481481481
NGG,2020-10-31,0.02993021982648114,0.1953912311407662,0.3428370634669658,1.754618472207562,29.438636086203836,National Grid,Utilities,Gas & Electric Utility,UK,52.8,76,75,72,80,2100,380,26000,21600,35,29300,30,42,88,62,40,True,2050,1,114.81481481481481
NGG,2020-11-30,-0.027100296525268797,0.22799616559899694,-0.3414637362183869,-1.4976731530606457,24.995500087738037,National Grid,Utilities,Gas & Electric Utility,UK,52.8,76,75,72,80,2100,380,26000,21600,35,29300,30,42,88,62,40,True,2050,1,114.81481481481481
NGG,2020-12-31,0.0428247864904302,0.22815810607433756,0.49053846343583685,2.14999358066205,22.374090974981133,National Grid,Utilities,Gas & Electric Utility,UK,52.8,76,75,72,80,2100,380,26000,21600,35,29300,30,42,88,62,40,True,2050,1,114.81481481481481
NGG,2021-01-31,-0.015286715402449302,0.16146898012081157,-0.20275012007459076,-1.2556598792095703,24.90999984741211,National Grid,Utilities,Gas & Electric Utility,UK,52.8,76,75,72,80,2100,380,26000,21600,35,29300,30,42,88,62,40,True,2050,1,114.81481481481481
NGG,2021-02-28,-0.03677716194011815,0.21260014509815886,-0.4877813057320934,-2.29436017321099,23.140526219418174,National Grid,Utilities,Gas & Electric Utility,UK,52.8,76,75,72,80,2100,380,26000,21600,35,29300,30,42,88,62,40,True,2050,1,114.81481481481481
NGG,2021-03-31,0.05976253011201682,0.1834575509452532,0.6547894603577495,3.5691605877435357,21.843043534652047,National Grid,Utilities,Gas & Electric Utility,UK,52.8,76,75,72,80,2100,380,26000,21600,35,29300,30,42,88,62,40,True,2050,1,114.81481481481481
NGG,2021-04-30,0.061869116196383245,0.11888440175695275,0.7424293943565989,6.244968922621333,17.416190556117467,National Grid,Utilities,Gas & Electric Utility,UK,52.8,76,75,72,80,2100,380,26000,21600,35,29300,30,42,88,62,40,True,2050,1,114.81481481481481
NGG,2021-05-31,0.06086484658709279,0.14988278534058563,0.7668970669973693,5.11664541898333,19.7604998588562,National Grid,Utilities,Gas & Electric Utility,UK,52.8,76,75,72,80,2100,380,26000,21600,35,29300,30,42,88,62,40,True,2050,1,114.81481481481481
NGG,2021-06-30,-0.010121232280789316,0.1243098920059817,-0.11593411521631398,-0.932621799806047,16.956818147139117,National Grid,Utilities,Gas & Electric Utility,UK,52.8,76,75,72,80,2100,380,26000,21600,35,29300,30,42,88,62,40,True,2050,1,114.81481481481481
NGG,2021-07-31,0.0067183405983078925,0.14121299031724105,0.08062008717969471,0.570911266722546,17.60333351861863,National Grid,Utilities,Gas & Electric Utility,UK,52.8,76,75,72,80,2100,380,26000,21600,35,29300,30,42,88,62,40,True,2050,1,114.81481481481481
NGG,2021-08-31,0.009180186004490665,0.09228886076275647,0.10515485786962034,1.139410076151422,17.47772723978216,National Grid,Utilities,Gas & Electric Utility,UK,52.8,76,75,72,80,2100,380,26000,21600,35,29300,30,42,88,62,40,True,2050,1,114.81481481481481
NGG,2021-09-30,-0.08291133222313929,0.1910877540163658,-0.9949359866776716,-5.2066967441171546,19.8247617994036,National Grid,Utilities,Gas & Electric Utility,UK,52.8,76,75,72,80,2100,380,26000,21600,35,29300,30,42,88,62,40,True,2050,1,114.81481481481481
NGG,2021-10-31,0.07322229457026408,0.16869302536154263,0.878667534843169,5.208677317630709,17.869047573634557,National Grid,Utilities,Gas & Electric Utility,UK,52.8,76,75,72,80,2100,380,26000,21600,35,29300,30,42,88,62,40,True,2050,1,114.81481481481481
NGG,2021-11-30,0.031043384367811178,0.10521785850843912,0.37252061241373413,3.5404694383117072,18.500476246788388,National Grid,Utilities,Gas & Electric Utility,UK,52.8,76,75,72,80,2100,380,26000,21600,35,29300,30,42,88,62,40,True,2050,1,114.81481481481481
NGG,2021-12-31,0.10890062457476879,0.11636497815845682,1.2474071542200789,10.719781621249103,21.354545506564055,National Grid,Utilities,Gas & Electric Utility,UK,52.8,76,75,72,80,2100,380,26000,21600,35,29300,30,42,88,62,40,True,2050,1,114.81481481481481
NGG,2022-01-31,0.01261804911416442,0.1320344184480636,0.15898741883847167,1.2041361692444623,23.18100004196167,National Grid,Utilities,Gas & Electric Utility,UK,52.8,76,75,72,80,2100,380,26000,21600,35,29300,30,42,88,62,40,True,2050,1,114.81481481481481
NGG,2022-02-28,0.034004067030397156,0.22822676727797217,0.4510013100873728,1.9761104951290358,25.74842111687911,National Grid,Utilities,Gas & Electric Utility,UK,52.8,76,75,72,80,2100,380,26000,21600,35,29300,30,42,88,62,40,True,2050,1,114.81481481481481
NGG,2022-03-31,0.019218972375040222,0.22973878354055724,0.21057308863087548,0.9165761452449829,26.968695682028066,National Grid,Utilities,Gas & Electric Utility,UK,52.8,76,75,72,80,2100,380,26000,21600,35,29300,30,42,88,62,40,True,2050,1,114.81481481481481
NGG,2022-04-30,-0.03410817191015558,0.2149529150129495,-0.4297629660679604,-1.9993353709209758,24.37350015640259,National Grid,Utilities,Gas & Electric Utility,UK,52.8,76,75,72,80,2100,380,26000,21600,35,29300,30,42,88,62,40,True,2050,1,114.81481481481481
NGG,2022-05-31,0.004749280493149488,0.21183735887296967,0.05699136591779386,0.2690335936069203,29.445714587257022,National Grid,Utilities,Gas & Electric Utility,UK,52.8,76,75,72,80,2100,380,26000,21600,35,29300,30,42,88,62,40,True,2050,1,114.81481481481481
NGG,2022-06-30,-0.1077280969590748,0.25916211739061706,-1.2927371635088978,-4.988140923237037,28.100000018165225,National Grid,Utilities,Gas & Electric Utility,UK,52.8,76,75,72,80,2100,380,26000,21600,35,29300,30,42,88,62,40,True,2050,1,114.81481481481481
NGG,2022-07-31,0.0746562167684105,0.17995380732719896,0.9406683312819722,5.227276628671784,24.86850004196167,National Grid,Utilities,Gas & Electric Utility,UK,52.8,76,75,72,80,2100,380,26000,21600,35,29300,30,42,88,62,40,True,2050,1,114.81481481481481
NGG,2022-08-31,-0.09448197875499054,0.21664174873892647,-1.0351938541851138,-4.778367328601187,22.169565366662066,National Grid,Utilities,Gas & Electric Utility,UK,52.8,76,75,72,80,2100,380,26000,21600,35,29300,30,42,88,62,40,True,2050,1,114.81481481481481
NGG,2022-09-30,-0.19931251931814875,0.302454628303178,-2.391750231817785,-7.90779842000075,27.406190418061755,National Grid,Utilities,Gas & Electric Utility,UK,52.8,76,75,72,80,2100,380,26000,21600,35,29300,30,42,88,62,40,True,2050,1,114.81481481481481
NGG,2022-10-31,0.06406840298910454,0.382658874548043,0.7688208358692545,2.0091545943558895,30.005714416503906,National Grid,Utilities,Gas & Electric Utility,UK,52.8,76,75,72,80,2100,380,26000,21600,35,29300,30,42,88,62,40,True,2050,1,114.81481481481481
NGG,2022-11-30,0.14097043051143587,0.2920289496504753,1.6916451661372305,5.792731056841909,23.436190650576638,National Grid,Utilities,Gas & Electric Utility,UK,52.8,76,75,72,80,2100,380,26000,21600,35,29300,30,42,88,62,40,True,2050,1,114.81481481481481
NGG,2022-12-31,-0.01994934576644236,0.16165908617301522,-0.23939214919730833,-1.4808456169367399,21.784285681588308,National Grid,Utilities,Gas & Electric Utility,UK,52.8,76,75,72,80,2100,380,26000,21600,35,29300,30,42,88,62,40,True,2050,1,114.81481481481481
NGG,2023-01-31,0.057191906174276275,0.2004951608335814,0.720618017795881,3.594191574499004,20.202999973297118,National Grid,Utilities,Gas & Electric Utility,UK,52.8,76,75,72,80,2100,380,26000,21600,35,29300,30,42,88,62,40,True,2050,1,114.81481481481481
NGG,2023-02-28,-0.012363638381236774,0.18410988670775708,-0.16398088800377195,-0.8906685617816035,20.06210537960655,National Grid,Utilities,Gas & Electric Utility,UK,52.8,76,75,72,80,2100,380,26000,21600,35,29300,30,42,88,62,40,True,2050,1,114.81481481481481
NGG,2023-03-31,0.07988650835599187,0.21938905588743976,0.87527826546565,3.989616810761619,21.644347895746645,National Grid,Utilities,Gas & Electric Utility,UK,52.8,76,75,72,80,2100,380,26000,21600,35,29300,30,42,88,62,40,True,2050,1,114.81481481481481
NGG,2023-04-30,0.053707578256549704,0.18265839991539906,0.712332090560554,3.899804722314885,17.8178946344476,National Grid,Utilities,Gas & Electric Utility,UK,52.8,76,75,72,80,2100,380,26000,21600,35,29300,30,42,88,62,40,True,2050,1,114.81481481481481
NGG,2023-05-31,-0.030711968289974134,0.2115942338958138,-0.35179163677606734,-1.6625766699733646,17.64409099925648,National Grid,Utilities,Gas & Electric Utility,UK,52.8,76,75,72,80,2100,380,26000,21600,35,29300,30,42,88,62,40,True,2050,1,114.81481481481481
NGG,2023-06-30,0.005659001594848445,0.14256571521256062,0.06790801913818134,0.47632783966981684,13.994285628909157,National Grid,Utilities,Gas & Electric Utility,UK,52.8,76,75,72,80,2100,380,26000,21600,35,29300,30,42,88,62,40,True,2050,1,114.81481481481481
NGG,2023-07-31,0.0019520907337908788,0.1793001560713252,0.024596343245765075,0.13717970906829943,13.943999910354615,National Grid,Utilities,Gas & Electric Utility,UK,52.8,76,75,72,80,2100,380,26000,21600,35,29300,30,42,88,62,40,True,2050,1,114.81481481481481
NGG,2023-08-31,-0.06218015719625691,0.1920138745385135,-0.6812782440633366,-3.5480677930213216,15.853912975477135,National Grid,Utilities,Gas & Electric Utility,UK,52.8,76,75,72,80,2100,380,26000,21600,35,29300,30,42,88,62,40,True,2050,1,114.81481481481481
NGG,2023-09-30,-0.0402679504798521,0.19017935958063195,-0.5073761760461365,-2.66788245141303,15.241000032424926,National Grid,Utilities,Gas & Electric Utility,UK,52.8,76,75,72,80,2100,380,26000,21600,35,29300,30,42,88,62,40,True,2050,1,114.81481481481481
NGG,2023-10-31,-0.006047240471134252,0.21240346805295002,-0.06926839085117416,-0.32611704265537816,18.887727303938433,National Grid,Utilities,Gas & Electric Utility,UK,52.8,76,75,72,80,2100,380,26000,21600,35,29300,30,42,88,62,40,True,2050,1,114.81481481481481
NGG,2023-11-30,0.11267279292879151,0.16739965940903268,1.3520735151454981,8.076919152157737,14.077142897106352,National Grid,Utilities,Gas & Electric Utility,UK,52.8,76,75,72,80,2100,380,26000,21600,35,29300,30,42,88,62,40,True,2050,1,114.81481481481481
NGG,2023-12-31,0.031005142661517437,0.19537144332545928,0.39066479753511973,1.9996003043511905,12.718499994277954,National Grid,Utilities,Gas & Electric Utility,UK,52.8,76,75,72,80,2100,380,26000,21600,35,29300,30,42,88,62,40,True,2050,1,114.81481481481481
NGG,2024-01-31,-0.006113665894098896,0.12973572843030598,-0.07336399072918676,-0.5654879470507455,13.395238149733771,National Grid,Utilities,Gas & Electric Utility,UK,52.8,76,75,72,80,2100,380,26000,21600,35,29300,30,42,88,62,40,True,2050,1,114.81481481481481
NGG,2024-02-29,-0.011367192226705125,0.2054907735184516,-0.14322662205648456,-0.6969978243019453,13.944000101089477,National Grid,Utilities,Gas & Electric Utility,UK,52.8,76,75,72,80,2100,380,26000,21600,35,29300,30,42,88,62,40,True,2050,1,114.81481481481481
NGG,2024-03-31,0.02386406017187659,0.13805334618440024,0.30068715816564506,2.178050489004533,13.787499904632568,National Grid,Utilities,Gas & Electric Utility,UK,52.8,76,75,72,80,2100,380,26000,21600,35,29300,30,42,88,62,40,True,2050,1,114.81481481481481
NGG,2024-04-30,-0.021796754673148344,0.1873693277497166,-0.24967191716515374,-1.3325122108494696,16.137727087194268,National Grid,Utilities,Gas & Electric Utility,UK,52.8,76,75,72,80,2100,380,26000,21600,35,29300,30,42,88,62,40,True,2050,1,114.81481481481481
NGG,2024-05-31,-0.06496936559457633,0.5605508875865749,-0.7441945513560562,-1.3276128320127194,13.090454535050826,National Grid,Utilities,Gas & Electric Utility,UK,52.8,76,75,72,80,2100,380,26000,21600,35,29300,30,42,88,62,40,True,2050,1,114.81481481481481
NGG,2024-06-30,0.0267950561672603,0.2255811393057527,0.35538706074471554,1.5754289646663409,12.676842037000155,National Grid,Utilities,Gas & Electric Utility,UK,52.8,76,75,72,80,2100,380,26000,21600,35,29300,30,42,88,62,40,True,2050,1,114.81481481481481
NGG,2024-07-31,0.1283251223421401,0.19673480682922,1.4699059468281503,7.471509340511029,14.470000050284646,National Grid,Utilities,Gas & Electric Utility,UK,52.8,76,75,72,80,2100,380,26000,21600,35,29300,30,42,88,62,40,True,2050,1,114.81481481481481
NGG,2024-08-31,0.03470743456049108,0.21006505119874874,0.3975578867838069,1.8925465445828284,19.31227272207087,National Grid,Utilities,Gas & Electric Utility,UK,52.8,76,75,72,80,2100,380,26000,21600,35,29300,30,42,88,62,40,True,2050,1,114.81481481481481
NGG,2024-09-30,0.04584635703077111,0.1393223391544028,0.5776640985877161,4.146241744818285,17.768999814987183,National Grid,Utilities,Gas & Electric Utility,UK,52.8,76,75,72,80,2100,380,26000,21600,35,29300,30,42,88,62,40,True,2050,1,114.81481481481481
NGG,2024-10-31,-0.089557361510897,0.1894461386525878,-0.9812371782933063,-5.179504767277043,19.96086958180303,National Grid,Utilities,Gas & Electric Utility,UK,52.8,76,75,72,80,2100,380,26000,21600,35,29300,30,42,88,62,40,True,2050,1,114.81481481481481
NGG,2024-11-30,0.018713429793101977,0.1621483538626093,0.2357892153930849,1.454157318136406,16.121000051498413,National Grid,Utilities,Gas & Electric Utility,UK,52.8,76,75,72,80,2100,380,26000,21600,35,29300,30,42,88,62,40,True,2050,1,114.81481481481481
NGG,2024-12-31,-0.07158192643499506,0.16764574130011634,-0.9019322730809378,-5.3799891729209826,15.792000102996827,National Grid,Utilities,Gas & Electric Utility,UK,52.8,76,75,72,80,2100,380,26000,21600,35,29300,30,42,88,62,40,True,2050,1,114.81481481481481
PLUG,2020-08-31,0.5659035045069095,1.0117448987128757,6.790842054082914,6.712010174424507,22.88952382405599,Plug Power,Renewable Energy,Hydrogen / Fuel Cells,US,2.8,55,65,48,52,42,38,280,890,45,3600,18,20,75,88,55,False,2050,2,89.8876404494382
PLUG,2020-09-30,0.06591058399880667,0.9156158752233768,0.79092700798568,0.8638196752461536,27.647619065784273,Plug Power,Renewable Energy,Hydrogen / Fuel Cells,US,2.8,55,65,48,52,42,38,280,890,45,3600,18,20,75,88,55,False,2050,2,89.8876404494382
PLUG,2020-10-31,0.06751229512982637,0.7750940431212057,0.7733226533052839,0.997714613043872,29.438636086203836,Plug Power,Renewable Energy,Hydrogen / Fuel Cells,US,2.8,55,65,48,52,42,38,280,890,45,3600,18,20,75,88,55,False,2050,2,89.8876404494382
PLUG,2020-11-30,0.6766081654859624,0.9496122960446466,8.525262885123126,8.977624785012583,24.995500087738037,Plug Power,Renewable Energy,Hydrogen / Fuel Cells,US,2.8,55,65,48,52,42,38,280,890,45,3600,18,20,75,88,55,False,2050,2,89.8876404494382
PLUG,2020-12-31,0.28756424524270296,0.9396916228743638,3.2939177182345976,3.505317742600534,22.374090974981133,Plug Power,Renewable Energy,Hydrogen / Fuel Cells,US,2.8,55,65,48,52,42,38,280,890,45,3600,18,20,75,88,55,False,2050,2,89.8876404494382
PLUG,2021-01-31,0.7370282756760912,1.8019257478296726,9.77532239317763,5.424930746980838,24.90999984741211,Plug Power,Renewable Energy,Hydrogen / Fuel Cells,US,2.8,55,65,48,52,42,38,280,890,45,3600,18,20,75,88,55,False,2050,2,89.8876404494382
PLUG,2021-02-28,-0.218717372002718,1.128362215761589,-2.900883039193944,-2.5708792785444263,23.140526219418174,Plug Power,Renewable Energy,Hydrogen / Fuel Cells,US,2.8,55,65,48,52,42,38,280,890,45,3600,18,20,75,88,55,False,2050,2,89.8876404494382
PLUG,2021-03-31,-0.24095724010936181,1.147686145222101,-2.6400532394590948,-2.300326836260788,21.843043534652047,Plug Power,Renewable Energy,Hydrogen / Fuel Cells,US,2.8,55,65,48,52,42,38,280,890,45,3600,18,20,75,88,55,False,2050,2,89.8876404494382
PLUG,2021-04-30,-0.20570753860131674,0.7378340904108607,-2.468490463215801,-3.3455901472934513,17.416190556117467,Plug Power,Renewable Energy,Hydrogen / Fuel Cells,US,2.8,55,65,48,52,42,38,280,890,45,3600,18,20,75,88,55,False,2050,2,89.8876404494382
PLUG,2021-05-31,0.12050314952532815,1.1200925107811053,1.5183396840191346,1.355548465331947,19.7604998588562,Plug Power,Renewable Energy,Hydrogen / Fuel Cells,US,2.8,55,65,48,52,42,38,280,890,45,3600,18,20,75,88,55,False,2050,2,89.8876404494382
PLUG,2021-06-30,0.1267888221972281,0.6882212021007977,1.452308326986431,2.110234794501033,16.956818147139117,Plug Power,Renewable Energy,Hydrogen / Fuel Cells,US,2.8,55,65,48,52,42,38,280,890,45,3600,18,20,75,88,55,False,2050,2,89.8876404494382
PLUG,2021-07-31,-0.21519441324630173,0.4833426702356514,-2.5823329589556208,-5.342654638160989,17.60333351861863,Plug Power,Renewable Energy,Hydrogen / Fuel Cells,US,2.8,55,65,48,52,42,38,280,890,45,3600,18,20,75,88,55,False,2050,2,89.8876404494382
PLUG,2021-08-31,-0.032341146151318445,0.5682510557753319,-0.3704531286423749,-0.6519180648717353,17.47772723978216,Plug Power,Renewable Energy,Hydrogen / Fuel Cells,US,2.8,55,65,48,52,42,38,280,890,45,3600,18,20,75,88,55,False,2050,2,89.8876404494382
PLUG,2021-09-30,-0.007441591113014456,0.5637466979590525,-0.08929909335617348,-0.15840286724421695,19.8247617994036,Plug Power,Renewable Energy,Hydrogen / Fuel Cells,US,2.8,55,65,48,52,42,38,280,890,45,3600,18,20,75,88,55,False,2050,2,89.8876404494382
PLUG,2021-10-31,0.4282710363591101,0.7195818685635114,5.139252436309321,7.141998236515771,17.869047573634557,Plug Power,Renewable Energy,Hydrogen / Fuel Cells,US,2.8,55,65,48,52,42,38,280,890,45,3600,18,20,75,88,55,False,2050,2,89.8876404494382
PLUG,2021-11-30,0.06250232342533779,0.7542929205283374,0.7500278811040535,0.9943456456925295,18.500476246788388,Plug Power,Renewable Energy,Hydrogen / Fuel Cells,US,2.8,55,65,48,52,42,38,280,890,45,3600,18,20,75,88,55,False,2050,2,89.8876404494382
PLUG,2021-12-31,-0.3220855165420303,0.6875937690197091,-3.6893431894814386,-5.36558554732291,21.354545506564055,Plug Power,Renewable Energy,Hydrogen / Fuel Cells,US,2.8,55,65,48,52,42,38,280,890,45,3600,18,20,75,88,55,False,2050,2,89.8876404494382
PLUG,2022-01-31,-0.23001074376798047,0.8117757783567601,-2.898135371476554,-3.5701180655366613,23.18100004196167,Plug Power,Renewable Energy,Hydrogen / Fuel Cells,US,2.8,55,65,48,52,42,38,280,890,45,3600,18,20,75,88,55,False,2050,2,89.8876404494382
PLUG,2022-02-28,0.17372057954460374,0.8967214369347934,2.3040834760652706,2.569452877073146,25.74842111687911,Plug Power,Renewable Energy,Hydrogen / Fuel Cells,US,2.8,55,65,48,52,42,38,280,890,45,3600,18,20,75,88,55,False,2050,2,89.8876404494382
PLUG,2022-03-31,0.14443649105487777,0.6911657978900791,1.582521554166487,2.2896410079859972,26.968695682028066,Plug Power,Renewable Energy,Hydrogen / Fuel Cells,US,2.8,55,65,48,52,42,38,280,890,45,3600,18,20,75,88,55,False,2050,2,89.8876404494382
PLUG,2022-04-30,-0.27588551578521037,0.8917315807132699,-3.4761574988936506,-3.8982105984327418,24.37350015640259,Plug Power,Renewable Energy,Hydrogen / Fuel Cells,US,2.8,55,65,48,52,42,38,280,890,45,3600,18,20,75,88,55,False,2050,2,89.8876404494382
PLUG,2022-05-31,-0.06017529525311305,1.3050903629508845,-0.7221035430373566,-0.5532977359549562,29.445714587257022,Plug Power,Renewable Energy,Hydrogen / Fuel Cells,US,2.8,55,65,48,52,42,38,280,890,45,3600,18,20,75,88,55,False,2050,2,89.8876404494382
PLUG,2022-06-30,-0.07887667134811227,0.8658663228872207,-0.9465200561773472,-1.0931480196864427,28.100000018165225,Plug Power,Renewable Energy,Hydrogen / Fuel Cells,US,2.8,55,65,48,52,42,38,280,890,45,3600,18,20,75,88,55,False,2050,2,89.8876404494382
PLUG,2022-07-31,0.30748678763904036,1.2234218834603758,3.8743335242519086,3.1668009021496224,24.86850004196167,Plug Power,Renewable Energy,Hydrogen / Fuel Cells,US,2.8,55,65,48,52,42,38,280,890,45,3600,18,20,75,88,55,False,2050,2,89.8876404494382
PLUG,2022-08-31,0.30322505451110604,0.830123712919011,3.3222919015999444,4.00216479772344,22.169565366662066,Plug Power,Renewable Energy,Hydrogen / Fuel Cells,US,2.8,55,65,48,52,42,38,280,890,45,3600,18,20,75,88,55,False,2050,2,89.8876404494382
PLUG,2022-09-30,-0.27189555280064404,0.6090931075280748,-3.2627466336077284,-5.356728869990274,27.406190418061755,Plug Power,Renewable Energy,Hydrogen / Fuel Cells,US,2.8,55,65,48,52,42,38,280,890,45,3600,18,20,75,88,55,False,2050,2,89.8876404494382
PLUG,2022-10-31,-0.2516483744729917,0.707300533755376,-3.0197804936759005,-4.269444669640683,30.005714416503906,Plug Power,Renewable Energy,Hydrogen / Fuel Cells,US,2.8,55,65,48,52,42,38,280,890,45,3600,18,20,75,88,55,False,2050,2,89.8876404494382
PLUG,2022-11-30,0.022288602777557284,0.790370358068028,0.26746323333068744,0.33840240920025316,23.436190650576638,Plug Power,Renewable Energy,Hydrogen / Fuel Cells,US,2.8,55,65,48,52,42,38,280,890,45,3600,18,20,75,88,55,False,2050,2,89.8876404494382
PLUG,2022-12-31,-0.23683128023163713,0.6415643286612706,-2.8419753627796456,-4.429759005943947,21.784285681588308,Plug Power,Renewable Energy,Hydrogen / Fuel Cells,US,2.8,55,65,48,52,42,38,280,890,45,3600,18,20,75,88,55,False,2050,2,89.8876404494382
PLUG,2023-01-31,0.34644989382747404,0.8142721190344087,4.365268662226173,5.360945757792439,20.202999973297118,Plug Power,Renewable Energy,Hydrogen / Fuel Cells,US,2.8,55,65,48,52,42,38,280,890,45,3600,18,20,75,88,55,False,2050,2,89.8876404494382
PLUG,2023-02-28,-0.12363945946284759,0.5504787448577173,-1.6398496728756629,-2.978951845451392,20.06210537960655,Plug Power,Renewable Energy,Hydrogen / Fuel Cells,US,2.8,55,65,48,52,42,38,280,890,45,3600,18,20,75,88,55,False,2050,2,89.8876404494382
PLUG,2023-03-31,-0.2210258094189248,0.602027843732007,-2.42167408580735,-4.022528378081728,21.644347895746645,Plug Power,Renewable Energy,Hydrogen / Fuel Cells,US,2.8,55,65,48,52,42,38,280,890,45,3600,18,20,75,88,55,False,2050,2,89.8876404494382
PLUG,2023-04-30,-0.24429887628058258,0.63830241553941,-3.2401745696161477,-5.076237361373565,17.8178946344476,Plug Power,Renewable Energy,Hydrogen / Fuel Cells,US,2.8,55,65,48,52,42,38,280,890,45,3600,18,20,75,88,55,False,2050,2,89.8876404494382
PLUG,2023-05-31,-0.04905621090861289,0.8878911554775039,-0.561916597680475,-0.6328665334866173,17.64409099925648,Plug Power,Renewable Energy,Hydrogen / Fuel Cells,US,2.8,55,65,48,52,42,38,280,890,45,3600,18,20,75,88,55,False,2050,2,89.8876404494382
PLUG,2023-06-30,0.2442531294451864,0.7363440976387726,2.931037553342237,3.980526988321311,13.994285628909157,Plug Power,Renewable Energy,Hydrogen / Fuel Cells,US,2.8,55,65,48,52,42,38,280,890,45,3600,18,20,75,88,55,False,2050,2,89.8876404494382
PLUG,2023-07-31,0.2517427921382773,0.6791874710133005,3.1719591809422947,4.67022628702198,13.943999910354615,Plug Power,Renewable Energy,Hydrogen / Fuel Cells,US,2.8,55,65,48,52,42,38,280,890,45,3600,18,20,75,88,55,False,2050,2,89.8876404494382
PLUG,2023-08-31,-0.41194036571033826,0.6999901899717182,-4.513433572130663,-6.447852608210152,15.853912975477135,Plug Power,Renewable Energy,Hydrogen / Fuel Cells,US,2.8,55,65,48,52,42,38,280,890,45,3600,18,20,75,88,55,False,2050,2,89.8876404494382
PLUG,2023-09-30,-0.09917177013009004,0.4533124436219138,-1.2495643036391346,-2.7565188673296963,15.241000032424926,Plug Power,Renewable Energy,Hydrogen / Fuel Cells,US,2.8,55,65,48,52,42,38,280,890,45,3600,18,20,75,88,55,False,2050,2,89.8876404494382
PLUG,2023-10-31,-0.2233006018135646,0.8504132884652272,-2.557806893500831,-3.0077221607355185,18.887727303938433,Plug Power,Renewable Energy,Hydrogen / Fuel Cells,US,2.8,55,65,48,52,42,38,280,890,45,3600,18,20,75,88,55,False,2050,2,89.8876404494382
PLUG,2023-11-30,-0.2200945060100501,1.7906160758868805,-2.641134072120601,-1.4749862394776416,14.077142897106352,Plug Power,Renewable Energy,Hydrogen / Fuel Cells,US,2.8,55,65,48,52,42,38,280,890,45,3600,18,20,75,88,55,False,2050,2,89.8876404494382
PLUG,2023-12-31,0.14577407992060565,1.004688332788606,1.8367534069996312,1.8281822800724192,12.718499994277954,Plug Power,Renewable Energy,Hydrogen / Fuel Cells,US,2.8,55,65,48,52,42,38,280,890,45,3600,18,20,75,88,55,False,2050,2,89.8876404494382
PLUG,2024-01-31,0.09049770238690547,1.669178796735681,1.0859724286428656,0.6506028178447034,13.395238149733771,Plug Power,Renewable Energy,Hydrogen / Fuel Cells,US,2.8,55,65,48,52,42,38,280,890,45,3600,18,20,75,88,55,False,2050,2,89.8876404494382
PLUG,2024-02-29,-0.19402279907220277,0.9933692455131921,-2.444687268309755,-2.4610055921821763,13.944000101089477,Plug Power,Renewable Energy,Hydrogen / Fuel Cells,US,2.8,55,65,48,52,42,38,280,890,45,3600,18,20,75,88,55,False,2050,2,89.8876404494382
PLUG,2024-03-31,0.0013483573913720681,0.8572484762202921,0.01698930313128806,0.01981841158376375,13.787499904632568,Plug Power,Renewable Energy,Hydrogen / Fuel Cells,US,2.8,55,65,48,52,42,38,280,890,45,3600,18,20,75,88,55,False,2050,2,89.8876404494382
PLUG,2024-04-30,-0.38236209996994786,0.537203647931403,-4.37978405420122,-8.152930589854236,16.137727087194268,Plug Power,Renewable Energy,Hydrogen / Fuel Cells,US,2.8,55,65,48,52,42,38,280,890,45,3600,18,20,75,88,55,False,2050,2,89.8876404494382
PLUG,2024-05-31,0.42193497547867864,1.1549705437451177,4.833073355483046,4.184585816198637,13.090454535050826,Plug Power,Renewable Energy,Hydrogen / Fuel Cells,US,2.8,55,65,48,52,42,38,280,890,45,3600,18,20,75,88,55,False,2050,2,89.8876404494382
PLUG,2024-06-30,-0.3437234732876041,0.5266284687956873,-4.558858698340855,-8.656688668514667,12.676842037000155,Plug Power,Renewable Energy,Hydrogen / Fuel Cells,US,2.8,55,65,48,52,42,38,280,890,45,3600,18,20,75,88,55,False,2050,2,89.8876404494382
PLUG,2024-07-31,0.09136419404202113,0.8801419410490489,1.046535313572242,1.189052884270993,14.470000050284646,Plug Power,Renewable Energy,Hydrogen / Fuel Cells,US,2.8,55,65,48,52,42,38,280,890,45,3600,18,20,75,88,55,False,2050,2,89.8876404494382
PLUG,2024-08-31,-0.2490717568154024,0.7313141330503842,-2.8530037598855182,-3.9012014549552805,19.31227272207087,Plug Power,Renewable Energy,Hydrogen / Fuel Cells,US,2.8,55,65,48,52,42,38,280,890,45,3600,18,20,75,88,55,False,2050,2,89.8876404494382
PLUG,2024-09-30,0.20952969502462793,0.813082677340912,2.6400741573103117,3.246993486498019,17.768999814987183,Plug Power,Renewable Energy,Hydrogen / Fuel Cells,US,2.8,55,65,48,52,42,38,280,890,45,3600,18,20,75,88,55,False,2050,2,89.8876404494382
PLUG,2024-10-31,-0.11180514313321621,0.8312771127434747,-1.2249954812856731,-1.4736307093104062,19.96086958180303,Plug Power,Renewable Energy,Hydrogen / Fuel Cells,US,2.8,55,65,48,52,42,38,280,890,45,3600,18,20,75,88,55,False,2050,2,89.8876404494382
PLUG,2024-11-30,0.2014354612806467,1.324233616035593,2.538086812136149,1.9166458103778643,16.121000051498413,Plug Power,Renewable Energy,Hydrogen / Fuel Cells,US,2.8,55,65,48,52,42,38,280,890,45,3600,18,20,75,88,55,False,2050,2,89.8876404494382
PLUG,2024-12-31,0.061993314996676374,1.0939077914474098,0.7811157689581224,0.714059973852627,15.792000102996827,Plug Power,Renewable Energy,Hydrogen / Fuel Cells,US,2.8,55,65,48,52,42,38,280,890,45,3600,18,20,75,88,55,False,2050,2,89.8876404494382
SEDG,2020-08-31,0.2529333307129039,0.691824616514349,3.035199968554847,4.38723904310782,22.88952382405599,SolarEdge Technologies,Renewable Energy,Solar Technology,IL,3.1,63,70,58,62,8,25,650,2980,35,5400,20,22,78,93,72,False,2050,1,11.073825503355705
SEDG,2020-09-30,0.09631338989114126,0.7261334555202028,1.155760678693695,1.591664273154453,27.647619065784273,SolarEdge Technologies,Renewable Energy,Solar Technology,IL,3.1,63,70,58,62,8,25,650,2980,35,5400,20,22,78,93,72,False,2050,1,11.073825503355705
SEDG,2020-10-31,0.10100753700865506,0.745169898113269,1.1569954239173217,1.5526599059446353,29.438636086203836,SolarEdge Technologies,Renewable Energy,Solar Technology,IL,3.1,63,70,58,62,8,25,650,2980,35,5400,20,22,78,93,72,False,2050,1,11.073825503355705
SEDG,2020-11-30,0.12394409418888186,1.0771969942382367,1.5616955867799116,1.4497771485932327,24.995500087738037,SolarEdge Technologies,Renewable Energy,Solar Technology,IL,3.1,63,70,58,62,8,25,650,2980,35,5400,20,22,78,93,72,False,2050,1,11.073825503355705
SEDG,2020-12-31,0.14629353594394268,0.437375978481605,1.6757259571760705,3.831316852364693,22.374090974981133,SolarEdge Technologies,Renewable Energy,Solar Technology,IL,3.1,63,70,58,62,8,25,650,2980,35,5400,20,22,78,93,72,False,2050,1,11.073825503355705
SEDG,2021-01-31,-0.06854202248802399,0.9429160091294803,-0.9090836666832656,-0.9641194527204502,24.90999984741211,SolarEdge Technologies,Renewable Energy,Solar Technology,IL,3.1,63,70,58,62,8,25,650,2980,35,5400,20,22,78,93,72,False,2050,1,11.073825503355705
SEDG,2021-02-28,0.050091321152958224,0.658805064557956,0.6643691016076564,1.0084456500853312,23.140526219418174,SolarEdge Technologies,Renewable Energy,Solar Technology,IL,3.1,63,70,58,62,8,25,650,2980,35,5400,20,22,78,93,72,False,2050,1,11.073825503355705
SEDG,2021-03-31,-0.007716946059912576,0.8261703779255763,-0.0845508872651291,-0.1023407393005631,21.843043534652047,SolarEdge Technologies,Renewable Energy,Solar Technology,IL,3.1,63,70,58,62,8,25,650,2980,35,5400,20,22,78,93,72,False,2050,1,11.073825503355705
SEDG,2021-04-30,-0.07446458359533914,0.5545866355357221,-0.8935750031440697,-1.6112451074139031,17.416190556117467,SolarEdge Technologies,Renewable Energy,Solar Technology,IL,3.1,63,70,58,62,8,25,650,2980,35,5400,20,22,78,93,72,False,2050,1,11.073825503355705
SEDG,2021-05-31,0.0027820897354084995,0.7758707131862287,0.03505433066614709,0.045180633925710714,19.7604998588562,SolarEdge Technologies,Renewable Energy,Solar Technology,IL,3.1,63,70,58,62,8,25,650,2980,35,5400,20,22,78,93,72,False,2050,1,11.073825503355705
SEDG,2021-06-30,0.0769324265152973,0.44314095757870114,0.8812259764479509,1.9885906761201293,16.956818147139117,SolarEdge Technologies,Renewable Energy,Solar Technology,IL,3.1,63,70,58,62,8,25,650,2980,35,5400,20,22,78,93,72,False,2050,1,11.073825503355705
SEDG,2021-07-31,-0.05379717720628352,0.4798952463736806,-0.6455661264754022,-1.3452230072158675,17.60333351861863,SolarEdge Technologies,Renewable Energy,Solar Technology,IL,3.1,63,70,58,62,8,25,650,2980,35,5400,20,22,78,93,72,False,2050,1,11.073825503355705
SEDG,2021-08-31,0.12736714756710588,0.6548960001006664,1.4589327812232127,2.227732007828655,17.47772723978216,SolarEdge Technologies,Renewable Energy,Solar Technology,IL,3.1,63,70,58,62,8,25,650,2980,35,5400,20,22,78,93,72,False,2050,1,11.073825503355705
SEDG,2021-09-30,-0.0818702086447669,0.40478099994742156,-0.9824425037372029,-2.427096390059849,19.8247617994036,SolarEdge Technologies,Renewable Energy,Solar Technology,IL,3.1,63,70,58,62,8,25,650,2980,35,5400,20,22,78,93,72,False,2050,1,11.073825503355705
SEDG,2021-10-31,0.30433427417750425,0.5467699492974636,3.652011290130051,6.679246536541492,17.869047573634557,SolarEdge Technologies,Renewable Energy,Solar Technology,IL,3.1,63,70,58,62,8,25,650,2980,35,5400,20,22,78,93,72,False,2050,1,11.073825503355705
SEDG,2021-11-30,-0.07336398898819152,0.36860723898462167,-0.8803678678582982,-2.3883629368847727,18.500476246788388,SolarEdge Technologies,Renewable Energy,Solar Technology,IL,3.1,63,70,58,62,8,25,650,2980,35,5400,20,22,78,93,72,False,2050,1,11.073825503355705
SEDG,2021-12-31,-0.13796764638942727,0.6339985152741939,-1.5803566768243487,-2.4926819838700576,21.354545506564055,SolarEdge Technologies,Renewable Energy,Solar Technology,IL,3.1,63,70,58,62,8,25,650,2980,35,5400,20,22,78,93,72,False,2050,1,11.073825503355705
SEDG,2022-01-31,-0.14546780062485454,0.6869917212023988,-1.832894287873167,-2.6680005468845627,23.18100004196167,SolarEdge Technologies,Renewable Energy,Solar Technology,IL,3.1,63,70,58,62,8,25,650,2980,35,5400,20,22,78,93,72,False,2050,1,11.073825503355705
SEDG,2022-02-28,0.32310841385248207,0.9024214262326892,4.285437910043446,4.748821100063782,25.74842111687911,SolarEdge Technologies,Renewable Energy,Solar Technology,IL,3.1,63,70,58,62,8,25,650,2980,35,5400,20,22,78,93,72,False,2050,1,11.073825503355705
SEDG,2022-03-31,0.026587864584035836,0.6362951358460657,0.2913105163120448,0.4578229502331438,26.968695682028066,SolarEdge Technologies,Renewable Energy,Solar Technology,IL,3.1,63,70,58,62,8,25,650,2980,35,5400,20,22,78,93,72,False,2050,1,11.073825503355705
SEDG,2022-04-30,-0.24034458017667737,0.5225236656652443,-3.028341710226135,-5.795606800642494,24.37350015640259,SolarEdge Technologies,Renewable Energy,Solar Technology,IL,3.1,63,70,58,62,8,25,650,2980,35,5400,20,22,78,93,72,False,2050,1,11.073825503355705
SEDG,2022-05-31,0.1160359755825553,0.8712813075055924,1.3924317069906635,1.5981425229666437,29.445714587257022,SolarEdge Technologies,Renewable Energy,Solar Technology,IL,3.1,63,70,58,62,8,25,650,2980,35,5400,20,22,78,93,72,False,2050,1,11.073825503355705
SEDG,2022-06-30,0.025997817039794088,0.7596891250110673,0.3119738044775291,0.41065982677188406,28.100000018165225,SolarEdge Technologies,Renewable Energy,Solar Technology,IL,3.1,63,70,58,62,8,25,650,2980,35,5400,20,22,78,93,72,False,2050,1,11.073825503355705
SEDG,2022-07-31,0.2901470008381173,0.6091334683699356,3.655852210560278,6.001726059058087,24.86850004196167,SolarEdge Technologies,Renewable Energy,Solar Technology,IL,3.1,63,70,58,62,8,25,650,2980,35,5400,20,22,78,93,72,False,2050,1,11.073825503355705
SEDG,2022-08-31,-0.23572340989524,0.7783685958441303,-2.582708664939151,-3.3181049167820524,22.169565366662066,SolarEdge Technologies,Renewable Energy,Solar Technology,IL,3.1,63,70,58,62,8,25,650,2980,35,5400,20,22,78,93,72,False,2050,1,11.073825503355705
SEDG,2022-09-30,-0.15781052289037678,0.6669647777995591,-1.8937262746845214,-2.8393197627800926,27.406190418061755,SolarEdge Technologies,Renewable Energy,Solar Technology,IL,3.1,63,70,58,62,8,25,650,2980,35,5400,20,22,78,93,72,False,2050,1,11.073825503355705
SEDG,2022-10-31,0.005494308503054657,0.5423933581731453,0.06593170203665588,0.12155698635160805,30.005714416503906,SolarEdge Technologies,Renewable Energy,Solar Technology,IL,3.1,63,70,58,62,8,25,650,2980,35,5400,20,22,78,93,72,False,2050,1,11.073825503355705
SEDG,2022-11-30,0.2917620816863451,0.8811307212147153,3.501144980236141,3.9734682901641527,23.436190650576638,SolarEdge Technologies,Renewable Energy,Solar Technology,IL,3.1,63,70,58,62,8,25,650,2980,35,5400,20,22,78,93,72,False,2050,1,11.073825503355705
SEDG,2022-12-31,-0.04301850101395044,0.5121859265103572,-0.5162220121674053,-1.0078801182307895,21.784285681588308,SolarEdge Technologies,Renewable Energy,Solar Technology,IL,3.1,63,70,58,62,8,25,650,2980,35,5400,20,22,78,93,72,False,2050,1,11.073825503355705
SEDG,2023-01-31,0.13236606420461716,0.5751503055345559,1.667812408978176,2.899785313385305,20.202999973297118,SolarEdge Technologies,Renewable Energy,Solar Technology,IL,3.1,63,70,58,62,8,25,650,2980,35,5400,20,22,78,93,72,False,2050,1,11.073825503355705
SEDG,2023-02-28,0.012953303161868046,0.6815471102783502,0.17180170509424988,0.25207605241563485,20.06210537960655,SolarEdge Technologies,Renewable Energy,Solar Technology,IL,3.1,63,70,58,62,8,25,650,2980,35,5400,20,22,78,93,72,False,2050,1,11.073825503355705
SEDG,2023-03-31,-0.03084799596487786,0.5687736587993041,-0.33798673839779225,-0.5942376781500237,21.644347895746645,SolarEdge Technologies,Renewable Energy,Solar Technology,IL,3.1,63,70,58,62,8,25,650,2980,35,5400,20,22,78,93,72,False,2050,1,11.073825503355705
SEDG,2023-04-30,-0.04875930613736523,0.6054568304478176,-0.6467023761376863,-1.0681230165648012,17.8178946344476,SolarEdge Technologies,Renewable Energy,Solar Technology,IL,3.1,63,70,58,62,8,25,650,2980,35,5400,20,22,78,93,72,False,2050,1,11.073825503355705
SEDG,2023-05-31,0.005987977969275526,0.4605552442436217,0.0685895658298833,0.1489279878737006,17.64409099925648,SolarEdge Technologies,Renewable Energy,Solar Technology,IL,3.1,63,70,58,62,8,25,650,2980,35,5400,20,22,78,93,72,False,2050,1,11.073825503355705
SEDG,2023-06-30,-0.0486565552017264,0.4539836911732272,-0.5838786624207168,-1.2861225497149533,13.994285628909157,SolarEdge Technologies,Renewable Energy,Solar Technology,IL,3.1,63,70,58,62,8,25,650,2980,35,5400,20,22,78,93,72,False,2050,1,11.073825503355705
SEDG,2023-07-31,-0.1021751351724296,0.38735070950485795,-1.2874067031726129,-3.3236203563904065,13.943999910354615,SolarEdge Technologies,Renewable Energy,Solar Technology,IL,3.1,63,70,58,62,8,25,650,2980,35,5400,20,22,78,93,72,False,2050,1,11.073825503355705
SEDG,2023-08-31,-0.36915238400209904,0.6926758939370499,-4.0446261203708245,-5.839132205658075,15.853912975477135,SolarEdge Technologies,Renewable Energy,Solar Technology,IL,3.1,63,70,58,62,8,25,650,2980,35,5400,20,22,78,93,72,False,2050,1,11.073825503355705
SEDG,2023-09-30,-0.22273071206108785,0.2959684374189152,-2.806406971969707,-9.482115716269787,15.241000032424926,SolarEdge Technologies,Renewable Energy,Solar Technology,IL,3.1,63,70,58,62,8,25,650,2980,35,5400,20,22,78,93,72,False,2050,1,11.073825503355705
SEDG,2023-10-31,-0.4726445994441222,1.0636302559140143,-5.413929048178127,-5.09004799184257,18.887727303938433,SolarEdge Technologies,Renewable Energy,Solar Technology,IL,3.1,63,70,58,62,8,25,650,2980,35,5400,20,22,78,93,72,False,2050,1,11.073825503355705
SEDG,2023-11-30,0.055940185628804096,0.5501382352630281,0.6712822275456491,1.2202064581544685,14.077142897106352,SolarEdge Technologies,Renewable Energy,Solar Technology,IL,3.1,63,70,58,62,8,25,650,2980,35,5400,20,22,78,93,72,False,2050,1,11.073825503355705
SEDG,2023-12-31,0.191671958603023,0.8556015784419709,2.4150666783980896,2.8226533695693568,12.718499994277954,SolarEdge Technologies,Renewable Energy,Solar Technology,IL,3.1,63,70,58,62,8,25,650,2980,35,5400,20,22,78,93,72,False,2050,1,11.073825503355705
SEDG,2024-01-31,-0.32945749364237886,0.4908841452216587,-3.9534899237085463,-8.053814657068113,13.395238149733771,SolarEdge Technologies,Renewable Energy,Solar Technology,IL,3.1,63,70,58,62,8,25,650,2980,35,5400,20,22,78,93,72,False,2050,1,11.073825503355705
SEDG,2024-02-29,0.043618028760559646,0.9438755444356606,0.5495871623830515,0.5822665558218775,13.944000101089477,SolarEdge Technologies,Renewable Energy,Solar Technology,IL,3.1,63,70,58,62,8,25,650,2980,35,5400,20,22,78,93,72,False,2050,1,11.073825503355705
SEDG,2024-03-31,0.07026158561324891,0.6365276837476647,0.8852959787269363,1.390820857177187,13.787499904632568,SolarEdge Technologies,Renewable Energy,Solar Technology,IL,3.1,63,70,58,62,8,25,650,2980,35,5400,20,22,78,93,72,False,2050,1,11.073825503355705
SEDG,2024-04-30,-0.1758580037724088,0.580690645334094,-2.0143734977566825,-3.4689270680393602,16.137727087194268,SolarEdge Technologies,Renewable Energy,Solar Technology,IL,3.1,63,70,58,62,8,25,650,2980,35,5400,20,22,78,93,72,False,2050,1,11.073825503355705
SEDG,2024-05-31,-0.1578726515536768,0.7107575696870553,-1.808359463251207,-2.5442704240876717,13.090454535050826,SolarEdge Technologies,Renewable Energy,Solar Technology,IL,3.1,63,70,58,62,8,25,650,2980,35,5400,20,22,78,93,72,False,2050,1,11.073825503355705
SEDG,2024-06-30,-0.6249127352967916,0.8075235448512738,-8.288316278673236,-10.263869495222883,12.676842037000155,SolarEdge Technologies,Renewable Energy,Solar Technology,IL,3.1,63,70,58,62,8,25,650,2980,35,5400,20,22,78,93,72,False,2050,1,11.073825503355705
SEDG,2024-07-31,0.17899735109466186,1.0400069687168043,2.050333294357036,1.971461111348904,14.470000050284646,SolarEdge Technologies,Renewable Energy,Solar Technology,IL,3.1,63,70,58,62,8,25,650,2980,35,5400,20,22,78,93,72,False,2050,1,11.073825503355705
SEDG,2024-08-31,-0.13423523151436945,0.9398592641392773,-1.5376035609827772,-1.6359934084289882,19.31227272207087,SolarEdge Technologies,Renewable Energy,Solar Technology,IL,3.1,63,70,58,62,8,25,650,2980,35,5400,20,22,78,93,72,False,2050,1,11.073825503355705
SEDG,2024-09-30,-0.025479709710917953,0.9632454141375425,-0.3210443423575662,-0.3332944415261177,17.768999814987183,SolarEdge Technologies,Renewable Energy,Solar Technology,IL,3.1,63,70,58,62,8,25,650,2980,35,5400,20,22,78,93,72,False,2050,1,11.073825503355705
SEDG,2024-10-31,-0.2619487066859938,0.8292818051975297,-2.8700466993421925,-3.460882273497566,19.96086958180303,SolarEdge Technologies,Renewable Energy,Solar Technology,IL,3.1,63,70,58,62,8,25,650,2980,35,5400,20,22,78,93,72,False,2050,1,11.073825503355705
SEDG,2024-11-30,0.0067662780201139805,1.442689195594793,0.08525510305343614,0.05909457374031772,16.121000051498413,SolarEdge Technologies,Renewable Energy,Solar Technology,IL,3.1,63,70,58,62,8,25,650,2980,35,5400,20,22,78,93,72,False,2050,1,11.073825503355705
SEDG,2024-12-31,-0.10516885869610271,1.129901909177656,-1.325127619570894,-1.1727811138360882,15.792000102996827,SolarEdge Technologies,Renewable Energy,Solar Technology,IL,3.1,63,70,58,62,8,25,650,2980,35,5400,20,22,78,93,72,False,2050,1,11.073825503355705
SHEL,2020-08-31,0.008712275660413105,0.28932806253720994,0.10454730792495726,0.3613452044995173,22.88952382405599,Shell,Oil & Gas,Integrated Energy,NL,212.3,55,48,55,62,52000,8500,1200000,316400,5,93000,30,38,85,12,3,False,2050,4,191.21365360303415
SHEL,2020-09-30,-0.16165505805064062,0.2513017836788935,-1.9398606966076875,-7.719247624148932,27.647619065784273,Shell,Oil & Gas,Integrated Energy,NL,212.3,55,48,55,62,52000,8500,1200000,316400,5,93000,30,38,85,12,3,False,2050,4,191.21365360303415
SHEL,2020-10-31,0.022635759340098538,0.4301182315771468,0.2592823342593105,0.6028164240064424,29.438636086203836,Shell,Oil & Gas,Integrated Energy,NL,212.3,55,48,55,62,52000,8500,1200000,316400,5,93000,30,38,85,12,3,False,2050,4,191.21365360303415
SHEL,2020-11-30,0.30989210512377396,0.6648752983861064,3.904640524559552,5.8727411501638445,24.995500087738037,Shell,Oil & Gas,Integrated Energy,NL,212.3,55,48,55,62,52000,8500,1200000,316400,5,93000,30,38,85,12,3,False,2050,4,191.21365360303415
SHEL,2020-12-31,0.044019792527637325,0.3885276229689521,0.5042267144074821,1.2977885859296439,22.374090974981133,Shell,Oil & Gas,Integrated Energy,NL,212.3,55,48,55,62,52000,8500,1200000,316400,5,93000,30,38,85,12,3,False,2050,4,191.21365360303415
SHEL,2021-01-31,0.05503966027473828,0.4255029458664643,0.7299997046965288,1.7156161004009236,24.90999984741211,Shell,Oil & Gas,Integrated Energy,NL,212.3,55,48,55,62,52000,8500,1200000,316400,5,93000,30,38,85,12,3,False,2050,4,191.21365360303415
SHEL,2021-02-28,0.11920131994023854,0.34550250573592456,1.5809859276284268,4.575902928000211,23.140526219418174,Shell,Oil & Gas,Integrated Energy,NL,212.3,55,48,55,62,52000,8500,1200000,316400,5,93000,30,38,85,12,3,False,2050,4,191.21365360303415
SHEL,2021-03-31,-0.040648310740356464,0.3263558632786674,-0.4453641002856447,-1.3646578793204003,21.843043534652047,Shell,Oil & Gas,Integrated Energy,NL,212.3,55,48,55,62,52000,8500,1200000,316400,5,93000,30,38,85,12,3,False,2050,4,191.21365360303415
SHEL,2021-04-30,-0.028663164590360224,0.25875232296857686,-0.3439579750843227,-1.329294249953819,17.416190556117467,Shell,Oil & Gas,Integrated Energy,NL,212.3,55,48,55,62,52000,8500,1200000,316400,5,93000,30,38,85,12,3,False,2050,4,191.21365360303415
SHEL,2021-05-31,0.028014642525477695,0.29467868209670817,0.352984495821019,1.1978623404633522,19.7604998588562,Shell,Oil & Gas,Integrated Energy,NL,212.3,55,48,55,62,52000,8500,1200000,316400,5,93000,30,38,85,12,3,False,2050,4,191.21365360303415
SHEL,2021-06-30,0.049660254303614315,0.3193194342531092,0.5688356402050367,1.7814000000831394,16.956818147139117,Shell,Oil & Gas,Integrated Energy,NL,212.3,55,48,55,62,52000,8500,1200000,316400,5,93000,30,38,85,12,3,False,2050,4,191.21365360303415
SHEL,2021-07-31,0.009155480462994636,0.30758024220977054,0.10986576555593563,0.3571938326292327,17.60333351861863,Shell,Oil & Gas,Integrated Energy,NL,212.3,55,48,55,62,52000,8500,1200000,316400,5,93000,30,38,85,12,3,False,2050,4,191.21365360303415
SHEL,2021-08-31,-0.007447216945286494,0.24143973682488015,-0.0853044850096453,-0.35331584656057635,17.47772723978216,Shell,Oil & Gas,Integrated Energy,NL,212.3,55,48,55,62,52000,8500,1200000,316400,5,93000,30,38,85,12,3,False,2050,4,191.21365360303415
SHEL,2021-09-30,0.11813109562309954,0.3044962974097504,1.4175731474771944,4.65546924391535,19.8247617994036,Shell,Oil & Gas,Integrated Energy,NL,212.3,55,48,55,62,52000,8500,1200000,316400,5,93000,30,38,85,12,3,False,2050,4,191.21365360303415
SHEL,2021-10-31,0.03322601263688019,0.28889167730703175,0.39871215164256224,1.3801441265433694,17.869047573634557,Shell,Oil & Gas,Integrated Energy,NL,212.3,55,48,55,62,52000,8500,1200000,316400,5,93000,30,38,85,12,3,False,2050,4,191.21365360303415
SHEL,2021-11-30,-0.07421124306563798,0.29250173227064824,-0.8905349167876557,-3.0445457873858155,18.500476246788388,Shell,Oil & Gas,Integrated Energy,NL,212.3,55,48,55,62,52000,8500,1200000,316400,5,93000,30,38,85,12,3,False,2050,4,191.21365360303415
SHEL,2021-12-31,0.034881947142420655,0.27130868853792794,0.3995568490859093,1.4727020031651246,21.354545506564055,Shell,Oil & Gas,Integrated Energy,NL,212.3,55,48,55,62,52000,8500,1200000,316400,5,93000,30,38,85,12,3,False,2050,4,191.21365360303415
SHEL,2022-01-31,0.17266850621676066,0.272009279067956,2.1756231783311843,7.998341769023434,23.18100004196167,Shell,Oil & Gas,Integrated Energy,NL,212.3,55,48,55,62,52000,8500,1200000,316400,5,93000,30,38,85,12,3,False,2050,4,191.21365360303415
SHEL,2022-02-28,0.022539910662651264,0.31218623365138654,0.29895039405200624,0.9576027442191428,25.74842111687911,Shell,Oil & Gas,Integrated Energy,NL,212.3,55,48,55,62,52000,8500,1200000,316400,5,93000,30,38,85,12,3,False,2050,4,191.21365360303415
SHEL,2022-03-31,0.056883869397604925,0.46691170169676066,0.6232493516607148,1.3348334372341109,26.968695682028066,Shell,Oil & Gas,Integrated Energy,NL,212.3,55,48,55,62,52000,8500,1200000,316400,5,93000,30,38,85,12,3,False,2050,4,191.21365360303415
SHEL,2022-04-30,-0.025156767014094528,0.2573877662734804,-0.31697526437759105,-1.231508664793328,24.37350015640259,Shell,Oil & Gas,Integrated Energy,NL,212.3,55,48,55,62,52000,8500,1200000,316400,5,93000,30,38,85,12,3,False,2050,4,191.21365360303415
SHEL,2022-05-31,0.11577036858560197,0.3151166866164606,1.3892444230272236,4.408666636934149,29.445714587257022,Shell,Oil & Gas,Integrated Energy,NL,212.3,55,48,55,62,52000,8500,1200000,316400,5,93000,30,38,85,12,3,False,2050,4,191.21365360303415
SHEL,2022-06-30,-0.1167808309228836,0.4286587248352646,-1.4013699710746033,-3.2691973588386793,28.100000018165225,Shell,Oil & Gas,Integrated Energy,NL,212.3,55,48,55,62,52000,8500,1200000,316400,5,93000,30,38,85,12,3,False,2050,4,191.21365360303415
SHEL,2022-07-31,0.026169800824325296,0.380648358552189,0.32973949038649875,0.8662574866753029,24.86850004196167,Shell,Oil & Gas,Integrated Energy,NL,212.3,55,48,55,62,52000,8500,1200000,316400,5,93000,30,38,85,12,3,False,2050,4,191.21365360303415
SHEL,2022-08-31,0.005184369958639357,0.2732618314870194,0.05680266215552686,0.207868994533271,22.169565366662066,Shell,Oil & Gas,Integrated Energy,NL,212.3,55,48,55,62,52000,8500,1200000,316400,5,93000,30,38,85,12,3,False,2050,4,191.21365360303415
SHEL,2022-09-30,-0.0565992606363298,0.3841619523483034,-0.6791911276359577,-1.7679812471906737,27.406190418061755,Shell,Oil & Gas,Integrated Energy,NL,212.3,55,48,55,62,52000,8500,1200000,316400,5,93000,30,38,85,12,3,False,2050,4,191.21365360303415
SHEL,2022-10-31,0.1173375489554922,0.37457338530579326,1.4080505874659064,3.759078041053039,30.005714416503906,Shell,Oil & Gas,Integrated Energy,NL,212.3,55,48,55,62,52000,8500,1200000,316400,5,93000,30,38,85,12,3,False,2050,4,191.21365360303415
SHEL,2022-11-30,0.06335399315676193,0.33827579671044694,0.7602479178811432,2.24742037495485,23.436190650576638,Shell,Oil & Gas,Integrated Energy,NL,212.3,55,48,55,62,52000,8500,1200000,316400,5,93000,30,38,85,12,3,False,2050,4,191.21365360303415
SHEL,2022-12-31,-0.02442616085505223,0.21877671343672936,-0.2931139302606267,-1.3397857827560602,21.784285681588308,Shell,Oil & Gas,Integrated Energy,NL,212.3,55,48,55,62,52000,8500,1200000,316400,5,93000,30,38,85,12,3,False,2050,4,191.21365360303415
SHEL,2023-01-31,0.0334677700294006,0.18650059334349164,0.42169390237044757,2.2610861167277005,20.202999973297118,Shell,Oil & Gas,Integrated Energy,NL,212.3,55,48,55,62,52000,8500,1200000,316400,5,93000,30,38,85,12,3,False,2050,4,191.21365360303415
SHEL,2023-02-28,0.04407068299990957,0.2370142276050485,0.5845164271566954,2.4661659895401358,20.06210537960655,Shell,Oil & Gas,Integrated Energy,NL,212.3,55,48,55,62,52000,8500,1200000,316400,5,93000,30,38,85,12,3,False,2050,4,191.21365360303415
SHEL,2023-03-31,-0.04968839485237775,0.3313091706703776,-0.5444119783825736,-1.6432143344568446,21.644347895746645,Shell,Oil & Gas,Integrated Energy,NL,212.3,55,48,55,62,52000,8500,1200000,316400,5,93000,30,38,85,12,3,False,2050,4,191.21365360303415
SHEL,2023-04-30,0.07655688952749207,0.24336679273658404,1.0153861137330527,4.172245943316058,17.8178946344476,Shell,Oil & Gas,Integrated Energy,NL,212.3,55,48,55,62,52000,8500,1200000,316400,5,93000,30,38,85,12,3,False,2050,4,191.21365360303415
SHEL,2023-05-31,-0.08936446206050119,0.23958554745795024,-1.0236292926930137,-4.272500171875649,17.64409099925648,Shell,Oil & Gas,Integrated Energy,NL,212.3,55,48,55,62,52000,8500,1200000,316400,5,93000,30,38,85,12,3,False,2050,4,191.21365360303415
SHEL,2023-06-30,0.07659966316255395,0.1712812766487437,0.9191959579506475,5.366587498268681,13.994285628909157,Shell,Oil & Gas,Integrated Energy,NL,212.3,55,48,55,62,52000,8500,1200000,316400,5,93000,30,38,85,12,3,False,2050,4,191.21365360303415
SHEL,2023-07-31,0.022363666704132923,0.2214923417731065,0.2817822004720748,1.2721983894175823,13.943999910354615,Shell,Oil & Gas,Integrated Energy,NL,212.3,55,48,55,62,52000,8500,1200000,316400,5,93000,30,38,85,12,3,False,2050,4,191.21365360303415
SHEL,2023-08-31,0.018889014655512626,0.1352708436116109,0.20695789970387746,1.5299520146269963,15.853912975477135,Shell,Oil & Gas,Integrated Energy,NL,212.3,55,48,55,62,52000,8500,1200000,316400,5,93000,30,38,85,12,3,False,2050,4,191.21365360303415
SHEL,2023-09-30,0.03731414417980361,0.16796606666050684,0.4701582166655255,2.799126192648243,15.241000032424926,Shell,Oil & Gas,Integrated Energy,NL,212.3,55,48,55,62,52000,8500,1200000,316400,5,93000,30,38,85,12,3,False,2050,4,191.21365360303415
SHEL,2023-10-31,0.013363035345990926,0.19785385780780823,0.1530674957813506,0.773639177306503,18.887727303938433,Shell,Oil & Gas,Integrated Energy,NL,212.3,55,48,55,62,52000,8500,1200000,316400,5,93000,30,38,85,12,3,False,2050,4,191.21365360303415
SHEL,2023-11-30,0.022992225364001584,0.26703513983180405,0.275906704368019,1.0332224610656218,14.077142897106352,Shell,Oil & Gas,Integrated Energy,NL,212.3,55,48,55,62,52000,8500,1200000,316400,5,93000,30,38,85,12,3,False,2050,4,191.21365360303415
SHEL,2023-12-31,0.001104861737872831,0.17107603751180203,0.01392125789719767,0.08137468052027616,12.718499994277954,Shell,Oil & Gas,Integrated Energy,NL,212.3,55,48,55,62,52000,8500,1200000,316400,5,93000,30,38,85,12,3,False,2050,4,191.21365360303415
SHEL,2024-01-31,-0.04339719613322756,0.1918333683345457,-0.5207663535987308,-2.714680757158713,13.395238149733771,Shell,Oil & Gas,Integrated Energy,NL,212.3,55,48,55,62,52000,8500,1200000,316400,5,93000,30,38,85,12,3,False,2050,4,191.21365360303415
SHEL,2024-02-29,0.010340451141022111,0.13686085877064932,0.1302896843768786,0.9519864594391984,13.944000101089477,Shell,Oil & Gas,Integrated Energy,NL,212.3,55,48,55,62,52000,8500,1200000,316400,5,93000,30,38,85,12,3,False,2050,4,191.21365360303415
SHEL,2024-03-31,0.06543651607094148,0.1123908617909655,0.8245001024938626,7.336006587682735,13.787499904632568,Shell,Oil & Gas,Integrated Energy,NL,212.3,55,48,55,62,52000,8500,1200000,316400,5,93000,30,38,85,12,3,False,2050,4,191.21365360303415
SHEL,2024-04-30,0.06775556906876157,0.1560604298816159,0.7761092456967233,4.973132819674169,16.137727087194268,Shell,Oil & Gas,Integrated Energy,NL,212.3,55,48,55,62,52000,8500,1200000,316400,5,93000,30,38,85,12,3,False,2050,4,191.21365360303415
SHEL,2024-05-31,0.025775025829006926,0.14064268961445214,0.295241204950443,2.099228945064946,13.090454535050826,Shell,Oil & Gas,Integrated Energy,NL,212.3,55,48,55,62,52000,8500,1200000,316400,5,93000,30,38,85,12,3,False,2050,4,191.21365360303415
SHEL,2024-06-30,-0.0070985726357629675,0.18140030724183634,-0.09414948969538252,-0.5190150508944057,12.676842037000155,Shell,Oil & Gas,Integrated Energy,NL,212.3,55,48,55,62,52000,8500,1200000,316400,5,93000,30,38,85,12,3,False,2050,4,191.21365360303415
SHEL,2024-07-31,0.014853293081096286,0.1142589295063034,0.17013772074710293,1.4890540413974107,14.470000050284646,Shell,Oil & Gas,Integrated Energy,NL,212.3,55,48,55,62,52000,8500,1200000,316400,5,93000,30,38,85,12,3,False,2050,4,191.21365360303415
SHEL,2024-08-31,-0.01088972996048898,0.16893589521873115,-0.12473690682014651,-0.738368282588152,19.31227272207087,Shell,Oil & Gas,Integrated Energy,NL,212.3,55,48,55,62,52000,8500,1200000,316400,5,93000,30,38,85,12,3,False,2050,4,191.21365360303415
SHEL,2024-09-30,-0.0806027468160877,0.24332552397270063,-1.0155946098827051,-4.173810430165343,17.768999814987183,Shell,Oil & Gas,Integrated Energy,NL,212.3,55,48,55,62,52000,8500,1200000,316400,5,93000,30,38,85,12,3,False,2050,4,191.21365360303415
SHEL,2024-10-31,0.02629673384864417,0.22983561564638627,0.288120736080797,1.2535948150180751,19.96086958180303,Shell,Oil & Gas,Integrated Energy,NL,212.3,55,48,55,62,52000,8500,1200000,316400,5,93000,30,38,85,12,3,False,2050,4,191.21365360303415
SHEL,2024-11-30,-0.031117109172456803,0.148305631343604,-0.3920755755729557,-2.6436998515893833,16.121000051498413,Shell,Oil & Gas,Integrated Energy,NL,212.3,55,48,55,62,52000,8500,1200000,316400,5,93000,30,38,85,12,3,False,2050,4,191.21365360303415
SHEL,2024-12-31,-0.045526854206242695,0.17961152797462998,-0.573638362998658,-3.193772523775223,15.792000102996827,Shell,Oil & Gas,Integrated Energy,NL,212.3,55,48,55,62,52000,8500,1200000,316400,5,93000,30,38,85,12,3,False,2050,4,191.21365360303415
SO,2020-08-31,-0.032597498308073236,0.1729354904037802,-0.39116997969687883,-2.261941599052639,22.88952382405599,Southern Company,Utilities,Electric Utility,US,88.3,62,55,62,70,48000,980,7200,24500,15,27000,24,33,92,38,18,True,2050,2,1999.1836734693877
SO,2020-09-30,0.039794923943529126,0.18860090573468866,0.4775390873223495,2.5320084517203756,27.647619065784273,Southern Company,Utilities,Electric Utility,US,88.3,62,55,62,70,48000,980,7200,24500,15,27000,24,33,92,38,18,True,2050,2,1999.1836734693877
SO,2020-10-31,0.059815081359515854,0.21227767427722805,0.6851545682999088,3.227633667236802,29.438636086203836,Southern Company,Utilities,Electric Utility,US,88.3,62,55,62,70,48000,980,7200,24500,15,27000,24,33,92,38,18,True,2050,2,1999.1836734693877
SO,2020-11-30,0.05360467978970662,0.2579790095882716,0.6754189653503034,2.6181159716376,24.995500087738037,Southern Company,Utilities,Electric Utility,US,88.3,62,55,62,70,48000,980,7200,24500,15,27000,24,33,92,38,18,True,2050,2,1999.1836734693877
SO,2020-12-31,0.02713930359229899,0.16033217859056295,0.31086838660269756,1.9389020303688125,22.374090974981133,Southern Company,Utilities,Electric Utility,US,88.3,62,55,62,70,48000,980,7200,24500,15,27000,24,33,92,38,18,True,2050,2,1999.1836734693877
SO,2021-01-31,-0.03880714749300107,0.2821017751840318,-0.5147053246440142,-1.8245377020695501,24.90999984741211,Southern Company,Utilities,Electric Utility,US,88.3,62,55,62,70,48000,980,7200,24500,15,27000,24,33,92,38,18,True,2050,2,1999.1836734693877
SO,2021-02-28,-0.026820480599287322,0.14150322343879287,-0.35572426900107396,-2.5138951633489977,23.140526219418174,Southern Company,Utilities,Electric Utility,US,88.3,62,55,62,70,48000,980,7200,24500,15,27000,24,33,92,38,18,True,2050,2,1999.1836734693877
SO,2021-03-31,0.0929315806838461,0.16367713960559785,1.018206884014314,6.2208252567696425,21.843043534652047,Southern Company,Utilities,Electric Utility,US,88.3,62,55,62,70,48000,980,7200,24500,15,27000,24,33,92,38,18,True,2050,2,1999.1836734693877
SO,2021-04-30,0.06321693725889688,0.12403250762898879,0.7586032471067625,6.116164718494027,17.416190556117467,Southern Company,Utilities,Electric Utility,US,88.3,62,55,62,70,48000,980,7200,24500,15,27000,24,33,92,38,18,True,2050,2,1999.1836734693877
SO,2021-05-31,-0.023716144010182627,0.14304070490939483,-0.2988234145283011,-2.08907957156379,19.7604998588562,Southern Company,Utilities,Electric Utility,US,88.3,62,55,62,70,48000,980,7200,24500,15,27000,24,33,92,38,18,True,2050,2,1999.1836734693877
SO,2021-06-30,-0.053357931077679936,0.1824275776867915,-0.6111908468897884,-3.3503204649197134,16.956818147139117,Southern Company,Utilities,Electric Utility,US,88.3,62,55,62,70,48000,980,7200,24500,15,27000,24,33,92,38,18,True,2050,2,1999.1836734693877
SO,2021-07-31,0.054665460596996944,0.11842228134041809,0.6559855271639634,5.539375865241607,17.60333351861863,Southern Company,Utilities,Electric Utility,US,88.3,62,55,62,70,48000,980,7200,24500,15,27000,24,33,92,38,18,True,2050,2,1999.1836734693877
SO,2021-08-31,0.03932858601995082,0.10904943320539587,0.4504910762285276,4.131072147619717,17.47772723978216,Southern Company,Utilities,Electric Utility,US,88.3,62,55,62,70,48000,980,7200,24500,15,27000,24,33,92,38,18,True,2050,2,1999.1836734693877
SO,2021-09-30,-0.0580501692632055,0.13950148840849946,-0.696602031158466,-4.993509668646832,19.8247617994036,Southern Company,Utilities,Electric Utility,US,88.3,62,55,62,70,48000,980,7200,24500,15,27000,24,33,92,38,18,True,2050,2,1999.1836734693877
SO,2021-10-31,0.006400024909603119,0.13893980123989302,0.07680029891523743,0.5527595277226162,17.869047573634557,Southern Company,Utilities,Electric Utility,US,88.3,62,55,62,70,48000,980,7200,24500,15,27000,24,33,92,38,18,True,2050,2,1999.1836734693877
SO,2021-11-30,-0.008124440570477454,0.16764711055376935,-0.09749328684572944,-0.5815387245487925,18.500476246788388,Southern Company,Utilities,Electric Utility,US,88.3,62,55,62,70,48000,980,7200,24500,15,27000,24,33,92,38,18,True,2050,2,1999.1836734693877
SO,2021-12-31,0.11667337033368941,0.1459175319083009,1.3364404238222605,9.15887492300871,21.354545506564055,Southern Company,Utilities,Electric Utility,US,88.3,62,55,62,70,48000,980,7200,24500,15,27000,24,33,92,38,18,True,2050,2,1999.1836734693877
SO,2022-01-31,0.013701745460758974,0.11705528122973188,0.17264199280556308,1.4748757253142395,23.18100004196167,Southern Company,Utilities,Electric Utility,US,88.3,62,55,62,70,48000,980,7200,24500,15,27000,24,33,92,38,18,True,2050,2,1999.1836734693877
SO,2022-02-28,-0.05795703751999948,0.23957649889940846,-0.7686933397389404,-3.2085506853562187,25.74842111687911,Southern Company,Utilities,Electric Utility,US,88.3,62,55,62,70,48000,980,7200,24500,15,27000,24,33,92,38,18,True,2050,2,1999.1836734693877
SO,2022-03-31,0.11484156259609601,0.19694542315162328,1.2582640771398346,6.3888972742013355,26.968695682028066,Southern Company,Utilities,Electric Utility,US,88.3,62,55,62,70,48000,980,7200,24500,15,27000,24,33,92,38,18,True,2050,2,1999.1836734693877
SO,2022-04-30,0.014633871697589673,0.26108402263078456,0.18438678338962988,0.7062354162145835,24.37350015640259,Southern Company,Utilities,Electric Utility,US,88.3,62,55,62,70,48000,980,7200,24500,15,27000,24,33,92,38,18,True,2050,2,1999.1836734693877
SO,2022-05-31,0.04052792502114555,0.14295487773619692,0.4863351002537466,3.4020182308938733,29.445714587257022,Southern Company,Utilities,Electric Utility,US,88.3,62,55,62,70,48000,980,7200,24500,15,27000,24,33,92,38,18,True,2050,2,1999.1836734693877
SO,2022-06-30,-0.05628528401202326,0.2662596075696004,-0.6754234081442791,-2.5367099963434114,28.100000018165225,Southern Company,Utilities,Electric Utility,US,88.3,62,55,62,70,48000,980,7200,24500,15,27000,24,33,92,38,18,True,2050,2,1999.1836734693877
SO,2022-07-31,0.07742903787506406,0.2275147484358751,0.975605877225807,4.2880994921556965,24.86850004196167,Southern Company,Utilities,Electric Utility,US,88.3,62,55,62,70,48000,980,7200,24500,15,27000,24,33,92,38,18,True,2050,2,1999.1836734693877
SO,2022-08-31,0.01195332567316898,0.13916543534752174,0.13096687259298187,0.9410876505788485,22.169565366662066,Southern Company,Utilities,Electric Utility,US,88.3,62,55,62,70,48000,980,7200,24500,15,27000,24,33,92,38,18,True,2050,2,1999.1836734693877
SO,2022-09-30,-0.121678424717784,0.28103608456657386,-1.460141096613408,-5.19556447302951,27.406190418061755,Southern Company,Utilities,Electric Utility,US,88.3,62,55,62,70,48000,980,7200,24500,15,27000,24,33,92,38,18,True,2050,2,1999.1836734693877
SO,2022-10-31,-0.03321038361108242,0.33694813756092884,-0.398524603332989,-1.1827476068507,30.005714416503906,Southern Company,Utilities,Electric Utility,US,88.3,62,55,62,70,48000,980,7200,24500,15,27000,24,33,92,38,18,True,2050,2,1999.1836734693877
SO,2022-11-30,0.04524949729748362,0.23746639034041817,0.5429939675698034,2.286613978472484,23.436190650576638,Southern Company,Utilities,Electric Utility,US,88.3,62,55,62,70,48000,980,7200,24500,15,27000,24,33,92,38,18,True,2050,2,1999.1836734693877
SO,2022-12-31,0.05574244684553609,0.19125385733555766,0.668909362146433,3.497494751035645,21.784285681588308,Southern Company,Utilities,Electric Utility,US,88.3,62,55,62,70,48000,980,7200,24500,15,27000,24,33,92,38,18,True,2050,2,1999.1836734693877
SO,2023-01-31,-0.051886474033737584,0.2105289516361683,-0.6537695728250935,-3.1053665908854393,20.202999973297118,Southern Company,Utilities,Electric Utility,US,88.3,62,55,62,70,48000,980,7200,24500,15,27000,24,33,92,38,18,True,2050,2,1999.1836734693877
SO,2023-02-28,-0.058790172316107725,0.200862797597277,-0.7797433380873235,-3.8819699188432204,20.06210537960655,Southern Company,Utilities,Electric Utility,US,88.3,62,55,62,70,48000,980,7200,24500,15,27000,24,33,92,38,18,True,2050,2,1999.1836734693877
SO,2023-03-31,0.1006155379073217,0.2154754065086301,1.1023963283758724,5.1161120716192725,21.644347895746645,Southern Company,Utilities,Electric Utility,US,88.3,62,55,62,70,48000,980,7200,24500,15,27000,24,33,92,38,18,True,2050,2,1999.1836734693877
SO,2023-04-30,0.056391236249546894,0.1519671285801011,0.7479258702571483,4.921629284210106,17.8178946344476,Southern Company,Utilities,Electric Utility,US,88.3,62,55,62,70,48000,980,7200,24500,15,27000,24,33,92,38,18,True,2050,2,1999.1836734693877
SO,2023-05-31,-0.04268895372273629,0.14627480798250156,-0.4889825608240702,-3.3429034539055134,17.64409099925648,Southern Company,Utilities,Electric Utility,US,88.3,62,55,62,70,48000,980,7200,24500,15,27000,24,33,92,38,18,True,2050,2,1999.1836734693877
SO,2023-06-30,0.008482146573027038,0.1837053815137391,0.10178575887632446,0.5540706431004147,13.994285628909157,Southern Company,Utilities,Electric Utility,US,88.3,62,55,62,70,48000,980,7200,24500,15,27000,24,33,92,38,18,True,2050,2,1999.1836734693877
SO,2023-07-31,0.030582929756304722,0.18211130279530782,0.38534491492943945,2.115985713212788,13.943999910354615,Southern Company,Utilities,Electric Utility,US,88.3,62,55,62,70,48000,980,7200,24500,15,27000,24,33,92,38,18,True,2050,2,1999.1836734693877
SO,2023-08-31,-0.0543529620080464,0.1591813197235732,-0.595519409827291,-3.7411387897866537,15.853912975477135,Southern Company,Utilities,Electric Utility,US,88.3,62,55,62,70,48000,980,7200,24500,15,27000,24,33,92,38,18,True,2050,2,1999.1836734693877
SO,2023-09-30,-0.04389437901137394,0.1998031806377657,-0.5530691755433117,-2.768069926504331,15.241000032424926,Southern Company,Utilities,Electric Utility,US,88.3,62,55,62,70,48000,980,7200,24500,15,27000,24,33,92,38,18,True,2050,2,1999.1836734693877
SO,2023-10-31,0.04080463377773191,0.20023947721318217,0.467398532363111,2.334197725983382,18.887727303938433,Southern Company,Utilities,Electric Utility,US,88.3,62,55,62,70,48000,980,7200,24500,15,27000,24,33,92,38,18,True,2050,2,1999.1836734693877
SO,2023-11-30,0.0647248212076359,0.18720985926617095,0.7766978544916308,4.148808495108895,14.077142897106352,Southern Company,Utilities,Electric Utility,US,88.3,62,55,62,70,48000,980,7200,24500,15,27000,24,33,92,38,18,True,2050,2,1999.1836734693877
SO,2023-12-31,-0.010555357812202293,0.20876588842368227,-0.1329975084337489,-0.6370653244070009,12.718499994277954,Southern Company,Utilities,Electric Utility,US,88.3,62,55,62,70,48000,980,7200,24500,15,27000,24,33,92,38,18,True,2050,2,1999.1836734693877
SO,2024-01-31,-0.007642821956081347,0.15471712559424386,-0.09171386347297616,-0.592784173831551,13.395238149733771,Southern Company,Utilities,Electric Utility,US,88.3,62,55,62,70,48000,980,7200,24500,15,27000,24,33,92,38,18,True,2050,2,1999.1836734693877
SO,2024-02-29,-0.021145930372347133,0.19955412461536717,-0.26643872269157387,-1.3351702111150254,13.944000101089477,Southern Company,Utilities,Electric Utility,US,88.3,62,55,62,70,48000,980,7200,24500,15,27000,24,33,92,38,18,True,2050,2,1999.1836734693877
SO,2024-03-31,0.06558595362834585,0.15074123067100345,0.8263830157171577,5.482129952360277,13.787499904632568,Southern Company,Utilities,Electric Utility,US,88.3,62,55,62,70,48000,980,7200,24500,15,27000,24,33,92,38,18,True,2050,2,1999.1836734693877
SO,2024-04-30,0.025818215974370506,0.19455396133046474,0.29573592843369856,1.5200714825403556,16.137727087194268,Southern Company,Utilities,Electric Utility,US,88.3,62,55,62,70,48000,980,7200,24500,15,27000,24,33,92,38,18,True,2050,2,1999.1836734693877
SO,2024-05-31,0.09693689538592165,0.16470242897384152,1.110368074420557,6.741661803888203,13.090454535050826,Southern Company,Utilities,Electric Utility,US,88.3,62,55,62,70,48000,980,7200,24500,15,27000,24,33,92,38,18,True,2050,2,1999.1836734693877
SO,2024-06-30,-0.03186196481549097,0.1403191475097428,-0.4225902701844066,-3.011636527759441,12.676842037000155,Southern Company,Utilities,Electric Utility,US,88.3,62,55,62,70,48000,980,7200,24500,15,27000,24,33,92,38,18,True,2050,2,1999.1836734693877
SO,2024-07-31,0.07459551578245072,0.11672733185813011,0.8544577262353446,7.320116999451754,14.470000050284646,Southern Company,Utilities,Electric Utility,US,88.3,62,55,62,70,48000,980,7200,24500,15,27000,24,33,92,38,18,True,2050,2,1999.1836734693877
SO,2024-08-31,0.04397795816384731,0.20721784630238646,0.5037475207858874,2.431004519035414,19.31227272207087,Southern Company,Utilities,Electric Utility,US,88.3,62,55,62,70,48000,980,7200,24500,15,27000,24,33,92,38,18,True,2050,2,1999.1836734693877
SO,2024-09-30,0.04376061444313095,0.15463820941261094,0.5513837419834501,3.5656371350771994,17.768999814987183,Southern Company,Utilities,Electric Utility,US,88.3,62,55,62,70,48000,980,7200,24500,15,27000,24,33,92,38,18,True,2050,2,1999.1836734693877
SO,2024-10-31,0.01067011101431814,0.17154735510138658,0.11690730328731179,0.681487063547078,19.96086958180303,Southern Company,Utilities,Electric Utility,US,88.3,62,55,62,70,48000,980,7200,24500,15,27000,24,33,92,38,18,True,2050,2,1999.1836734693877
SO,2024-11-30,-0.011783007650802202,0.16929193508874307,-0.14846589640010777,-0.8769815072542099,16.121000051498413,Southern Company,Utilities,Electric Utility,US,88.3,62,55,62,70,48000,980,7200,24500,15,27000,24,33,92,38,18,True,2050,2,1999.1836734693877
SO,2024-12-31,-0.07756882745510907,0.16498734255240655,-0.9773672259343743,-5.923892165387921,15.792000102996827,Southern Company,Utilities,Electric Utility,US,88.3,62,55,62,70,48000,980,7200,24500,15,27000,24,33,92,38,18,True,2050,2,1999.1836734693877
TTE,2020-08-31,0.05146030728218831,0.22146531300059558,0.6175236873862597,2.788353982027872,22.88952382405599,TotalEnergies,Oil & Gas,Integrated Energy,FR,148.5,58,52,58,65,38000,4200,380000,218700,8,101000,27,42,82,18,6,False,2050,3,192.9583904892547
TTE,2020-09-30,-0.11657003713889735,0.28960925203277144,-1.3988404456667682,-4.8300958475887334,27.647619065784273,TotalEnergies,Oil & Gas,Integrated Energy,FR,148.5,58,52,58,65,38000,4200,380000,218700,8,101000,27,42,82,18,6,False,2050,3,192.9583904892547
TTE,2020-10-31,-0.11838083583773962,0.3191719222820489,-1.355998665050472,-4.24848982753624,29.438636086203836,TotalEnergies,Oil & Gas,Integrated Energy,FR,148.5,58,52,58,65,38000,4200,380000,218700,8,101000,27,42,82,18,6,False,2050,3,192.9583904892547
TTE,2020-11-30,0.34923460223075864,0.700077465635659,4.40035598810756,6.285527251062292,24.995500087738037,TotalEnergies,Oil & Gas,Integrated Energy,FR,148.5,58,52,58,65,38000,4200,380000,218700,8,101000,27,42,82,18,6,False,2050,3,192.9583904892547
TTE,2020-12-31,0.017238523350854296,0.3062222738658628,0.19745944929160375,0.644823927400195,22.374090974981133,TotalEnergies,Oil & Gas,Integrated Energy,FR,148.5,58,52,58,65,38000,4200,380000,218700,8,101000,27,42,82,18,6,False,2050,3,192.9583904892547
TTE,2021-01-31,0.007996612010526594,0.3325796771902286,0.10606032771856325,0.31890201053355094,24.90999984741211,TotalEnergies,Oil & Gas,Integrated Energy,FR,148.5,58,52,58,65,38000,4200,380000,218700,8,101000,27,42,82,18,6,False,2050,3,192.9583904892547
TTE,2021-02-28,0.10117797338310686,0.2993458686143661,1.3419394364496278,4.482906153545043,23.140526219418174,TotalEnergies,Oil & Gas,Integrated Energy,FR,148.5,58,52,58,65,38000,4200,380000,218700,8,101000,27,42,82,18,6,False,2050,3,192.9583904892547
TTE,2021-03-31,0.02270607526754675,0.2647824345067892,0.2487796072792079,0.9395623533056874,21.843043534652047,TotalEnergies,Oil & Gas,Integrated Energy,FR,148.5,58,52,58,65,38000,4200,380000,218700,8,101000,27,42,82,18,6,False,2050,3,192.9583904892547
TTE,2021-04-30,-0.048204766179195446,0.19521209539071027,-0.5784571941503454,-2.9632241434250437,17.416190556117467,TotalEnergies,Oil & Gas,Integrated Energy,FR,148.5,58,52,58,65,38000,4200,380000,218700,8,101000,27,42,82,18,6,False,2050,3,192.9583904892547
TTE,2021-05-31,0.05566115598148036,0.26317019580393813,0.7013305653666526,2.664931578685088,19.7604998588562,TotalEnergies,Oil & Gas,Integrated Energy,FR,148.5,58,52,58,65,38000,4200,380000,218700,8,101000,27,42,82,18,6,False,2050,3,192.9583904892547
TTE,2021-06-30,-0.010871145936147242,0.28322825244293104,-0.12452403526859568,-0.4396596532815405,16.956818147139117,TotalEnergies,Oil & Gas,Integrated Energy,FR,148.5,58,52,58,65,38000,4200,380000,218700,8,101000,27,42,82,18,6,False,2050,3,192.9583904892547
TTE,2021-07-31,-0.034187549518837734,0.2492824610635461,-0.4102505942260528,-1.645725866455857,17.60333351861863,TotalEnergies,Oil & Gas,Integrated Energy,FR,148.5,58,52,58,65,38000,4200,380000,218700,8,101000,27,42,82,18,6,False,2050,3,192.9583904892547
TTE,2021-08-31,0.016684128679899768,0.20032112363832033,0.19110911033339734,0.9540137698031522,17.47772723978216,TotalEnergies,Oil & Gas,Integrated Energy,FR,148.5,58,52,58,65,38000,4200,380000,218700,8,101000,27,42,82,18,6,False,2050,3,192.9583904892547
TTE,2021-09-30,0.09885908799941479,0.25354421812919925,1.1863090559929774,4.678903998467307,19.8247617994036,TotalEnergies,Oil & Gas,Integrated Energy,FR,148.5,58,52,58,65,38000,4200,380000,218700,8,101000,27,42,82,18,6,False,2050,3,192.9583904892547
TTE,2021-10-31,0.04558124534211683,0.16354647253185872,0.5469749441054019,3.344461886812335,17.869047573634557,TotalEnergies,Oil & Gas,Integrated Energy,FR,148.5,58,52,58,65,38000,4200,380000,218700,8,101000,27,42,82,18,6,False,2050,3,192.9583904892547
TTE,2021-11-30,-0.08335977816720885,0.23719447880483638,-1.0003173380065062,-4.217287615828391,18.500476246788388,TotalEnergies,Oil & Gas,Integrated Energy,FR,148.5,58,52,58,65,38000,4200,380000,218700,8,101000,27,42,82,18,6,False,2050,3,192.9583904892547
TTE,2021-12-31,0.0898094302165462,0.2262536983544643,1.0287262006622564,4.546781812382066,21.354545506564055,TotalEnergies,Oil & Gas,Integrated Energy,FR,148.5,58,52,58,65,38000,4200,380000,218700,8,101000,27,42,82,18,6,False,2050,3,192.9583904892547
TTE,2022-01-31,0.14132933980253493,0.25666282268946583,1.7807496815119401,6.9380896806642465,23.18100004196167,TotalEnergies,Oil & Gas,Integrated Energy,FR,148.5,58,52,58,65,38000,4200,380000,218700,8,101000,27,42,82,18,6,False,2050,3,192.9583904892547
TTE,2022-02-28,-0.11053075482182195,0.4067410862915845,-1.46598685342627,-3.604226135088142,25.74842111687911,TotalEnergies,Oil & Gas,Integrated Energy,FR,148.5,58,52,58,65,38000,4200,380000,218700,8,101000,27,42,82,18,6,False,2050,3,192.9583904892547
TTE,2022-03-31,0.02190526244069535,0.4047548858146471,0.240005484132836,0.5929650080684729,26.968695682028066,TotalEnergies,Oil & Gas,Integrated Energy,FR,148.5,58,52,58,65,38000,4200,380000,218700,8,101000,27,42,82,18,6,False,2050,3,192.9583904892547
TTE,2022-04-30,-0.03388940895118375,0.2805117881476238,-0.4270065527849153,-1.5222410281032335,24.37350015640259,TotalEnergies,Oil & Gas,Integrated Energy,FR,148.5,58,52,58,65,38000,4200,380000,218700,8,101000,27,42,82,18,6,False,2050,3,192.9583904892547
TTE,2022-05-31,0.19422351605969823,0.3570729722902469,2.3306821927163788,6.527187363881136,29.445714587257022,TotalEnergies,Oil & Gas,Integrated Energy,FR,148.5,58,52,58,65,38000,4200,380000,218700,8,101000,27,42,82,18,6,False,2050,3,192.9583904892547
TTE,2022-06-30,-0.09235516435481306,0.37573399622503956,-1.1082619722577567,-2.949591954394198,28.100000018165225,TotalEnergies,Oil & Gas,Integrated Energy,FR,148.5,58,52,58,65,38000,4200,380000,218700,8,101000,27,42,82,18,6,False,2050,3,192.9583904892547
TTE,2022-07-31,-0.022820894631904176,0.44885776517855697,-0.2875432723619926,-0.6406111126263061,24.86850004196167,TotalEnergies,Oil & Gas,Integrated Energy,FR,148.5,58,52,58,65,38000,4200,380000,218700,8,101000,27,42,82,18,6,False,2050,3,192.9583904892547
TTE,2022-08-31,-0.005872914205057311,0.3353277510554682,-0.06434671215975836,-0.19189199807418997,22.169565366662066,TotalEnergies,Oil & Gas,Integrated Energy,FR,148.5,58,52,58,65,38000,4200,380000,218700,8,101000,27,42,82,18,6,False,2050,3,192.9583904892547
TTE,2022-09-30,-0.06401691523629405,0.329143715530931,-0.7682029828355286,-2.3339439478477217,27.406190418061755,TotalEnergies,Oil & Gas,Integrated Energy,FR,148.5,58,52,58,65,38000,4200,380000,218700,8,101000,27,42,82,18,6,False,2050,3,192.9583904892547
TTE,2022-10-31,0.16790111907570415,0.3207658406936427,2.01481342890845,6.281259327837091,30.005714416503906,TotalEnergies,Oil & Gas,Integrated Energy,FR,148.5,58,52,58,65,38000,4200,380000,218700,8,101000,27,42,82,18,6,False,2050,3,192.9583904892547
TTE,2022-11-30,0.1347493000716542,0.30181448186387855,1.6169916008598504,5.357567969813756,23.436190650576638,TotalEnergies,Oil & Gas,Integrated Energy,FR,148.5,58,52,58,65,38000,4200,380000,218700,8,101000,27,42,82,18,6,False,2050,3,192.9583904892547
TTE,2022-12-31,0.025945039233769118,0.2516936899266933,0.3113404708052294,1.2369816299165406,21.784285681588308,TotalEnergies,Oil & Gas,Integrated Energy,FR,148.5,58,52,58,65,38000,4200,380000,218700,8,101000,27,42,82,18,6,False,2050,3,192.9583904892547
TTE,2023-01-31,0.000356584930261139,0.1630231736866182,0.004492970121290352,0.02756031562682771,20.202999973297118,TotalEnergies,Oil & Gas,Integrated Energy,FR,148.5,58,52,58,65,38000,4200,380000,218700,8,101000,27,42,82,18,6,False,2050,3,192.9583904892547
TTE,2023-02-28,0.00020480338775363816,0.2545652739007262,0.002716339669153517,0.0106705035904183,20.06210537960655,TotalEnergies,Oil & Gas,Integrated Energy,FR,148.5,58,52,58,65,38000,4200,380000,218700,8,101000,27,42,82,18,6,False,2050,3,192.9583904892547
TTE,2023-03-31,-0.03044829205270527,0.2923784980691632,-0.3336073737948577,-1.1410119964291685,21.644347895746645,TotalEnergies,Oil & Gas,Integrated Energy,FR,148.5,58,52,58,65,38000,4200,380000,218700,8,101000,27,42,82,18,6,False,2050,3,192.9583904892547
TTE,2023-04-30,0.08256822758079307,0.29413449813737585,1.095115439492624,3.723179179686529,17.8178946344476,TotalEnergies,Oil & Gas,Integrated Energy,FR,148.5,58,52,58,65,38000,4200,380000,218700,8,101000,27,42,82,18,6,False,2050,3,192.9583904892547
TTE,2023-05-31,-0.12395319404083338,0.25704084305910124,-1.4198274953768188,-5.523742758073505,17.64409099925648,TotalEnergies,Oil & Gas,Integrated Energy,FR,148.5,58,52,58,65,38000,4200,380000,218700,8,101000,27,42,82,18,6,False,2050,3,192.9583904892547
TTE,2023-06-30,0.039349245500472474,0.23572378692536147,0.4721909460056697,2.003153572936541,13.994285628909157,TotalEnergies,Oil & Gas,Integrated Energy,FR,148.5,58,52,58,65,38000,4200,380000,218700,8,101000,27,42,82,18,6,False,2050,3,192.9583904892547
TTE,2023-07-31,0.05646758464514978,0.24057384427679085,0.7114915665288873,2.9574768141057133,13.943999910354615,TotalEnergies,Oil & Gas,Integrated Energy,FR,148.5,58,52,58,65,38000,4200,380000,218700,8,101000,27,42,82,18,6,False,2050,3,192.9583904892547
TTE,2023-08-31,0.03532880855635534,0.21444976892803763,0.38708085896528455,1.8049954583778371,15.853912975477135,TotalEnergies,Oil & Gas,Integrated Energy,FR,148.5,58,52,58,65,38000,4200,380000,218700,8,101000,27,42,82,18,6,False,2050,3,192.9583904892547
TTE,2023-09-30,0.05744208627077063,0.1485323254742683,0.7237702870117099,4.872813272805693,15.241000032424926,TotalEnergies,Oil & Gas,Integrated Energy,FR,148.5,58,52,58,65,38000,4200,380000,218700,8,101000,27,42,82,18,6,False,2050,3,192.9583904892547
TTE,2023-10-31,0.013972645951430884,0.17469117538658918,0.16005030817093557,0.9161900011076486,18.887727303938433,TotalEnergies,Oil & Gas,Integrated Energy,FR,148.5,58,52,58,65,38000,4200,380000,218700,8,101000,27,42,82,18,6,False,2050,3,192.9583904892547
TTE,2023-11-30,0.023743690661546246,0.2347431495204165,0.28492428793855495,1.2137704061680148,14.077142897106352,TotalEnergies,Oil & Gas,Integrated Energy,FR,148.5,58,52,58,65,38000,4200,380000,218700,8,101000,27,42,82,18,6,False,2050,3,192.9583904892547
TTE,2023-12-31,0.003122919451297057,0.18202234883903867,0.039348785086342916,0.21617557040283455,12.718499994277954,TotalEnergies,Oil & Gas,Integrated Energy,FR,148.5,58,52,58,65,38000,4200,380000,218700,8,101000,27,42,82,18,6,False,2050,3,192.9583904892547
TTE,2024-01-31,-0.03154897441396931,0.2013837633139644,-0.37858769296763173,-1.8799315631886377,13.395238149733771,TotalEnergies,Oil & Gas,Integrated Energy,FR,148.5,58,52,58,65,38000,4200,380000,218700,8,101000,27,42,82,18,6,False,2050,3,192.9583904892547
TTE,2024-02-29,-0.015775020780848803,0.191742911871455,-0.19876526183869492,-1.036623778676876,13.944000101089477,TotalEnergies,Oil & Gas,Integrated Energy,FR,148.5,58,52,58,65,38000,4200,380000,218700,8,101000,27,42,82,18,6,False,2050,3,192.9583904892547
TTE,2024-03-31,0.08454674444375443,0.14053296837001358,1.065288979991306,7.580349240090579,13.787499904632568,TotalEnergies,Oil & Gas,Integrated Energy,FR,148.5,58,52,58,65,38000,4200,380000,218700,8,101000,27,42,82,18,6,False,2050,3,192.9583904892547
TTE,2024-04-30,0.053026200447930716,0.1854779532656904,0.6073910233126609,3.2747343423754276,16.137727087194268,TotalEnergies,Oil & Gas,Integrated Energy,FR,148.5,58,52,58,65,38000,4200,380000,218700,8,101000,27,42,82,18,6,False,2050,3,192.9583904892547
TTE,2024-05-31,0.010568448501162231,0.19872326843848606,0.12105677374058556,0.6091726182435359,13.090454535050826,TotalEnergies,Oil & Gas,Integrated Energy,FR,148.5,58,52,58,65,38000,4200,380000,218700,8,101000,27,42,82,18,6,False,2050,3,192.9583904892547
TTE,2024-06-30,-0.07685859996034738,0.2475400232727226,-1.0193877468425023,-4.118072436793023,12.676842037000155,TotalEnergies,Oil & Gas,Integrated Energy,FR,148.5,58,52,58,65,38000,4200,380000,218700,8,101000,27,42,82,18,6,False,2050,3,192.9583904892547
TTE,2024-07-31,0.01809234714709884,0.20347768669575564,0.20723961277585945,1.0184881504266792,14.470000050284646,TotalEnergies,Oil & Gas,Integrated Energy,FR,148.5,58,52,58,65,38000,4200,380000,218700,8,101000,27,42,82,18,6,False,2050,3,192.9583904892547
TTE,2024-08-31,0.01871479767654005,0.1444917965746,0.21436950065854968,1.483610182311439,19.31227272207087,TotalEnergies,Oil & Gas,Integrated Energy,FR,148.5,58,52,58,65,38000,4200,380000,218700,8,101000,27,42,82,18,6,False,2050,3,192.9583904892547
TTE,2024-09-30,-0.050785659488529866,0.22992990443243552,-0.6398993095554764,-2.7830190732911366,17.768999814987183,TotalEnergies,Oil & Gas,Integrated Energy,FR,148.5,58,52,58,65,38000,4200,380000,218700,8,101000,27,42,82,18,6,False,2050,3,192.9583904892547
TTE,2024-10-31,-0.030056386752315478,0.22872150871546326,-0.3293134548514566,-1.4398009907373113,19.96086958180303,TotalEnergies,Oil & Gas,Integrated Energy,FR,148.5,58,52,58,65,38000,4200,380000,218700,8,101000,27,42,82,18,6,False,2050,3,192.9583904892547
TTE,2024-11-30,-0.07401718031457494,0.21128933355727725,-0.9326164719636442,-4.41393068103377,16.121000051498413,TotalEnergies,Oil & Gas,Integrated Energy,FR,148.5,58,52,58,65,38000,4200,380000,218700,8,101000,27,42,82,18,6,False,2050,3,192.9583904892547
TTE,2024-12-31,-0.06100985864704778,0.18690102773885534,-0.7687242189528021,-4.113001561590611,15.792000102996827,TotalEnergies,Oil & Gas,Integrated Energy,FR,148.5,58,52,58,65,38000,4200,380000,218700,8,101000,27,42,82,18,6,False,2050,3,192.9583904892547
VWDRY,2020-08-31,0.17829074568076164,0.34701554713228383,2.1394889481691397,6.165397965162516,22.88952382405599,Vestas Wind Systems,Renewable Energy,Wind Turbines,DK,18.9,80,86,74,80,55,72,8200,15400,78,28700,24,38,91,98,91,True,2030,1,8.246753246753247
VWDRY,2020-09-30,0.07114154152625862,0.3421468356724766,0.8536984983151035,2.495123173175609,27.647619065784273,Vestas Wind Systems,Renewable Energy,Wind Turbines,DK,18.9,80,86,74,80,55,72,8200,15400,78,28700,24,38,91,98,91,True,2030,1,8.246753246753247
VWDRY,2020-10-31,0.06992145584284859,0.43981960056452546,0.800918494199902,1.8210159191902593,29.438636086203836,Vestas Wind Systems,Renewable Energy,Wind Turbines,DK,18.9,80,86,74,80,55,72,8200,15400,78,28700,24,38,91,98,91,True,2030,1,8.246753246753247
VWDRY,2020-11-30,0.17923384470476456,0.5424955701616471,2.2583464432800335,4.162884579144333,24.995500087738037,Vestas Wind Systems,Renewable Energy,Wind Turbines,DK,18.9,80,86,74,80,55,72,8200,15400,78,28700,24,38,91,98,91,True,2030,1,8.246753246753247
VWDRY,2020-12-31,0.14848349862424082,0.30060319644106115,1.700810984241304,5.65799367530937,22.374090974981133,Vestas Wind Systems,Renewable Energy,Wind Turbines,DK,18.9,80,86,74,80,55,72,8200,15400,78,28700,24,38,91,98,91,True,2030,1,8.246753246753247
VWDRY,2021-01-31,-0.07240517707960736,0.5735678957152555,-0.9603212960032134,-1.6742940167626805,24.90999984741211,Vestas Wind Systems,Renewable Energy,Wind Turbines,DK,18.9,80,86,74,80,55,72,8200,15400,78,28700,24,38,91,98,91,True,2030,1,8.246753246753247
VWDRY,2021-02-28,-0.12577367093537373,0.48367543412181246,-1.6681560566165357,-3.448916233765998,23.140526219418174,Vestas Wind Systems,Renewable Energy,Wind Turbines,DK,18.9,80,86,74,80,55,72,8200,15400,78,28700,24,38,91,98,91,True,2030,1,8.246753246753247
VWDRY,2021-03-31,0.1177628718747331,0.5518017527429492,1.2902714657579453,2.338288088691527,21.843043534652047,Vestas Wind Systems,Renewable Energy,Wind Turbines,DK,18.9,80,86,74,80,55,72,8200,15400,78,28700,24,38,91,98,91,True,2030,1,8.246753246753247
VWDRY,2021-04-30,-0.002460582156235236,0.5219067161950413,-0.02952698587482283,-0.05657521729187392,17.416190556117467,Vestas Wind Systems,Renewable Energy,Wind Turbines,DK,18.9,80,86,74,80,55,72,8200,15400,78,28700,24,38,91,98,91,True,2030,1,8.246753246753247
VWDRY,2021-05-31,-0.03653431994029421,0.5667430298653725,-0.46033243124770706,-0.8122418926917498,19.7604998588562,Vestas Wind Systems,Renewable Energy,Wind Turbines,DK,18.9,80,86,74,80,55,72,8200,15400,78,28700,24,38,91,98,91,True,2030,1,8.246753246753247
VWDRY,2021-06-30,0.006737306220791051,0.37896144339749455,0.07717278034724294,0.20364282882017637,16.956818147139117,Vestas Wind Systems,Renewable Energy,Wind Turbines,DK,18.9,80,86,74,80,55,72,8200,15400,78,28700,24,38,91,98,91,True,2030,1,8.246753246753247
VWDRY,2021-07-31,-0.05014315212182774,0.4306611223775246,-0.6017178254619329,-1.397195600429558,17.60333351861863,Vestas Wind Systems,Renewable Energy,Wind Turbines,DK,18.9,80,86,74,80,55,72,8200,15400,78,28700,24,38,91,98,91,True,2030,1,8.246753246753247
VWDRY,2021-08-31,0.0929921726820141,0.25724090277438216,1.0651830689030706,4.14079976168218,17.47772723978216,Vestas Wind Systems,Renewable Energy,Wind Turbines,DK,18.9,80,86,74,80,55,72,8200,15400,78,28700,24,38,91,98,91,True,2030,1,8.246753246753247
VWDRY,2021-09-30,0.009643553212822509,0.38763697228401883,0.1157226385538701,0.2985335425359812,19.8247617994036,Vestas Wind Systems,Renewable Energy,Wind Turbines,DK,18.9,80,86,74,80,55,72,8200,15400,78,28700,24,38,91,98,91,True,2030,1,8.246753246753247
VWDRY,2021-10-31,0.0776879084135258,0.5267185400403235,0.9322549009623096,1.7699299153034178,17.869047573634557,Vestas Wind Systems,Renewable Energy,Wind Turbines,DK,18.9,80,86,74,80,55,72,8200,15400,78,28700,24,38,91,98,91,True,2030,1,8.246753246753247
VWDRY,2021-11-30,-0.2416817152136691,0.6957335408085997,-2.900180582564029,-4.168522016623438,18.500476246788388,Vestas Wind Systems,Renewable Energy,Wind Turbines,DK,18.9,80,86,74,80,55,72,8200,15400,78,28700,24,38,91,98,91,True,2030,1,8.246753246753247
VWDRY,2021-12-31,-0.08127175303562229,0.3811385871335412,-0.930930989317128,-2.4424999744015783,21.354545506564055,Vestas Wind Systems,Renewable Energy,Wind Turbines,DK,18.9,80,86,74,80,55,72,8200,15400,78,28700,24,38,91,98,91,True,2030,1,8.246753246753247
VWDRY,2022-01-31,-0.12012142238044721,0.4725682999170596,-1.513529921993635,-3.202774968738433,23.18100004196167,Vestas Wind Systems,Renewable Energy,Wind Turbines,DK,18.9,80,86,74,80,55,72,8200,15400,78,28700,24,38,91,98,91,True,2030,1,8.246753246753247
VWDRY,2022-02-28,0.22208647838097617,0.9218064939951777,2.945568029052947,3.195429895798018,25.74842111687911,Vestas Wind Systems,Renewable Energy,Wind Turbines,DK,18.9,80,86,74,80,55,72,8200,15400,78,28700,24,38,91,98,91,True,2030,1,8.246753246753247
VWDRY,2022-03-31,-0.07080101354676094,0.7470542989217717,-0.7757328440775546,-1.0383888362561795,26.968695682028066,Vestas Wind Systems,Renewable Energy,Wind Turbines,DK,18.9,80,86,74,80,55,72,8200,15400,78,28700,24,38,91,98,91,True,2030,1,8.246753246753247
VWDRY,2022-04-30,-0.1280843918138329,0.5409347379658094,-1.6138633368542947,-2.983471431180856,24.37350015640259,Vestas Wind Systems,Renewable Energy,Wind Turbines,DK,18.9,80,86,74,80,55,72,8200,15400,78,28700,24,38,91,98,91,True,2030,1,8.246753246753247
VWDRY,2022-05-31,-0.002404200586463956,0.5664994957590749,-0.02885040703756747,-0.05092750700317867,29.445714587257022,Vestas Wind Systems,Renewable Energy,Wind Turbines,DK,18.9,80,86,74,80,55,72,8200,15400,78,28700,24,38,91,98,91,True,2030,1,8.246753246753247
VWDRY,2022-06-30,-0.17299199694489498,0.48100662910098346,-2.0759039633387397,-4.315749176302766,28.100000018165225,Vestas Wind Systems,Renewable Energy,Wind Turbines,DK,18.9,80,86,74,80,55,72,8200,15400,78,28700,24,38,91,98,91,True,2030,1,8.246753246753247
VWDRY,2022-07-31,0.226229358385849,0.6747169110019258,2.850489915661697,4.224719833135413,24.86850004196167,Vestas Wind Systems,Renewable Energy,Wind Turbines,DK,18.9,80,86,74,80,55,72,8200,15400,78,28700,24,38,91,98,91,True,2030,1,8.246753246753247
VWDRY,2022-08-31,-0.034882805199144995,0.421239292047405,-0.3821942134862843,-0.9073090300495361,22.169565366662066,Vestas Wind Systems,Renewable Energy,Wind Turbines,DK,18.9,80,86,74,80,55,72,8200,15400,78,28700,24,38,91,98,91,True,2030,1,8.246753246753247
VWDRY,2022-09-30,-0.29765537744283843,0.45853267116968,-3.571864529314061,-7.789771054268656,27.406190418061755,Vestas Wind Systems,Renewable Energy,Wind Turbines,DK,18.9,80,86,74,80,55,72,8200,15400,78,28700,24,38,91,98,91,True,2030,1,8.246753246753247
VWDRY,2022-10-31,0.0734514627496472,0.4575198980542544,0.8814175529957664,1.9265119544401643,30.005714416503906,Vestas Wind Systems,Renewable Energy,Wind Turbines,DK,18.9,80,86,74,80,55,72,8200,15400,78,28700,24,38,91,98,91,True,2030,1,8.246753246753247
VWDRY,2022-11-30,0.27809582797591925,0.609606844799906,3.337149935711031,5.474265855407839,23.436190650576638,Vestas Wind Systems,Renewable Energy,Wind Turbines,DK,18.9,80,86,74,80,55,72,8200,15400,78,28700,24,38,91,98,91,True,2030,1,8.246753246753247
VWDRY,2022-12-31,0.13303678758183668,0.3582186601011465,1.5964414509820402,4.456611641982217,21.784285681588308,Vestas Wind Systems,Renewable Energy,Wind Turbines,DK,18.9,80,86,74,80,55,72,8200,15400,78,28700,24,38,91,98,91,True,2030,1,8.246753246753247
VWDRY,2023-01-31,0.015594471950152733,0.4103241705276304,0.19649034657192443,0.4788661275285346,20.202999973297118,Vestas Wind Systems,Renewable Energy,Wind Turbines,DK,18.9,80,86,74,80,55,72,8200,15400,78,28700,24,38,91,98,91,True,2030,1,8.246753246753247
VWDRY,2023-02-28,-0.02411141643917858,0.29320446500942043,-0.3197935232985791,-1.0906843566939008,20.06210537960655,Vestas Wind Systems,Renewable Energy,Wind Turbines,DK,18.9,80,86,74,80,55,72,8200,15400,78,28700,24,38,91,98,91,True,2030,1,8.246753246753247
VWDRY,2023-03-31,0.028942355156453714,0.4778551884252794,0.317107543453319,0.6636059440901184,21.644347895746645,Vestas Wind Systems,Renewable Energy,Wind Turbines,DK,18.9,80,86,74,80,55,72,8200,15400,78,28700,24,38,91,98,91,True,2030,1,8.246753246753247
VWDRY,2023-04-30,-0.04450133814032298,0.3084947254105834,-0.5902282742821784,-1.9132524016306232,17.8178946344476,Vestas Wind Systems,Renewable Energy,Wind Turbines,DK,18.9,80,86,74,80,55,72,8200,15400,78,28700,24,38,91,98,91,True,2030,1,8.246753246753247
VWDRY,2023-05-31,0.03925482430101712,0.3423755425781917,0.4496461692661961,1.3133127614204685,17.64409099925648,Vestas Wind Systems,Renewable Energy,Wind Turbines,DK,18.9,80,86,74,80,55,72,8200,15400,78,28700,24,38,91,98,91,True,2030,1,8.246753246753247
VWDRY,2023-06-30,-0.07150759404517448,0.2638817286163392,-0.8580911285420938,-3.25180198356849,13.994285628909157,Vestas Wind Systems,Renewable Energy,Wind Turbines,DK,18.9,80,86,74,80,55,72,8200,15400,78,28700,24,38,91,98,91,True,2030,1,8.246753246753247
VWDRY,2023-07-31,0.01218040862751868,0.33319587164408504,0.15347314870673534,0.4606093945565842,13.943999910354615,Vestas Wind Systems,Renewable Energy,Wind Turbines,DK,18.9,80,86,74,80,55,72,8200,15400,78,28700,24,38,91,98,91,True,2030,1,8.246753246753247
VWDRY,2023-08-31,-0.14404727049755206,0.32708030513519365,-1.5782570506688312,-4.8252891595428915,15.853912975477135,Vestas Wind Systems,Renewable Energy,Wind Turbines,DK,18.9,80,86,74,80,55,72,8200,15400,78,28700,24,38,91,98,91,True,2030,1,8.246753246753247
VWDRY,2023-09-30,-0.0681584770295508,0.4945062712334378,-0.8587968105723401,-1.7366752668884444,15.241000032424926,Vestas Wind Systems,Renewable Energy,Wind Turbines,DK,18.9,80,86,74,80,55,72,8200,15400,78,28700,24,38,91,98,91,True,2030,1,8.246753246753247
VWDRY,2023-10-31,0.021522466412701502,0.5328213465838022,0.24653006981821723,0.4626880499417884,18.887727303938433,Vestas Wind Systems,Renewable Energy,Wind Turbines,DK,18.9,80,86,74,80,55,72,8200,15400,78,28700,24,38,91,98,91,True,2030,1,8.246753246753247
VWDRY,2023-11-30,0.2616083357719192,0.5344427111368821,3.1393000292630306,5.8739692091319196,14.077142897106352,Vestas Wind Systems,Renewable Energy,Wind Turbines,DK,18.9,80,86,74,80,55,72,8200,15400,78,28700,24,38,91,98,91,True,2030,1,8.246753246753247
VWDRY,2023-12-31,0.13968286542771247,0.31355167592308897,1.760004104389177,5.613122938054039,12.718499994277954,Vestas Wind Systems,Renewable Energy,Wind Turbines,DK,18.9,80,86,74,80,55,72,8200,15400,78,28700,24,38,91,98,91,True,2030,1,8.246753246753247
VWDRY,2024-01-31,-0.11650087334513426,0.24899400004736721,-1.3980104801416111,-5.6146352115941,13.395238149733771,Vestas Wind Systems,Renewable Energy,Wind Turbines,DK,18.9,80,86,74,80,55,72,8200,15400,78,28700,24,38,91,98,91,True,2030,1,8.246753246753247
VWDRY,2024-02-29,-0.0017148541811751183,0.39588695716291095,-0.02160716268280649,-0.05457912237789374,13.944000101089477,Vestas Wind Systems,Renewable Energy,Wind Turbines,DK,18.9,80,86,74,80,55,72,8200,15400,78,28700,24,38,91,98,91,True,2030,1,8.246753246753247
VWDRY,2024-03-31,0.001106027065795434,0.24129493351816508,0.013935941029022469,0.057754801668777465,13.787499904632568,Vestas Wind Systems,Renewable Energy,Wind Turbines,DK,18.9,80,86,74,80,55,72,8200,15400,78,28700,24,38,91,98,91,True,2030,1,8.246753246753247
VWDRY,2024-04-30,-0.03568946899957104,0.3113219232105543,-0.40880664490417734,-1.3131315671196462,16.137727087194268,Vestas Wind Systems,Renewable Energy,Wind Turbines,DK,18.9,80,86,74,80,55,72,8200,15400,78,28700,24,38,91,98,91,True,2030,1,8.246753246753247
VWDRY,2024-05-31,0.06045834862571254,0.3658273684810686,0.6925229024399799,1.8930319656382342,13.090454535050826,Vestas Wind Systems,Renewable Energy,Wind Turbines,DK,18.9,80,86,74,80,55,72,8200,15400,78,28700,24,38,91,98,91,True,2030,1,8.246753246753247
VWDRY,2024-06-30,-0.196553136108795,0.2668374625011687,-2.606915278916649,-9.769674971726399,12.676842037000155,Vestas Wind Systems,Renewable Energy,Wind Turbines,DK,18.9,80,86,74,80,55,72,8200,15400,78,28700,24,38,91,98,91,True,2030,1,8.246753246753247
VWDRY,2024-07-31,0.07319765573519332,0.3456341594721577,0.8384458747849417,2.425818894941957,14.470000050284646,Vestas Wind Systems,Renewable Energy,Wind Turbines,DK,18.9,80,86,74,80,55,72,8200,15400,78,28700,24,38,91,98,91,True,2030,1,8.246753246753247
VWDRY,2024-08-31,-0.06637344180821803,0.5023843604231069,-0.760277606166861,-1.5133385233699495,19.31227272207087,Vestas Wind Systems,Renewable Energy,Wind Turbines,DK,18.9,80,86,74,80,55,72,8200,15400,78,28700,24,38,91,98,91,True,2030,1,8.246753246753247
VWDRY,2024-09-30,-0.03295715295198287,0.3480408409380719,-0.4152601271949842,-1.1931362022794123,17.768999814987183,Vestas Wind Systems,Renewable Energy,Wind Turbines,DK,18.9,80,86,74,80,55,72,8200,15400,78,28700,24,38,91,98,91,True,2030,1,8.246753246753247
VWDRY,2024-10-31,-0.15609156995370088,0.37285272588319995,-1.7102206794927228,-4.586853094453351,19.96086958180303,Vestas Wind Systems,Renewable Energy,Wind Turbines,DK,18.9,80,86,74,80,55,72,8200,15400,78,28700,24,38,91,98,91,True,2030,1,8.246753246753247
VWDRY,2024-11-30,-0.16645460898778008,0.769353405791353,-2.097328073246029,-2.7260918811280597,16.121000051498413,Vestas Wind Systems,Renewable Energy,Wind Turbines,DK,18.9,80,86,74,80,55,72,8200,15400,78,28700,24,38,91,98,91,True,2030,1,8.246753246753247
VWDRY,2024-12-31,-0.10996229712045624,0.4907147759269037,-1.3855249437177486,-2.8234832364700075,15.792000102996827,Vestas Wind Systems,Renewable Energy,Wind Turbines,DK,18.9,80,86,74,80,55,72,8200,15400,78,28700,24,38,91,98,91,True,2030,1,8.246753246753247
WELL,2020-08-31,0.08752295136640696,0.36484627858262364,1.0502754163968837,2.878679263159969,22.88952382405599,Welltower,Social Infrastructure,Healthcare Real Estate,US,55.6,70,63,74,72,210,580,2800,6800,15,400,35,40,91,35,18,False,2050,0,116.1764705882353
WELL,2020-09-30,-0.03790141122811419,0.3607661517465862,-0.4548169347373703,-1.2606973590384065,27.647619065784273,Welltower,Social Infrastructure,Healthcare Real Estate,US,55.6,70,63,74,72,210,580,2800,6800,15,400,35,40,91,35,18,False,2050,0,116.1764705882353
WELL,2020-10-31,-0.018607443582333683,0.36843554969027975,-0.21313980830673127,-0.5784995733606714,29.438636086203836,Welltower,Social Infrastructure,Healthcare Real Estate,US,55.6,70,63,74,72,210,580,2800,6800,15,400,35,40,91,35,18,False,2050,0,116.1764705882353
WELL,2020-11-30,0.19588343446068002,0.8716887806171273,2.4681312742045685,2.8314363211801483,24.995500087738037,Welltower,Social Infrastructure,Healthcare Real Estate,US,55.6,70,63,74,72,210,580,2800,6800,15,400,35,40,91,35,18,False,2050,0,116.1764705882353
WELL,2020-12-31,0.02859513107891809,0.26319076699906985,0.32754422872215266,1.2445126113535367,22.374090974981133,Welltower,Social Infrastructure,Healthcare Real Estate,US,55.6,70,63,74,72,210,580,2800,6800,15,400,35,40,91,35,18,False,2050,0,116.1764705882353
WELL,2021-01-31,-0.057579625475076,0.4275900372481785,-0.7636876641957449,-1.7860277314003252,24.90999984741211,Welltower,Social Infrastructure,Healthcare Real Estate,US,55.6,70,63,74,72,210,580,2800,6800,15,400,35,40,91,35,18,False,2050,0,116.1764705882353
WELL,2021-02-28,0.1274604003398805,0.34768819525987205,1.6905274150342045,4.862193879693431,23.140526219418174,Welltower,Social Infrastructure,Healthcare Real Estate,US,55.6,70,63,74,72,210,580,2800,6800,15,400,35,40,91,35,18,False,2050,0,116.1764705882353
WELL,2021-03-31,0.05608912835572343,0.24163800329161078,0.6145417541583611,2.5432330419347444,21.843043534652047,Welltower,Social Infrastructure,Healthcare Real Estate,US,55.6,70,63,74,72,210,580,2800,6800,15,400,35,40,91,35,18,False,2050,0,116.1764705882353
WELL,2021-04-30,0.04765787533172505,0.1765416601690991,0.5718945039807006,3.239430871064177,17.416190556117467,Welltower,Social Infrastructure,Healthcare Real Estate,US,55.6,70,63,74,72,210,580,2800,6800,15,400,35,40,91,35,18,False,2050,0,116.1764705882353
WELL,2021-05-31,0.006906486712770277,0.23961565170822047,0.08702173258090548,0.3631721549094451,19.7604998588562,Welltower,Social Infrastructure,Healthcare Real Estate,US,55.6,70,63,74,72,210,580,2800,6800,15,400,35,40,91,35,18,False,2050,0,116.1764705882353
WELL,2021-06-30,0.1076986888164001,0.2090371126226702,1.2336395264424012,5.901533517013439,16.956818147139117,Welltower,Social Infrastructure,Healthcare Real Estate,US,55.6,70,63,74,72,210,580,2800,6800,15,400,35,40,91,35,18,False,2050,0,116.1764705882353
WELL,2021-07-31,0.047674550920437264,0.28955358736975484,0.5720946110452472,1.9757814649855898,17.60333351861863,Welltower,Social Infrastructure,Healthcare Real Estate,US,55.6,70,63,74,72,210,580,2800,6800,15,400,35,40,91,35,18,False,2050,0,116.1764705882353
WELL,2021-08-31,0.01611178175811645,0.17131664920817277,0.18455313650206115,1.0772632861725207,17.47772723978216,Welltower,Social Infrastructure,Healthcare Real Estate,US,55.6,70,63,74,72,210,580,2800,6800,15,400,35,40,91,35,18,False,2050,0,116.1764705882353
WELL,2021-09-30,-0.05885929458955841,0.1905677630666059,-0.7063115350747009,-3.7063537069899692,19.8247617994036,Welltower,Social Infrastructure,Healthcare Real Estate,US,55.6,70,63,74,72,210,580,2800,6800,15,400,35,40,91,35,18,False,2050,0,116.1764705882353
WELL,2021-10-31,-0.022639776853283555,0.21926631721694984,-0.27167732223940266,-1.2390289839665412,17.869047573634557,Welltower,Social Infrastructure,Healthcare Real Estate,US,55.6,70,63,74,72,210,580,2800,6800,15,400,35,40,91,35,18,False,2050,0,116.1764705882353
WELL,2021-11-30,0.003168917085456302,0.37990680253813214,0.038027005025475624,0.10009561495456182,18.500476246788388,Welltower,Social Infrastructure,Healthcare Real Estate,US,55.6,70,63,74,72,210,580,2800,6800,15,400,35,40,91,35,18,False,2050,0,116.1764705882353
WELL,2021-12-31,0.07773370297193438,0.27749837698085944,0.8904042340421574,3.208682673137124,21.354545506564055,Welltower,Social Infrastructure,Healthcare Real Estate,US,55.6,70,63,74,72,210,580,2800,6800,15,400,35,40,91,35,18,False,2050,0,116.1764705882353
WELL,2022-01-31,0.011995425141951177,0.23198137061933397,0.15114235678858484,0.6515279928947373,23.18100004196167,Welltower,Social Infrastructure,Healthcare Real Estate,US,55.6,70,63,74,72,210,580,2800,6800,15,400,35,40,91,35,18,False,2050,0,116.1764705882353
WELL,2022-02-28,-0.02884880024613501,0.2986583619663059,-0.3826261927382117,-1.2811501081673342,25.74842111687911,Welltower,Social Infrastructure,Healthcare Real Estate,US,55.6,70,63,74,72,210,580,2800,6800,15,400,35,40,91,35,18,False,2050,0,116.1764705882353
WELL,2022-03-31,0.145357364347678,0.18154794552373524,1.5926111224180373,8.772399587467776,26.968695682028066,Welltower,Social Infrastructure,Healthcare Real Estate,US,55.6,70,63,74,72,210,580,2800,6800,15,400,35,40,91,35,18,False,2050,0,116.1764705882353
WELL,2022-04-30,-0.05500831077170032,0.22597573030192583,-0.693104715723424,-3.067164402112421,24.37350015640259,Welltower,Social Infrastructure,Healthcare Real Estate,US,55.6,70,63,74,72,210,580,2800,6800,15,400,35,40,91,35,18,False,2050,0,116.1764705882353
WELL,2022-05-31,-0.01099495619152424,0.17211296115226962,-0.1319394742982909,-0.7665865104811197,29.445714587257022,Welltower,Social Infrastructure,Healthcare Real Estate,US,55.6,70,63,74,72,210,580,2800,6800,15,400,35,40,91,35,18,False,2050,0,116.1764705882353
WELL,2022-06-30,-0.07459393964285643,0.31263210362125876,-0.8951272757142772,-2.86319691850549,28.100000018165225,Welltower,Social Infrastructure,Healthcare Real Estate,US,55.6,70,63,74,72,210,580,2800,6800,15,400,35,40,91,35,18,False,2050,0,116.1764705882353
WELL,2022-07-31,0.04853048306140395,0.17546043495106914,0.6114840865736897,3.4850254802127614,24.86850004196167,Welltower,Social Infrastructure,Healthcare Real Estate,US,55.6,70,63,74,72,210,580,2800,6800,15,400,35,40,91,35,18,False,2050,0,116.1764705882353
WELL,2022-08-31,-0.10886817959538686,0.22458386954885737,-1.1928165764364125,-5.311229959803145,22.169565366662066,Welltower,Social Infrastructure,Healthcare Real Estate,US,55.6,70,63,74,72,210,580,2800,6800,15,400,35,40,91,35,18,False,2050,0,116.1764705882353
WELL,2022-09-30,-0.17177464459717562,0.26822311583905895,-2.0612957351661074,-7.6850040635682575,27.406190418061755,Welltower,Social Infrastructure,Healthcare Real Estate,US,55.6,70,63,74,72,210,580,2800,6800,15,400,35,40,91,35,18,False,2050,0,116.1764705882353
WELL,2022-10-31,-0.04691304859624368,0.36859249311253856,-0.5629565831549241,-1.5273142933571422,30.005714416503906,Welltower,Social Infrastructure,Healthcare Real Estate,US,55.6,70,63,74,72,210,580,2800,6800,15,400,35,40,91,35,18,False,2050,0,116.1764705882353
WELL,2022-11-30,0.16944017259582844,0.4612545072000611,2.0332820711499413,4.408156537033124,23.436190650576638,Welltower,Social Infrastructure,Healthcare Real Estate,US,55.6,70,63,74,72,210,580,2800,6800,15,400,35,40,91,35,18,False,2050,0,116.1764705882353
WELL,2022-12-31,-0.07683159989163213,0.286189646914256,-0.9219791986995856,-3.2215672671618885,21.784285681588308,Welltower,Social Infrastructure,Healthcare Real Estate,US,55.6,70,63,74,72,210,580,2800,6800,15,400,35,40,91,35,18,False,2050,0,116.1764705882353
WELL,2023-01-31,0.13827018217175258,0.26422940994473076,1.7422042953640824,6.593529069033238,20.202999973297118,Welltower,Social Infrastructure,Healthcare Real Estate,US,55.6,70,63,74,72,210,580,2800,6800,15,400,35,40,91,35,18,False,2050,0,116.1764705882353
WELL,2023-02-28,-0.0026994823368955423,0.20242073178652117,-0.03580366046829877,-0.17687743815716642,20.06210537960655,Welltower,Social Infrastructure,Healthcare Real Estate,US,55.6,70,63,74,72,210,580,2800,6800,15,400,35,40,91,35,18,False,2050,0,116.1764705882353
WELL,2023-03-31,-0.027092345213048156,0.37405158538541505,-0.2968378692907885,-0.7935746856544742,21.644347895746645,Welltower,Social Infrastructure,Healthcare Real Estate,US,55.6,70,63,74,72,210,580,2800,6800,15,400,35,40,91,35,18,False,2050,0,116.1764705882353
WELL,2023-04-30,0.1012630757363443,0.17766931361497162,1.3430681623978296,7.559370467926733,17.8178946344476,Welltower,Social Infrastructure,Healthcare Real Estate,US,55.6,70,63,74,72,210,580,2800,6800,15,400,35,40,91,35,18,False,2050,0,116.1764705882353
WELL,2023-05-31,-0.04951289319455788,0.25220552775019894,-0.5671476856831175,-2.2487520029491903,17.64409099925648,Welltower,Social Infrastructure,Healthcare Real Estate,US,55.6,70,63,74,72,210,580,2800,6800,15,400,35,40,91,35,18,False,2050,0,116.1764705882353
WELL,2023-06-30,0.08371654809241735,0.2641871708240186,1.0045985771090082,3.8026016705337877,13.994285628909157,Welltower,Social Infrastructure,Healthcare Real Estate,US,55.6,70,63,74,72,210,580,2800,6800,15,400,35,40,91,35,18,False,2050,0,116.1764705882353
WELL,2023-07-31,0.017075118881190954,0.20704316416852583,0.215146497903006,1.0391383785454724,13.943999910354615,Welltower,Social Infrastructure,Healthcare Real Estate,US,55.6,70,63,74,72,210,580,2800,6800,15,400,35,40,91,35,18,False,2050,0,116.1764705882353
WELL,2023-08-31,0.018029435564630103,0.21001481679612224,0.19753990270812113,0.9405998382480247,15.853912975477135,Welltower,Social Infrastructure,Healthcare Real Estate,US,55.6,70,63,74,72,210,580,2800,6800,15,400,35,40,91,35,18,False,2050,0,116.1764705882353
WELL,2023-09-30,-0.009817115827359224,0.22022222115260567,-0.12369565942472621,-0.56168564088276,15.241000032424926,Welltower,Social Infrastructure,Healthcare Real Estate,US,55.6,70,63,74,72,210,580,2800,6800,15,400,35,40,91,35,18,False,2050,0,116.1764705882353
WELL,2023-10-31,0.0233544162612781,0.26492287320651753,0.2675142226291855,1.009781523925448,18.887727303938433,Welltower,Social Infrastructure,Healthcare Real Estate,US,55.6,70,63,74,72,210,580,2800,6800,15,400,35,40,91,35,18,False,2050,0,116.1764705882353
WELL,2023-11-30,0.07267066217923857,0.21490096411807813,0.8720479461508628,4.0579061603079305,14.077142897106352,Welltower,Social Infrastructure,Healthcare Real Estate,US,55.6,70,63,74,72,210,580,2800,6800,15,400,35,40,91,35,18,False,2050,0,116.1764705882353
WELL,2023-12-31,0.013257841266070214,0.18660904709513135,0.16704879995248467,0.8951806064757671,12.718499994277954,Welltower,Social Infrastructure,Healthcare Real Estate,US,55.6,70,63,74,72,210,580,2800,6800,15,400,35,40,91,35,18,False,2050,0,116.1764705882353
WELL,2024-01-31,-0.040427076203418344,0.15646789959405022,-0.4851249144410201,-3.100475661139809,13.395238149733771,Welltower,Social Infrastructure,Healthcare Real Estate,US,55.6,70,63,74,72,210,580,2800,6800,15,400,35,40,91,35,18,False,2050,0,116.1764705882353
WELL,2024-02-29,0.07278790588328032,0.2823406510093469,0.9171276141293321,3.248301691062441,13.944000101089477,Welltower,Social Infrastructure,Healthcare Real Estate,US,55.6,70,63,74,72,210,580,2800,6800,15,400,35,40,91,35,18,False,2050,0,116.1764705882353
WELL,2024-03-31,0.014655122876448434,0.15075831192749156,0.18465454824325028,1.2248382585502906,13.787499904632568,Welltower,Social Infrastructure,Healthcare Real Estate,US,55.6,70,63,74,72,210,580,2800,6800,15,400,35,40,91,35,18,False,2050,0,116.1764705882353
WELL,2024-04-30,0.02061993592627709,0.16324760451377948,0.23619199333735574,1.4468328282110818,16.137727087194268,Welltower,Social Infrastructure,Healthcare Real Estate,US,55.6,70,63,74,72,210,580,2800,6800,15,400,35,40,91,35,18,False,2050,0,116.1764705882353
WELL,2024-05-31,0.09170736555812598,0.15172149664908025,1.0504661873021703,6.923647673551594,13.090454535050826,Welltower,Social Infrastructure,Healthcare Real Estate,US,55.6,70,63,74,72,210,580,2800,6800,15,400,35,40,91,35,18,False,2050,0,116.1764705882353
WELL,2024-06-30,0.006186547272960752,0.13018682244263188,0.08205315330453207,0.6302723406640454,12.676842037000155,Welltower,Social Infrastructure,Healthcare Real Estate,US,55.6,70,63,74,72,210,580,2800,6800,15,400,35,40,91,35,18,False,2050,0,116.1764705882353
WELL,2024-07-31,0.06610257319522495,0.1563798346116274,0.7571749293271222,4.841896215119948,14.470000050284646,Welltower,Social Infrastructure,Healthcare Real Estate,US,55.6,70,63,74,72,210,580,2800,6800,15,400,35,40,91,35,18,False,2050,0,116.1764705882353
WELL,2024-08-31,0.08834869241809606,0.162610783204394,1.0119941131527368,6.223413313745057,19.31227272207087,Welltower,Social Infrastructure,Healthcare Real Estate,US,55.6,70,63,74,72,210,580,2800,6800,15,400,35,40,91,35,18,False,2050,0,116.1764705882353
WELL,2024-09-30,0.06068719782641885,0.19824534542113467,0.7646586926128774,3.857133144732881,17.768999814987183,Welltower,Social Infrastructure,Healthcare Real Estate,US,55.6,70,63,74,72,210,580,2800,6800,15,400,35,40,91,35,18,False,2050,0,116.1764705882353
WELL,2024-10-31,0.054795632624963335,0.2464616722456554,0.6003695400648157,2.435954988840659,19.96086958180303,Welltower,Social Infrastructure,Healthcare Real Estate,US,55.6,70,63,74,72,210,580,2800,6800,15,400,35,40,91,35,18,False,2050,0,116.1764705882353
WELL,2024-11-30,0.030307745405249165,0.17693252557864228,0.3818775921061395,2.158323297863083,16.121000051498413,Welltower,Social Infrastructure,Healthcare Real Estate,US,55.6,70,63,74,72,210,580,2800,6800,15,400,35,40,91,35,18,False,2050,0,116.1764705882353
WELL,2024-12-31,-0.0994908949534048,0.17281167794525024,-1.2535852764129005,-7.254054189613611,15.792000102996827,Welltower,Social Infrastructure,Healthcare Real Estate,US,55.6,70,63,74,72,210,580,2800,6800,15,400,35,40,91,35,18,False,2050,0,116.1764705882353
WM,2020-08-31,0.039957318412600085,0.11901617020301578,0.479487820951201,4.02876197522823,22.88952382405599,Waste Management,Infrastructure,Environmental Services,US,82.3,70,68,67,75,18500,620,5400,20400,22,49000,24,33,90,42,28,True,2040,2,937.2549019607843
WM,2020-09-30,-0.0007800889189414351,0.20958881365339535,-0.00936106702729722,-0.04466396304326603,27.647619065784273,Waste Management,Infrastructure,Environmental Services,US,82.3,70,68,67,75,18500,620,5400,20400,22,49000,24,33,90,42,28,True,2040,2,937.2549019607843
WM,2020-10-31,-0.04562743911392053,0.2131667859490156,-0.5226415753049078,-2.451796479353548,29.438636086203836,Waste Management,Infrastructure,Environmental Services,US,82.3,70,68,67,75,18500,620,5400,20400,22,49000,24,33,90,42,28,True,2040,2,937.2549019607843
WM,2020-11-30,0.10094657903935123,0.21899146251509088,1.2719268958958254,5.808111792523309,24.995500087738037,Waste Management,Infrastructure,Environmental Services,US,82.3,70,68,67,75,18500,620,5400,20400,22,49000,24,33,90,42,28,True,2040,2,937.2549019607843
WM,2020-12-31,-0.004459167482532833,0.15481457152322656,-0.05107773661810336,-0.3299284822839836,22.374090974981133,Waste Management,Infrastructure,Environmental Services,US,82.3,70,68,67,75,18500,620,5400,20400,22,49000,24,33,90,42,28,True,2040,2,937.2549019607843
WM,2021-01-31,-0.056356792019974566,0.1857094436986712,-0.747469031001768,-4.024938183620849,24.90999984741211,Waste Management,Infrastructure,Environmental Services,US,82.3,70,68,67,75,18500,620,5400,20400,22,49000,24,33,90,42,28,True,2040,2,937.2549019607843
WM,2021-02-28,-0.0031822447699747514,0.13877345706884414,-0.042206614843875646,-0.30414040073194515,23.140526219418174,Waste Management,Infrastructure,Environmental Services,US,82.3,70,68,67,75,18500,620,5400,20400,22,49000,24,33,90,42,28,True,2040,2,937.2549019607843
WM,2021-03-31,0.15906469618940033,0.23280559830977524,1.7427958017273428,7.486056239113065,21.843043534652047,Waste Management,Infrastructure,Environmental Services,US,82.3,70,68,67,75,18500,620,5400,20400,22,49000,24,33,90,42,28,True,2040,2,937.2549019607843
WM,2021-04-30,0.06756061547942915,0.09849842044704833,0.8107273857531498,8.230866871504686,17.416190556117467,Waste Management,Infrastructure,Environmental Services,US,82.3,70,68,67,75,18500,620,5400,20400,22,49000,24,33,90,42,28,True,2040,2,937.2549019607843
WM,2021-05-31,0.020489438193020626,0.16527927660587058,0.25816692123205986,1.5620041818533104,19.7604998588562,Waste Management,Infrastructure,Environmental Services,US,82.3,70,68,67,75,18500,620,5400,20400,22,49000,24,33,90,42,28,True,2040,2,937.2549019607843
WM,2021-06-30,0.00047479523055005135,0.10409827656576152,0.005438563549936952,0.05224451095020073,16.956818147139117,Waste Management,Infrastructure,Environmental Services,US,82.3,70,68,67,75,18500,620,5400,20400,22,49000,24,33,90,42,28,True,2040,2,937.2549019607843
WM,2021-07-31,0.057219519320370955,0.12323708662092055,0.6866342318444514,5.571652581795855,17.60333351861863,Waste Management,Infrastructure,Environmental Services,US,82.3,70,68,67,75,18500,620,5400,20400,22,49000,24,33,90,42,28,True,2040,2,937.2549019607843
WM,2021-08-31,0.045808062522490034,0.11958881966634108,0.5247105343485222,4.387621985169612,17.47772723978216,Waste Management,Infrastructure,Environmental Services,US,82.3,70,68,67,75,18500,620,5400,20400,22,49000,24,33,90,42,28,True,2040,2,937.2549019607843
WM,2021-09-30,-0.03340712314432359,0.1271177278705854,-0.4008854777318831,-3.153655154535268,19.8247617994036,Waste Management,Infrastructure,Environmental Services,US,82.3,70,68,67,75,18500,620,5400,20400,22,49000,24,33,90,42,28,True,2040,2,937.2549019607843
WM,2021-10-31,0.07188116507202502,0.19494070548490397,0.8625739808643003,4.424801781232382,17.869047573634557,Waste Management,Infrastructure,Environmental Services,US,82.3,70,68,67,75,18500,620,5400,20400,22,49000,24,33,90,42,28,True,2040,2,937.2549019607843
WM,2021-11-30,0.004286250001810377,0.19639739562896735,0.05143500002172452,0.2618924749842161,18.500476246788388,Waste Management,Infrastructure,Environmental Services,US,82.3,70,68,67,75,18500,620,5400,20400,22,49000,24,33,90,42,28,True,2040,2,937.2549019607843
WM,2021-12-31,0.04293019108476137,0.1737946064434868,0.49174582515272114,2.829465397205081,21.354545506564055,Waste Management,Infrastructure,Environmental Services,US,82.3,70,68,67,75,18500,620,5400,20400,22,49000,24,33,90,42,28,True,2040,2,937.2549019607843
WM,2022-01-31,-0.10253208222799037,0.16504139914843144,-1.2919042360726787,-7.827758627462878,23.18100004196167,Waste Management,Infrastructure,Environmental Services,US,82.3,70,68,67,75,18500,620,5400,20400,22,49000,24,33,90,42,28,True,2040,2,937.2549019607843
WM,2022-02-28,-0.040110230058316605,0.1520086896587224,-0.5319883144576728,-3.4997230464393176,25.74842111687911,Waste Management,Infrastructure,Environmental Services,US,82.3,70,68,67,75,18500,620,5400,20400,22,49000,24,33,90,42,28,True,2040,2,937.2549019607843
WM,2022-03-31,0.10052102283809317,0.2583972157743751,1.1013607719651946,4.262278015127186,26.968695682028066,Waste Management,Infrastructure,Environmental Services,US,82.3,70,68,67,75,18500,620,5400,20400,22,49000,24,33,90,42,28,True,2040,2,937.2549019607843
WM,2022-04-30,0.039751801379316554,0.28008990393476474,0.5008726973793887,1.7882568787486395,24.37350015640259,Waste Management,Infrastructure,Environmental Services,US,82.3,70,68,67,75,18500,620,5400,20400,22,49000,24,33,90,42,28,True,2040,2,937.2549019607843
WM,2022-05-31,-0.03411547513613855,0.25437608113927435,-0.4093857016336626,-1.6093718395225942,29.445714587257022,Waste Management,Infrastructure,Environmental Services,US,82.3,70,68,67,75,18500,620,5400,20400,22,49000,24,33,90,42,28,True,2040,2,937.2549019607843
WM,2022-06-30,-0.029197923191718544,0.23432353498140224,-0.35037507830062253,-1.4952620031463382,28.100000018165225,Waste Management,Infrastructure,Environmental Services,US,82.3,70,68,67,75,18500,620,5400,20400,22,49000,24,33,90,42,28,True,2040,2,937.2549019607843
WM,2022-07-31,0.07518228112033776,0.23553046050855184,0.9472967421162557,4.021971256163109,24.86850004196167,Waste Management,Infrastructure,Environmental Services,US,82.3,70,68,67,75,18500,620,5400,20400,22,49000,24,33,90,42,28,True,2040,2,937.2549019607843
WM,2022-08-31,0.027581662358445502,0.13252250145346028,0.3021990832316638,2.280360541924958,22.169565366662066,Waste Management,Infrastructure,Environmental Services,US,82.3,70,68,67,75,18500,620,5400,20400,22,49000,24,33,90,42,28,True,2040,2,937.2549019607843
WM,2022-09-30,-0.048749971871636544,0.16169634658988646,-0.5849996624596385,-3.6178904149478672,27.406190418061755,Waste Management,Infrastructure,Environmental Services,US,82.3,70,68,67,75,18500,620,5400,20400,22,49000,24,33,90,42,28,True,2040,2,937.2549019607843
WM,2022-10-31,-0.007817228102833917,0.3056619961012016,-0.09380673723400701,-0.3068969594864144,30.005714416503906,Waste Management,Infrastructure,Environmental Services,US,82.3,70,68,67,75,18500,620,5400,20400,22,49000,24,33,90,42,28,True,2040,2,937.2549019607843
WM,2022-11-30,0.058474661565370956,0.1614672957772033,0.7016959387844515,4.345746520414075,23.436190650576638,Waste Management,Infrastructure,Environmental Services,US,82.3,70,68,67,75,18500,620,5400,20400,22,49000,24,33,90,42,28,True,2040,2,937.2549019607843
WM,2022-12-31,-0.06173995547299238,0.1657991594678646,-0.7408794656759086,-4.468535715463061,21.784285681588308,Waste Management,Infrastructure,Environmental Services,US,82.3,70,68,67,75,18500,620,5400,20400,22,49000,24,33,90,42,28,True,2040,2,937.2549019607843
WM,2023-01-31,-0.011772618237768206,0.23173734373984314,-0.1483349897958794,-0.6400996378141182,20.202999973297118,Waste Management,Infrastructure,Environmental Services,US,82.3,70,68,67,75,18500,620,5400,20400,22,49000,24,33,90,42,28,True,2040,2,937.2549019607843
WM,2023-02-28,-0.031707495330240976,0.159443474894383,-0.4205415170116171,-2.6375586538752254,20.06210537960655,Waste Management,Infrastructure,Environmental Services,US,82.3,70,68,67,75,18500,620,5400,20400,22,49000,24,33,90,42,28,True,2040,2,937.2549019607843
WM,2023-03-31,0.09220314874681901,0.1911184779065433,1.0102258036607996,5.285861496630372,21.644347895746645,Waste Management,Infrastructure,Environmental Services,US,82.3,70,68,67,75,18500,620,5400,20400,22,49000,24,33,90,42,28,True,2040,2,937.2549019607843
WM,2023-04-30,0.018290814309491088,0.14891753648937786,0.2425939582100923,1.6290489617883002,17.8178946344476,Waste Management,Infrastructure,Environmental Services,US,82.3,70,68,67,75,18500,620,5400,20400,22,49000,24,33,90,42,28,True,2040,2,937.2549019607843
WM,2023-05-31,-0.024918882354247773,0.07790471310844141,-0.28543447060320176,-3.6638921987413537,17.64409099925648,Waste Management,Infrastructure,Environmental Services,US,82.3,70,68,67,75,18500,620,5400,20400,22,49000,24,33,90,42,28,True,2040,2,937.2549019607843
WM,2023-06-30,0.07382771802818056,0.1381489686254036,0.8859326163381667,6.412878975162008,13.994285628909157,Waste Management,Infrastructure,Environmental Services,US,82.3,70,68,67,75,18500,620,5400,20400,22,49000,24,33,90,42,28,True,2040,2,937.2549019607843
WM,2023-07-31,-0.05557932569456092,0.19692406272212876,-0.7002995037514677,-3.5561906151592595,13.943999910354615,Waste Management,Infrastructure,Environmental Services,US,82.3,70,68,67,75,18500,620,5400,20400,22,49000,24,33,90,42,28,True,2040,2,937.2549019607843
WM,2023-08-31,-0.04311954401372087,0.11518782636499607,-0.4724402213677243,-4.101477007394005,15.853912975477135,Waste Management,Infrastructure,Environmental Services,US,82.3,70,68,67,75,18500,620,5400,20400,22,49000,24,33,90,42,28,True,2040,2,937.2549019607843
WM,2023-09-30,-0.023046248640018252,0.11667747963385548,-0.29038273286423,-2.4887641880462055,15.241000032424926,Waste Management,Infrastructure,Environmental Services,US,82.3,70,68,67,75,18500,620,5400,20400,22,49000,24,33,90,42,28,True,2040,2,937.2549019607843
WM,2023-10-31,0.07779202784172679,0.2510488166796357,0.891072318914325,3.5493986018321912,18.887727303938433,Waste Management,Infrastructure,Environmental Services,US,82.3,70,68,67,75,18500,620,5400,20400,22,49000,24,33,90,42,28,True,2040,2,937.2549019607843
WM,2023-11-30,0.044296272189488395,0.0992565630663775,0.5315552662738607,5.355366434745326,14.077142897106352,Waste Management,Infrastructure,Environmental Services,US,82.3,70,68,67,75,18500,620,5400,20400,22,49000,24,33,90,42,28,True,2040,2,937.2549019607843
WM,2023-12-31,0.047207352945174086,0.14722601780725286,0.5948126471091936,4.0401326882855555,12.718499994277954,Waste Management,Infrastructure,Environmental Services,US,82.3,70,68,67,75,18500,620,5400,20400,22,49000,24,33,90,42,28,True,2040,2,937.2549019607843
WM,2024-01-31,0.03619571297146307,0.09451641278595004,0.4343485556575568,4.595482867522911,13.395238149733771,Waste Management,Infrastructure,Environmental Services,US,82.3,70,68,67,75,18500,620,5400,20400,22,49000,24,33,90,42,28,True,2040,2,937.2549019607843
WM,2024-02-29,0.10458308581758435,0.22803863858277726,1.317746881301563,5.778612297859449,13.944000101089477,Waste Management,Infrastructure,Environmental Services,US,82.3,70,68,67,75,18500,620,5400,20400,22,49000,24,33,90,42,28,True,2040,2,937.2549019607843
WM,2024-03-31,0.039547512235522,0.05825547200687979,0.4982986541675771,8.553679800392478,13.787499904632568,Waste Management,Infrastructure,Environmental Services,US,82.3,70,68,67,75,18500,620,5400,20400,22,49000,24,33,90,42,28,True,2040,2,937.2549019607843
WM,2024-04-30,-0.023591208364623584,0.1345492213717958,-0.27022656854023375,-2.0083844840210916,16.137727087194268,Waste Management,Infrastructure,Environmental Services,US,82.3,70,68,67,75,18500,620,5400,20400,22,49000,24,33,90,42,28,True,2040,2,937.2549019607843
WM,2024-05-31,0.013734904851847696,0.13781999757409766,0.15732709193934633,1.1415403766406313,13.090454535050826,Waste Management,Infrastructure,Environmental Services,US,82.3,70,68,67,75,18500,620,5400,20400,22,49000,24,33,90,42,28,True,2040,2,937.2549019607843
WM,2024-06-30,0.017543826360215675,0.20413113650860668,0.23268653909338685,1.1398875402997435,12.676842037000155,Waste Management,Infrastructure,Environmental Services,US,82.3,70,68,67,75,18500,620,5400,20400,22,49000,24,33,90,42,28,True,2040,2,937.2549019607843
WM,2024-07-31,-0.04677139721465451,0.32322037183757024,-0.5357450953678607,-1.6575226750778314,14.470000050284646,Waste Management,Infrastructure,Environmental Services,US,82.3,70,68,67,75,18500,620,5400,20400,22,49000,24,33,90,42,28,True,2040,2,937.2549019607843
WM,2024-08-31,0.04626651515397751,0.15228892399632077,0.5299619008546514,3.4799766584958935,19.31227272207087,Waste Management,Infrastructure,Environmental Services,US,82.3,70,68,67,75,18500,620,5400,20400,22,49000,24,33,90,42,28,True,2040,2,937.2549019607843
WM,2024-09-30,-0.016464466279967782,0.1685985613929534,-0.20745227512759407,-1.230451039520344,17.768999814987183,Waste Management,Infrastructure,Environmental Services,US,82.3,70,68,67,75,18500,620,5400,20400,22,49000,24,33,90,42,28,True,2040,2,937.2549019607843
WM,2024-10-31,0.041138952983807875,0.2232674387048771,0.4507398326921559,2.0188337148793107,19.96086958180303,Waste Management,Infrastructure,Environmental Services,US,82.3,70,68,67,75,18500,620,5400,20400,22,49000,24,33,90,42,28,True,2040,2,937.2549019607843
WM,2024-11-30,0.05660075762806627,0.14519347413489314,0.7131695461136349,4.911856750883026,16.121000051498413,Waste Management,Infrastructure,Environmental Services,US,82.3,70,68,67,75,18500,620,5400,20400,22,49000,24,33,90,42,28,True,2040,2,937.2549019607843
WM,2024-12-31,-0.11655577841494391,0.1093440959882594,-1.4686028080282933,-13.431020621232094,15.792000102996827,Waste Management,Infrastructure,Environmental Services,US,82.3,70,68,67,75,18500,620,5400,20400,22,49000,24,33,90,42,28,True,2040,2,937.2549019607843
