Date,AES,AMT,BEPC,BIP,BP,CCI,D,DLR,DNNGY,DUK,ENPH,EQIX,EQNR,EXC,FSLR,NEE,NGG,PLUG,SEDG,SHEL,SO,TTE,VWDRY,WELL,WM
2020-01-02,15.72508430480957,191.72254943847656,,22.514989852905273,26.8403377532959,107.63249206542969,61.82332992553711,95.41394805908203,31.94682502746582,69.94713592529297,29.34000015258789,512.9212646484375,13.188307762145996,25.92755889892578,57.2400016784668,51.085975646972656,42.06067657470703,3.240000009536743,101.80999755859375,46.35249328613281,48.87823486328125,37.319000244140625,6.3622870445251465,66.4516830444336,103.18372344970703
2020-01-03,15.544516563415527,191.8148193359375,,22.60495376586914,27.325912475585938,108.22509002685547,61.67245101928711,96.98258972167969,31.627729415893555,69.99362182617188,29.290000915527344,518.0298461914062,13.22704029083252,26.0074520111084,57.02000045776367,51.449928283691406,41.966224670410156,3.2300000190734863,102.37999725341797,46.7171630859375,48.8314094543457,37.45404815673828,6.224818706512451,67.62086486816406,104.18646240234375
2020-01-06,15.72508430480957,191.7644500732422,,22.67693519592285,28.043718338012695,107.3134536743164,62.14767074584961,96.10933685302734,31.509479522705078,70.33428192138672,29.65999984741211,517.4631958007812,13.530440330505371,26.04740333557129,55.83000183105469,51.70682907104492,41.945987701416016,3.819999933242798,99.62999725341797,47.299102783203125,49.02653503417969,38.15625762939453,6.277095794677734,68.64906311035156,104.728515625
2020-01-07,15.780036926269531,187.67832946777344,,22.56446647644043,27.748157501220703,105.49778747558594,62.011905670166016,95.16328430175781,30.726764678955078,69.8929443359375,29.989999771118164,515.1613159179688,13.375513076782227,26.070236206054688,56.66999816894531,51.661869049072266,41.76381301879883,3.809999942779541,101.79000091552734,46.86458969116211,48.87823486328125,37.940181732177734,6.1396260261535645,68.2012939453125,104.80076599121094
2020-01-08,15.748636245727539,189.30604553222656,,22.559978485107422,27.325912475585938,105.93839263916016,61.619667053222656,95.98804473876953,30.088579177856445,69.99362182617188,31.0,516.861083984375,13.272225379943848,26.258569717407227,56.70000076293945,51.63832092285156,41.57489776611328,4.079999923706055,104.16000366210938,46.31369400024414,48.86262130737305,37.71061325073242,6.228691101074219,68.2178726196289,104.86400604248047
2020-01-09,15.905654907226562,190.01927185058594,,22.389026641845703,27.417396545410156,106.54615783691406,61.793155670166016,95.99613189697266,30.032264709472656,70.16395568847656,31.59000015258789,521.4559936523438,13.343236923217773,26.338468551635742,56.70000076293945,52.042945861816406,41.29152297973633,4.050000190734863,102.73999786376953,46.305938720703125,49.37779235839844,37.73088073730469,6.145435333251953,68.37541198730469,104.90914916992188
2020-01-10,15.842842102050781,193.65232849121094,,22.56446647644043,27.262575149536133,108.17947387695312,61.90629959106445,97.33030700683594,30.266891479492188,70.02458953857422,30.670000076293945,525.8917846679688,13.194764137268066,26.4012508392334,56.5,52.14143371582031,41.190311431884766,4.139999866485596,104.5199966430664,45.78607940673828,49.69001007080078,37.44729232788086,6.087349891662598,68.65733337402344,104.97240447998047
2020-01-13,15.944902420043945,197.52035522460938,,22.79839515686035,27.30479621887207,108.85560607910156,61.89121627807617,98.62405395507812,30.79714584350586,70.64400482177734,30.790000915527344,526.7415771484375,13.22704029083252,26.361297607421875,57.439998626708984,52.75157165527344,41.230804443359375,4.099999904632568,103.08000183105469,45.74728775024414,50.37689971923828,37.40678024291992,6.1047749519348145,69.7104263305664,106.29134368896484
2020-01-14,16.015560150146484,196.29534912109375,,23.387693405151367,27.318880081176758,107.837646484375,61.81577682495117,97.6375732421875,30.970773696899414,70.69044494628906,30.200000762939453,519.25146484375,13.188307762145996,26.144426345825195,58.779998779296875,53.03632354736328,41.29152297973633,4.039999961853027,104.0199966430664,45.716251373291016,50.67350387573242,36.9273681640625,6.0776686668396,69.67724609375,106.66172790527344
2020-01-15,16.062671661376953,197.4951934814453,,23.74757957458496,27.24146842956543,109.4329605102539,62.60027313232422,97.83161926269531,32.00782775878906,71.61182403564453,30.15999984741211,519.0214233398438,12.981738090515137,26.566753387451172,54.75,53.860565185546875,42.047176361083984,4.199999809265137,103.61000061035156,45.6386604309082,51.18867111206055,36.54249954223633,6.199647903442383,70.44013214111328,106.7972412109375
2020-01-16,16.14902114868164,194.86058044433594,,23.999492645263672,27.332948684692383,110.32939910888672,62.992515563964844,99.9986572265625,32.3034553527832,72.14608764648438,30.829999923706055,526.883056640625,13.104389190673828,26.67518424987793,53.93000030517578,54.0082893371582,42.23610305786133,4.190000057220459,102.69999694824219,45.59987258911133,51.63359069824219,36.66404724121094,6.304202079772949,71.76683044433594,107.94450378417969
2020-01-17,16.094070434570312,195.85064697265625,,24.008487701416016,27.28368377685547,110.3446044921875,63.399845123291016,100.62129211425781,32.30814743041992,72.56417083740234,31.5,520.57958984375,13.16248893737793,27.04615020751953,53.52000045776367,54.25020217895508,42.87031173706055,4.170000076293945,104.75,45.42140579223633,52.500003814697266,36.468231201171875,6.339052677154541,71.6341781616211,108.08906555175781
2020-01-21,16.070520401000977,198.6278839111328,,24.282899856567383,26.96700668334961,112.59329223632812,63.38473892211914,101.66437530517578,32.491153717041016,73.39266967773438,31.260000228881836,522.3502807617188,12.859085083007812,27.154586791992188,51.54999923706055,54.99737548828125,43.376338958740234,4.320000171661377,107.52999877929688,44.583431243896484,53.17127990722656,35.887542724609375,6.346798419952393,72.80331420898438,108.77562713623047
2020-01-22,16.015560150146484,197.31056213378906,,24.323383331298828,26.657367706298828,112.9579086303711,63.128299713134766,102.10908508300781,33.25135040283203,73.7952651977539,31.6200008392334,523.7048950195312,12.91072940826416,27.200246810913086,50.560001373291016,55.64177703857422,43.841888427734375,4.050000190734863,108.45999908447266,44.56792068481445,53.31177520751953,35.71874237060547,6.387457370758057,71.31075286865234,108.69430541992188
2020-01-23,16.141172409057617,199.5508575439453,,24.4493408203125,26.882556915283203,113.7860107421875,63.414920806884766,102.78022766113281,33.856689453125,74.39144897460938,32.06999969482422,527.6712646484375,12.891361236572266,27.365758895874023,52.02000045776367,55.68032455444336,44.078025817871094,3.930000066757202,108.7300033569336,44.53688430786133,53.826934814453125,35.5499382019043,6.306138038635254,72.33898162841797,109.43510437011719
2020-01-24,15.999858856201172,199.29078674316406,,24.44034194946289,26.833303451538086,113.87715148925781,63.362125396728516,103.7101058959961,34.49956130981445,74.54631042480469,32.70000076293945,524.0855102539062,12.800986289978027,27.240205764770508,51.939998626708984,56.45960235595703,44.725738525390625,3.9000000953674316,110.12999725341797,44.35842514038086,54.20161437988281,35.28660583496094,6.331308364868164,72.0985107421875,109.30860137939453
2020-01-27,15.764334678649902,199.24879455566406,,24.359371185302734,26.34772491455078,114.18103790283203,62.84919738769531,104.32465362548828,33.91769027709961,74.40692901611328,29.950000762939453,525.8472290039062,12.407209396362305,26.977670669555664,50.4900016784668,57.10614776611328,44.16573715209961,3.809999942779541,96.25,43.52044677734375,54.43576431274414,34.307559967041016,6.259669780731201,72.03219604492188,109.4802474975586
2020-01-28,15.842842102050781,199.00543212890625,,24.512325286865234,26.32660675048828,115.26737976074219,63.75434875488281,104.97152709960938,34.24617004394531,74.49209594726562,32.2400016784668,533.4791259765625,12.39429759979248,27.240205764770508,51.11000061035156,56.907039642333984,44.570556640625,4.079999923706055,103.36000061035156,43.38853454589844,54.67775344848633,34.48311233520508,6.329372882843018,71.93267822265625,109.35379791259766
2020-01-29,15.95275592803955,195.86746215820312,,24.557308197021484,26.157718658447266,113.23139190673828,64.4106216430664,103.20069122314453,34.4620246887207,74.91020202636719,32.560001373291016,533.576416015625,12.194183349609375,27.285856246948242,50.900001525878906,56.8963508605957,44.73249053955078,4.039999961853027,102.70999908447266,43.241119384765625,54.716773986816406,34.03071212768555,6.524925708770752,71.75023651123047,109.73320007324219
2020-01-30,15.955130577087402,197.34417724609375,,24.642776489257812,26.0591983795166,114.81158447265625,65.2328109741211,101.67244720458984,34.14292907714844,75.46768188476562,33.4900016784668,533.859619140625,12.110262870788574,27.42853546142578,50.720001220703125,57.789093017578125,45.00236129760742,3.990000009536743,103.22000122070312,41.774658203125,55.30218505859375,33.68635940551758,6.422308921813965,70.81327819824219,110.89855194091797
2020-01-31,15.70212173461914,194.44105529785156,,24.471834182739258,25.42583465576172,113.83154296875,64.68216705322266,99.44882202148438,34.0490837097168,75.591552734375,31.520000457763672,522.1111450195312,11.735851287841797,27.160295486450195,49.58000183105469,57.41872024536133,44.718997955322266,3.869999885559082,97.86000061035156,40.46338653564453,54.95093536376953,32.80857849121094,6.401010990142822,70.4069595336914,109.94099426269531
2020-02-03,16.057912826538086,196.39605712890625,,24.44034194946289,24.79248046875,113.3377685546875,64.75005340576172,99.57009887695312,34.030311584472656,75.6225357055664,32.91999816894531,534.390869140625,11.542189598083496,27.508438110351562,50.2400016784668,57.121150970458984,44.334415435791016,3.8499999046325684,100.9800033569336,39.7573127746582,55.18510818481445,32.747802734375,6.383584976196289,70.03380584716797,110.83534240722656
2020-02-04,16.295103073120117,199.2319793701172,,24.471834182739258,25.686220169067383,114.29496765136719,63.7845458984375,101.06599426269531,33.46720504760742,74.79405212402344,36.900001525878906,538.1535034179688,11.63256549835205,27.44565200805664,52.66999816894531,56.635154724121094,44.226463317871094,4.090000152587891,107.80999755859375,40.075443267822266,54.279666900634766,33.024654388427734,6.555904865264893,70.44013214111328,110.98888397216797
2020-02-05,16.413698196411133,198.33425903320312,,24.359371185302734,26.50958251953125,113.9227294921875,64.05609893798828,100.15228271484375,32.932254791259766,75.21217346191406,36.90999984741211,532.319091796875,12.013432502746582,27.582624435424805,53.099998474121094,57.099727630615234,44.570556640625,4.130000114440918,104.47000122070312,41.0841064453125,53.881568908691406,33.78763961791992,6.885056018829346,69.6606674194336,111.66641235351562
2020-02-06,16.271381378173828,199.5340576171875,,24.660770416259766,25.95363426208496,114.33292388916016,64.32009887695312,100.28166961669922,33.05426025390625,75.0495834350586,38.38999938964844,534.505859375,11.555100440979004,27.542675018310547,52.650001525878906,57.446556091308594,44.73249053955078,4.25,103.94000244140625,40.45561981201172,53.7332649230957,33.87541198730469,6.842459678649902,70.20795440673828,111.78385925292969
2020-02-07,16.208133697509766,200.3227996826172,,24.431344985961914,25.59473419189453,114.32537078857422,63.97309875488281,99.68331909179688,33.317039489746094,74.53857421875,38.04999923706055,536.5157470703125,11.154869079589844,27.502729415893555,52.459999084472656,57.70560073852539,44.50308609008789,4.25,100.62000274658203,40.18405532836914,53.37421798706055,33.362247467041016,6.749523162841797,69.76016998291016,111.93743896484375
2020-02-10,16.223947525024414,204.4676971435547,,24.75524139404297,25.468055725097656,116.17139434814453,63.807159423828125,101.9473648071289,33.44843673706055,74.50758361816406,38.61000061035156,541.8544311523438,10.793367385864258,27.57121467590332,52.75,58.176597595214844,44.73249053955078,4.380000114440918,102.5999984741211,39.87368392944336,53.421051025390625,32.99763107299805,6.693373680114746,70.58110046386719,112.95824432373047
2020-02-11,16.43741798400879,213.34481811523438,,24.764232635498047,25.721405029296875,122.33242797851562,64.2823715209961,101.49454498291016,33.582645416259766,75.09603118896484,39.65999984741211,543.2178344726562,11.129045486450195,28.159048080444336,53.529998779296875,58.264381408691406,44.853939056396484,4.409999847412109,106.02999877929688,40.3392448425293,53.538143157958984,33.294734954833984,6.763077259063721,70.39865112304688,112.90408325195312
2020-02-12,16.57182502746582,214.9473876953125,,24.84071159362793,26.157718658447266,123.9885482788086,64.7048110961914,102.73170471191406,33.035491943359375,75.81608581542969,41.5,551.6904907226562,11.322707176208496,28.113391876220703,56.119998931884766,57.85976028442383,44.93489074707031,4.480000019073486,111.86000061035156,40.85133743286133,53.56155776977539,33.63233947753906,6.590756893157959,71.19467163085938,113.47319793701172
2020-02-13,16.469045639038086,215.5514678955078,,24.872203826904297,25.900007247924805,124.52796936035156,65.05177307128906,102.31124114990234,33.19503402709961,78.26707458496094,41.34000015258789,562.8546752929688,11.283975601196289,28.290315628051758,54.61000061035156,58.97515106201172,44.90791320800781,4.460000038146973,111.16000366210938,40.282527923583984,54.279666900634766,33.213706970214844,6.486202716827393,72.72039031982422,112.2265396118164
2020-02-14,16.548110961914062,215.00611877441406,,24.944175720214844,25.771148681640625,126.0853271484375,65.97203826904297,106.3299560546875,33.75814437866211,79.18180847167969,41.09000015258789,574.2755126953125,11.264610290527344,28.398744583129883,55.2599983215332,59.628116607666016,45.46116256713867,4.420000076293945,111.20999908447266,39.88751983642578,54.358421325683594,33.227210998535156,6.499756336212158,74.06368255615234,113.59965515136719
2020-02-18,16.627172470092773,212.22048950195312,,24.8767032623291,25.83558464050293,126.26765441894531,67.11858367919922,107.70454406738281,34.64033889770508,79.76033020019531,40.16999816894531,569.7955932617188,11.218738555908203,28.752588272094727,55.650001525878906,60.381710052490234,46.10212326049805,4.849999904632568,108.37999725341797,39.666324615478516,54.65770721435547,32.855838775634766,6.486202716827393,74.49488830566406,114.02423858642578
2020-02-19,16.53229522705078,208.1679229736328,,25.15110969543457,25.950117111206055,125.80424499511719,66.25867462158203,107.06573486328125,34.9406623840332,79.29124450683594,57.220001220703125,569.91064453125,11.36290454864502,28.5242862701416,57.369998931884766,58.80387878417969,46.1358528137207,5.71999979019165,127.81999969482422,39.674224853515625,54.03551483154297,32.97063064575195,6.652714729309082,72.75355529785156,113.12989807128906
2020-02-20,16.445323944091797,207.697998046875,,25.30855941772461,25.756837844848633,126.86024475097656,67.32225799560547,110.21119689941406,34.401023864746094,79.29905700683594,58.7400016784668,574.0452880859375,11.330140113830566,28.668052673339844,59.31999969482422,59.30913543701172,46.10212326049805,5.510000228881836,142.1999969482422,39.20022201538086,54.98059844970703,32.64653015136719,6.662395477294922,72.98574829101562,112.06392669677734
2020-02-21,16.405790328979492,207.25335693359375,,24.944175720214844,25.31300163269043,127.6730728149414,67.42030334472656,111.69091033935547,34.99697494506836,80.08088684082031,59.09000015258789,580.7738647460938,11.231844902038574,28.59328842163086,50.59000015258789,59.429012298583984,46.38550567626953,5.570000171661377,142.07000732421875,38.844703674316406,54.33478546142578,32.410213470458984,6.743714809417725,72.9522476196289,112.5246353149414
2020-02-24,16.01047706604004,205.6591339111328,,24.444839477539062,24.38237190246582,126.38162231445312,67.73713684082031,109.37834930419922,33.46720504760742,79.9792251586914,55.2599983215332,570.955322265625,10.622415542602539,28.075716018676758,51.209999084472656,58.6475944519043,45.272239685058594,5.199999809265137,135.6300048828125,37.35158920288086,53.397586822509766,30.749176025390625,6.418436527252197,72.55025482177734,112.00970458984375
2020-02-25,15.322617530822754,206.52334594726562,,23.92302131652832,23.57345199584961,123.84423065185547,66.220947265625,107.97945404052734,32.66008758544922,77.6103515625,50.900001525878906,561.833984375,10.412720680236816,27.391366958618164,48.56999969482422,57.874732971191406,44.705501556396484,4.829999923706055,133.0,36.26139831542969,52.657264709472656,29.8173828125,6.2577338218688965,69.48509979248047,110.16679382324219
2020-02-26,14.777077674865723,203.61184692382812,,24.138948440551758,23.394479751586914,123.59358215332031,65.4515609741211,105.42432403564453,33.429664611816406,77.35234832763672,51.869998931884766,559.9318237304688,10.366847038269043,27.057811737060547,46.11000061035156,57.69062805175781,45.036094665527344,4.75,132.41000366210938,36.14289093017578,52.12958526611328,29.648584365844727,6.277095794677734,67.60078430175781,109.2453842163086
2020-02-27,14.460814476013184,195.4395294189453,,23.510955810546875,22.571237564086914,112.73760223388672,61.98185729980469,99.61053466796875,32.70701217651367,74.2641830444336,48.7599983215332,531.1724243164062,9.999882698059082,25.959396362304688,44.25,55.06078338623047,44.172481536865234,4.039999961853027,125.94999694824219,34.71296691894531,49.522708892822266,28.865339279174805,6.106711387634277,63.296199798583984,102.64169311523438
2020-02-28,13.227418899536133,190.29615783691406,,22.96567153930664,22.399425506591797,108.85560607910156,59.617889404296875,97.12006378173828,32.43484878540039,71.69204711914062,48.970001220703125,509.2228088378906,10.189916610717773,24.791969299316406,45.77000045776367,54.395790100097656,42.681400299072266,4.340000152587891,124.72000122070312,34.7840690612793,47.538028717041016,29.128671646118164,6.234498977661133,62.659706115722656,100.10317993164062
2020-03-02,14.405470848083496,202.0009002685547,,23.674543380737305,23.072341918945312,118.69357299804688,64.19331359863281,105.51326751708984,34.0490837097168,75.57763671875,51.400001525878906,550.1881713867188,10.445484161376953,26.12617301940918,44.95000076293945,57.750877380371094,43.67320251464844,4.360000133514404,128.6999969482422,35.416072845458984,50.34967803955078,29.992935180664062,6.455223560333252,63.0281982421875,105.72218322753906
2020-03-03,13.780865669250488,203.59503173828125,,23.78360366821289,22.850421905517578,120.1293716430664,63.58325958251953,104.7855224609375,34.32232666015625,74.74893188476562,52.369998931884766,546.881103515625,10.360298156738281,25.41306495666504,44.209999084472656,57.06221389770508,43.227909088134766,4.510000228881836,128.66000366210938,34.72877502441406,50.32604217529297,29.371742248535156,6.4765214920043945,64.49376678466797,101.8196029663086
2020-03-04,14.097121238708496,211.15492248535156,,24.260725021362305,23.723772048950195,124.25444030761719,67.89180755615234,109.14386749267578,37.045265197753906,79.47107696533203,53.470001220703125,573.8446655273438,10.471696853637695,26.925539016723633,45.47999954223633,60.73579788208008,45.818748474121094,4.760000228881836,135.7100067138672,35.78738021850586,53.397586822509766,30.269777297973633,6.883119583129883,66.70469665527344,108.66719818115234
2020-03-05,13.227418899536133,207.19456481933594,,24.05170249938965,23.337209701538086,123.25170135498047,66.4734115600586,105.01192474365234,35.607627868652344,78.2826919555664,56.689998626708984,548.2235107421875,10.176812171936035,26.528732299804688,45.470001220703125,59.431640625,45.60284423828125,4.539999961853027,137.5399932861328,34.54707717895508,53.21644592285156,29.398754119873047,6.6895012855529785,63.790287017822266,106.82047271728516
2020-03-06,13.29857349395752,206.67437744140625,,23.969905853271484,22.37079429626465,122.17294311523438,66.11500549316406,103.69393157958984,34.35089111328125,77.43834686279297,53.04999923706055,541.1113891601562,9.67878246307373,25.976654052734375,43.369998931884766,58.497657775878906,44.901153564453125,4.329999923706055,133.33999633789062,33.07765197753906,52.665138244628906,28.5682430267334,6.519117832183838,61.93947219848633,106.29411315917969
2020-03-09,11.52754020690918,194.541748046875,,20.811786651611328,18.097078323364258,114.16580200195312,62.02000427246094,97.57291412353516,32.71141815185547,73.94365692138672,43.380001068115234,510.3429870605469,7.640800952911377,24.10186195373535,39.150001525878906,56.229366302490234,42.499237060546875,3.930000066757202,111.66000366210938,27.397485733032227,48.955657958984375,23.47714614868164,6.004094123840332,54.33522415161133,101.70223236083984
2020-03-10,12.025643348693848,204.61871337890625,,21.24347496032715,19.178030014038086,121.0561752319336,63.461273193359375,108.7153091430664,32.02782440185547,74.31110382080078,45.59000015258789,542.542724609375,7.896366119384766,24.7977237701416,41.08000183105469,55.03496170043945,41.885257720947266,4.139999866485596,116.91999816894531,29.19870948791504,48.84538650512695,24.996366500854492,6.381649017333984,54.109100341796875,102.9636459350586
2020-03-11,11.195470809936523,195.41432189941406,,19.88479995727539,17.653236389160156,116.8779067993164,60.20506286621094,110.7771987915039,30.018945693969727,71.09786224365234,41.72999954223633,532.3369140625,7.30659818649292,22.89418601989746,37.22999954223633,51.9209098815918,40.09730911254883,3.7799999713897705,106.11000061035156,27.247390747070312,45.82110595703125,23.301584243774414,5.812412738800049,47.308834075927734,99.79652404785156
2020-03-12,9.630002975463867,182.7698516845703,,16.613079071044922,15.441214561462402,109.1141128540039,54.379024505615234,103.79905700683594,27.32933235168457,62.920127868652344,33.02000045776367,502.4042053222656,6.349859237670898,20.283292770385742,36.560001373291016,44.954654693603516,36.33249282836914,3.2699999809265137,90.72000122070312,23.170944213867188,41.10354232788086,19.65544319152832,5.248983860015869,38.48186492919922,88.69792938232422
2020-03-13,10.278326988220215,200.52415466308594,,18.68516731262207,15.870735168457031,118.74610900878906,59.701759338378906,115.9036865234375,29.228723526000977,67.05591583251953,32.86000061035156,552.1529541015625,6.952734470367432,20.910133361816406,35.959999084472656,47.68132781982422,37.57393264770508,3.380000114440918,91.11000061035156,23.76344871520996,42.50542449951172,21.08013343811035,5.593623638153076,42.94559860229492,95.57671356201172
2020-03-16,8.689138412475586,170.11708068847656,,16.372241973876953,13.48690414428711,103.99185943603516,52.3505744934082,104.56758880615234,26.42009925842285,59.871063232421875,27.450000762939453,482.2237548828125,6.0287604331970215,17.54588508605957,31.540000915527344,43.33629608154297,34.69972229003906,2.759999990463257,81.19000244140625,20.00301170349121,37.504310607910156,17.758087158203125,4.966301441192627,32.46881866455078,90.64901733398438
2020-03-17,9.13980484008789,190.90863037109375,,16.767576217651367,13.48690414428711,112.4523696899414,61.37181091308594,112.66014099121094,29.104951858520508,67.2356948852539,29.280000686645508,511.3386535644531,6.526790142059326,20.703109741210938,32.2599983215332,47.724369049072266,39.75996017456055,3.2799999713897705,84.70999908447266,20.27161407470703,44.54523468017578,18.656124114990234,5.061174392700195,32.35157012939453,98.85271453857422
2020-03-18,7.558524131774902,182.19091796875,,15.318016052246094,11.532591819763184,105.89834594726562,61.204044342041016,111.92668151855469,27.1341552734375,61.981956481933594,23.989999771118164,508.6360168457031,5.792854309082031,19.000852584838867,30.200000762939453,45.33127212524414,36.784542083740234,2.8299999237060547,76.7300033569336,17.079980850219727,44.04118728637695,16.74527359008789,4.528724193572998,27.820850372314453,92.98128509521484
2020-03-19,8.689138412475586,175.36111450195312,,15.976909637451172,12.169710159301758,100.10997772216797,54.79080581665039,102.0901107788086,26.486743927001953,58.67489242553711,26.25,488.9533996582031,6.4088358879089355,18.638547897338867,33.459999084472656,44.56943130493164,35.80623245239258,3.119999885559082,76.80999755859375,18.991806030273438,40.08757400512695,16.7182674407959,4.550022602081299,34.26938247680664,90.61272430419922
2020-03-20,9.384903907775879,163.94163513183594,,14.8590726852417,12.448897361755371,98.05034637451172,51.260108947753906,98.77320861816406,26.658117294311523,53.47584915161133,26.0,450.29949951171875,6.231905460357666,17.827674865722656,33.689998626708984,41.26599884033203,33.49876022338867,3.319999933242798,69.61000061035156,19.813411712646484,36.51198196411133,17.16390037536621,4.621661186218262,35.52558135986328,89.21519470214844
2020-03-23,9.384903907775879,150.26516723632812,,12.318942070007324,13.021591186523438,89.56684875488281,45.28916549682617,87.9342269897461,27.85773468017578,50.15317153930664,27.510000228881836,434.84857177734375,6.009102821350098,17.2410888671875,33.06999969482422,39.09455871582031,30.597558975219727,3.4200000762939453,69.4800033569336,21.1959285736084,34.04685974121094,19.446123123168945,4.431915760040283,36.421688079833984,79.74101257324219
2020-03-24,10.009509086608887,159.64576721191406,,15.018112182617188,15.834943771362305,94.7197265625,50.07810974121094,95.12218475341797,29.6162166595459,55.89946746826172,34.34000015258789,485.2997131347656,6.808567523956299,19.84622573852539,33.709999084472656,44.446773529052734,33.4312858581543,3.7300000190734863,85.30999755859375,25.367170333862305,38.62267303466797,22.26175880432129,4.941131591796875,37.996131896972656,83.55245971679688
2020-03-25,10.136013984680176,167.1887664794922,,17.371932983398438,17.388370513916016,97.97380065917969,51.351600646972656,98.96065521240234,31.513702392578125,58.40908432006836,36.810001373291016,492.43841552734375,7.647353172302246,19.869232177734375,34.790000915527344,45.25164031982422,35.893943786621094,3.8399999141693115,89.9000015258789,27.128890991210938,39.4890022277832,24.388681411743164,5.343856334686279,38.657745361328125,82.52700805664062
2020-03-26,10.673651695251465,186.4365234375,,17.82179832458496,17.481430053710938,109.08351135253906,55.2407112121582,109.3106689453125,32.38009262084961,63.47520065307617,36.130001068115234,522.3624877929688,7.752200126647949,21.042407989501953,37.619998931884766,49.73440933227539,38.55225372314453,3.809999942779541,90.44999694824219,27.594987869262695,43.426876068115234,24.39557647705078,5.3961334228515625,42.21699905395508,88.64349365234375
2020-03-27,10.634117126464844,183.31527709960938,,16.60853385925293,15.99958610534668,104.81110382080078,55.721134185791016,108.26750183105469,31.075748443603516,62.69340896606445,32.380001068115234,528.3098754882812,7.129666805267334,20.415563583374023,35.630001068115234,49.91733932495117,38.774898529052734,3.7200000286102295,82.37000274658203,24.99586296081543,44.1120719909668,24.278316497802734,5.266409397125244,41.62238693237305,86.4836654663086
2020-03-30,10.800153732299805,193.4677734375,,18.048999786376953,17.123502731323242,113.363525390625,58.573158264160156,113.93963623046875,31.908817291259766,65.24992370605469,32.0,573.2933349609375,7.476973533630371,21.41046905517578,36.060001373291016,52.94314193725586,40.023094177246094,3.5799999237060547,81.63999938964844,26.41788101196289,45.671478271484375,25.36808967590332,5.262537002563477,39.511966705322266,85.8484115600586
2020-03-31,10.75271224975586,182.70274353027344,,18.30637550354004,17.459951400756836,110.56121063232422,55.05009078979492,113.20619201660156,30.990060806274414,63.232845306396484,32.290000915527344,555.2466430664062,7.9815568923950195,21.168928146362305,36.060001373291016,51.78317642211914,39.31466293334961,3.5399999618530273,81.87999725341797,27.563398361206055,42.639305114746094,25.685361862182617,5.276090145111084,38.339500427246094,83.99714660644531
2020-04-01,10.120199203491211,173.65782165527344,,17.502262115478516,17.44563865661621,105.3470687866211,53.326663970947266,109.59587860107422,29.56956672668457,60.645050048828125,29.770000457763672,529.3677368164062,8.13227367401123,19.253887176513672,33.439998626708984,46.964691162109375,37.54695510864258,3.309999942779541,78.81999969482422,27.895200729370117,39.4890022277832,25.850893020629883,5.055366039276123,34.00139236450195,80.24921417236328
2020-04-02,10.309952735900879,185.2199249267578,,18.616825103759766,18.633974075317383,112.069580078125,54.18837356567383,110.02781677246094,29.61907386779785,62.067955017089844,29.920000076293945,556.6513671875,8.977612495422363,19.943994522094727,35.310001373291016,48.73369598388672,36.615867614746094,3.4000000953674316,76.97000122070312,30.778722763061523,41.26892852783203,27.39588165283203,5.214132308959961,32.485572814941406,82.70850372314453
2020-04-03,9.677441596984863,186.93995666503906,,18.016279220581055,17.696191787719727,111.4953384399414,53.036888122558594,111.23394012451172,29.44770050048828,59.43324279785156,28.690000534057617,555.353271484375,8.433712005615234,18.834075927734375,34.380001068115234,47.69854736328125,34.558040618896484,3.3499999046325684,74.4800033569336,28.629907608032227,39.59139633178711,24.60248565673828,5.345792770385742,31.204238891601562,80.78462982177734
2020-04-06,10.768525123596191,197.32737731933594,,19.069774627685547,17.93242835998535,113.89180755615234,56.51422119140625,113.68696594238281,30.03322410583496,63.522098541259766,34.04999923706055,579.8275756835938,8.545113563537598,20.88713264465332,36.75,50.468257904052734,36.062618255615234,3.690000057220459,85.1500015258789,29.491018295288086,43.63165283203125,25.664661407470703,5.285771369934082,35.60095977783203,82.8446273803711
2020-04-07,10.460174560546875,191.1100311279297,,19.548175811767578,17.753461837768555,112.1997299194336,56.003299713134766,114.50193786621094,30.15699577331543,62.63084411621094,35.040000915527344,554.402099609375,8.486135482788086,20.58234405517578,37.349998474121094,49.17271041870117,35.468875885009766,3.6500000953674316,88.80000305175781,29.43570899963379,43.4111328125,25.119779586791992,5.597496032714844,37.183799743652344,82.97168731689453
2020-04-08,11.1717529296875,209.13279724121094,,20.13854217529297,18.175819396972656,120.4841537475586,59.64838790893555,118.8293685913086,30.553056716918945,66.84481811523438,37.93000030517578,590.5313110351562,8.774469375610352,21.617494583129883,38.900001525878906,50.25090026855469,36.717071533203125,3.819999933242798,93.06999969482422,30.075620651245117,45.82110595703125,25.588796615600586,5.531666278839111,43.205223083496094,86.7740478515625
2020-04-09,11.638229370117188,217.81695556640625,,20.789974212646484,17.825044631958008,125.67530059814453,62.2182502746582,120.8504867553711,31.03766441345215,70.60533905029297,38.060001373291016,610.6940307617188,8.682727813720703,22.51462745666504,40.45000076293945,52.78604507446289,38.12044143676758,3.819999933242798,96.63999938964844,29.94921875,47.514408111572266,25.340499877929688,5.552963733673096,47.40095138549805,90.61272430419922
2020-04-13,11.219189643859863,210.43617248535156,,20.34211540222168,17.832202911376953,120.24681854248047,60.64738464355469,114.67310333251953,30.666357040405273,68.29898834228516,37.779998779296875,584.2459106445312,8.630304336547852,21.709505081176758,40.61000061035156,50.83411407470703,37.62116241455078,4.119999885559082,92.20999908447266,29.52260971069336,45.45883560180664,24.961151123046875,5.594762802124023,43.9505615234375,87.79951477050781
2020-04-14,11.076875686645508,214.9353790283203,,20.250503540039062,17.49574851989746,126.9310073852539,62.546173095703125,118.07144927978516,32.02782440185547,70.69132232666016,41.400001525878906,612.427490234375,8.39439582824707,22.4686222076416,42.119998931884766,52.161949157714844,38.268882751464844,4.269999980926514,98.68000030517578,29.238204956054688,46.46692657470703,24.3886775970459,5.779226779937744,44.67916488647461,90.4130859375
2020-04-15,10.03322982788086,208.52354431152344,,19.013797760009766,16.35036277770996,124.38906860351562,60.845638275146484,114.82793426513672,31.304250717163086,68.43971252441406,39.61000061035156,600.5504150390625,8.047085762023926,21.295452117919922,40.93000030517578,51.051475524902344,37.31755447387695,4.179999828338623,92.01000213623047,27.144691467285156,44.01755905151367,23.22994041442871,5.484869480133057,40.642555236816406,87.69062042236328
2020-04-16,9.614190101623535,212.1381072998047,,19.069774627685547,15.641660690307617,123.8836898803711,59.533992767333984,115.68363952636719,31.504182815551758,68.47879028320312,38.790000915527344,606.9601440429688,7.771862030029297,21.335702896118164,40.150001525878906,51.10744094848633,37.71562576293945,4.489999771118164,94.98999786376953,25.754274368286133,43.56864929199219,22.24362564086914,5.408336162567139,39.56221008300781,88.52549743652344
2020-04-17,10.37320327758789,214.05917358398438,,20.387916564941406,16.77272605895996,127.90339660644531,62.15727233886719,121.59209442138672,32.09446716308594,70.44113159179688,38.959999084472656,617.81494140625,8.545113563537598,22.106319427490234,42.20000076293945,52.9969482421875,38.4307975769043,4.519999980926514,97.0999984741211,28.029504776000977,45.261932373046875,23.80240821838379,5.641860008239746,41.119911193847656,90.99385833740234
2020-04-20,10.0411376953125,209.52621459960938,,19.48710823059082,15.99958610534668,124.35838317871094,60.327083587646484,117.12612915039062,32.0563850402832,67.74388122558594,39.0099983215332,596.3010864257812,8.13227367401123,21.318450927734375,41.0,51.135406494140625,37.51996612548828,4.420000076293945,93.66000366210938,26.44948387145996,43.73403549194336,22.760927200317383,5.535892009735107,38.004512786865234,89.11537170410156
2020-04-21,9.851380348205566,203.89794921875,,18.942541122436523,15.49133014678955,122.25284576416016,58.4206428527832,117.92479705810547,31.86597442626953,66.79788970947266,35.5099983215332,597.5901489257812,7.876708984375,20.519081115722656,39.18000030517578,50.66410446166992,37.22983932495117,4.21999979019165,86.69000244140625,26.014984130859375,43.71040344238281,22.436750411987305,5.4142231941223145,36.6226806640625,87.7813491821289
2020-04-22,10.025321006774902,213.14915466308594,,19.380224227905273,16.701135635375977,124.93266296386719,60.04494094848633,121.57579803466797,32.35628890991211,68.13478088378906,38.2400016784668,608.7825317382812,8.243675231933594,21.39320945739746,40.22999954223633,53.192779541015625,38.950321197509766,4.329999923706055,95.51000213623047,27.53969383239746,44.93114471435547,23.705848693847656,5.41226053237915,37.0916633605957,89.62356567382812
2020-04-23,10.03322982788086,209.45883178710938,,19.1613826751709,16.736927032470703,122.9266128540039,58.6494255065918,121.04607391357422,32.361053466796875,66.5477294921875,39.47999954223633,609.4048461914062,8.197803497314453,20.88713264465332,42.290000915527344,51.89508819580078,38.61296463012695,4.300000190734863,100.69999694824219,27.77669334411621,44.734249114990234,23.871383666992188,5.400486946105957,36.103450775146484,88.7433090209961
2020-04-24,10.167638778686523,206.0970458984375,,18.993436813354492,16.74408721923828,123.73821258544922,59.419612884521484,122.2685317993164,32.98466110229492,66.99335479736328,37.72999954223633,609.05810546875,8.315756797790527,21.048158645629883,40.84000015258789,51.5851936340332,39.2202033996582,4.400000095367432,100.7300033569336,27.67399787902832,45.46670150756836,23.55411148071289,5.357314109802246,36.89905548095703,89.36949157714844
2020-04-27,10.49970817565918,210.82371520996094,,19.828088760375977,17.402687072753906,125.41503143310547,59.87715530395508,125.69137573242188,33.008460998535156,67.82206726074219,37.209999084472656,624.0825805664062,8.453372955322266,21.75551414489746,43.2599983215332,52.424495697021484,39.53730773925781,4.5,104.69000244140625,28.298099517822266,46.05738830566406,24.250734329223633,5.435809135437012,38.47349548339844,91.77430725097656
2020-04-28,10.776433944702148,205.18702697753906,,19.60416030883789,17.29530143737793,123.47025299072266,60.4490966796875,125.62612915039062,32.84661102294922,68.51006317138672,43.0,607.8668212890625,8.518901824951172,21.761262893676758,41.77000045776367,51.49910354614258,39.409122467041016,4.440000057220459,109.79000091552734,28.440309524536133,45.726593017578125,24.61628532409668,5.6281232833862305,41.08641815185547,92.25530242919922
2020-04-29,11.32197380065918,199.5251007080078,,20.525333404541016,18.20445442199707,119.01411437988281,59.99155044555664,121.11126708984375,32.684757232666016,67.72825622558594,48.9900016784668,603.9197998046875,9.09556770324707,22.03731346130371,45.54999923706055,50.6016960144043,39.638511657714844,4.420000076293945,122.41999816894531,30.028213500976562,45.183170318603516,25.864688873291016,5.6987690925598145,44.000816345214844,91.60189056396484
2020-04-30,10.581658363342285,200.52769470214844,,19.94514274597168,17.037593841552734,122.06907653808594,58.81719207763672,121.82847595214844,32.09446716308594,66.1880874633789,46.83000183105469,600.257080078125,8.898977279663086,21.324201583862305,44.0099983215332,49.73870849609375,39.51032257080078,4.179999828338623,111.58999633789062,26.172977447509766,44.679115295410156,24.243837356567383,5.616348743438721,42.903724670410156,90.7669906616211
2020-05-01,10.334086418151855,197.32598876953125,,19.55835723876953,16.34320068359375,119.75678253173828,57.6580924987793,118.91902923583984,31.761247634887695,64.60884857177734,43.25,596.3898315429688,8.492690086364746,20.588088989257812,41.97999954223633,48.86281967163086,38.700687408447266,3.9200000762939453,104.95999908447266,24.7193603515625,42.851951599121094,23.057506561279297,5.561402320861816,39.63759231567383,89.12444305419922
2020-05-04,10.230265617370605,199.37347412109375,,19.7415714263916,16.64387321472168,120.76746368408203,57.802955627441406,118.79676818847656,31.389934539794922,64.60101318359375,43.97999954223633,600.9415283203125,8.623749732971191,20.386810302734375,43.400001525878906,49.517051696777344,39.19321823120117,4.090000152587891,107.13999938964844,25.87277603149414,43.253631591796875,23.14716911315918,5.4868316650390625,40.46668243408203,90.34954071044922
2020-05-05,10.421935081481934,202.4319305419922,,20.036754608154297,17.08770179748535,121.49482727050781,59.434879302978516,120.6141357421875,31.480382919311523,64.99971008300781,44.369998931884766,610.205078125,8.781021118164062,20.628347396850586,43.099998474121094,49.519195556640625,39.483341217041016,4.170000076293945,107.86000061035156,26.125572204589844,43.81280517578125,24.147275924682617,5.63989782333374,40.366188049316406,89.8595199584961
2020-05-06,10.00665283203125,199.9042205810547,,19.700855255126953,16.880107879638672,118.6695556640625,59.27473449707031,121.99958801269531,31.489900588989258,62.59959030151367,52.68000030517578,608.249267578125,8.42715835571289,19.828977584838867,43.119998931884766,47.918060302734375,38.66694641113281,4.170000076293945,125.75,25.327674865722656,42.24551773071289,23.59549331665039,5.42795991897583,37.95426559448242,87.84489440917969
2020-05-07,9.679221153259277,198.21067810058594,,19.84844970703125,17.22372055053711,118.43984985351562,59.556880950927734,121.45358276367188,32.140167236328125,62.78721237182617,54.4900016784668,600.3814697265625,8.748259544372559,20.151023864746094,44.65999984741211,48.309722900390625,38.17442321777344,4.369999885559082,109.73999786376953,25.6989688873291,42.71017837524414,24.07140350341797,5.614386558532715,35.17385482788086,92.0647201538086
2020-05-08,10.27818489074707,200.83108520507812,,20.591489791870117,17.6647891998291,120.74451446533203,59.785648345947266,118.21817016601562,32.50386047363281,63.93648910522461,57.279998779296875,602.8883666992188,9.023482322692871,21.525482177734375,44.15999984741211,49.4395637512207,38.84237289428711,4.550000190734863,118.31999969482422,26.7891902923584,43.63954162597656,25.119779586791992,5.675220489501953,37.30940628051758,91.62911987304688
2020-05-11,9.902833938598633,200.72152709960938,,21.522842407226562,17.275177001953125,122.34471893310547,60.426231384277344,117.64768981933594,32.389610290527344,63.8426399230957,59.58000183105469,602.746337890625,8.898977279663086,21.439220428466797,42.869998931884766,48.933834075927734,38.69393539428711,4.309999942779541,122.94000244140625,25.880674362182617,43.954551696777344,24.00933265686035,5.789039134979248,35.22410202026367,91.20259857177734
2020-05-12,9.95873737335205,195.21121215820312,,20.795068740844727,16.95172691345215,118.07999420166016,60.20506286621094,108.33270263671875,32.10398864746094,64.01466369628906,59.27000045776367,589.989013671875,8.9382963180542,21.180431365966797,40.349998474121094,49.05220031738281,38.63996124267578,4.28000020980835,121.0,25.446170806884766,43.72616195678711,23.795513153076172,5.853797912597656,33.3062858581543,89.21519470214844
2020-05-13,9.271926879882812,194.75624084472656,,19.812822341918945,16.341585159301758,117.29137420654297,60.250831604003906,108.73202514648438,33.08748245239258,64.02249145507812,57.470001220703125,603.4574584960938,8.781021118164062,20.519081115722656,39.43000030517578,49.523502349853516,38.397071838378906,4.110000133514404,117.7300033569336,24.521862030029297,42.36365509033203,22.96094512939453,5.785114288330078,31.79046058654785,87.5907974243164
2020-05-14,9.439638137817383,193.4671630859375,,19.797550201416016,16.275421142578125,116.41085052490234,60.723609924316406,108.16156005859375,32.97513961791992,65.09419250488281,56.97999954223633,586.0862426757812,8.813785552978516,20.985883712768555,39.790000915527344,49.97758865356445,37.79658508300781,4.059999942779541,119.4800033569336,24.082826614379883,43.11973571777344,23.264429092407227,5.65167236328125,33.78364944458008,88.18973541259766
2020-05-15,9.383732795715332,193.43344116210938,,19.56344223022461,16.04018211364746,114.95609283447266,59.64838790893555,106.5723876953125,32.427696228027344,64.21623992919922,58.380001068115234,585.552978515625,9.01440715789795,20.5150089263916,39.369998931884766,49.03498840332031,37.60767364501953,4.079999923706055,120.44000244140625,24.050899505615234,41.868614196777344,22.781618118286133,5.781189918518066,34.04326629638672,87.05540466308594
2020-05-18,10.413945198059082,198.86790466308594,,20.204702377319336,17.282533645629883,119.74913024902344,60.891395568847656,107.11026000976562,34.150001525878906,67.16646575927734,64.41999816894531,588.8599853515625,9.622944831848145,21.822996139526367,42.369998931884766,50.670562744140625,38.626468658447266,4.170000076293945,128.0,26.198162078857422,43.36676025390625,24.61628532409668,6.067697525024414,38.370948791503906,90.4402847290039
2020-05-19,10.230265617370605,193.76202392578125,,20.413366317749023,16.841461181640625,116.80899810791016,60.113555908203125,107.09396362304688,33.6273078918457,65.87722778320312,67.04000091552734,580.3001098632812,9.669754981994629,21.34049415588379,43.22999954223633,49.605281829833984,37.51996612548828,4.170000076293945,134.86000061035156,25.671323776245117,42.68940734863281,24.381784439086914,5.947992324829102,38.43046951293945,89.23335266113281
2020-05-20,10.35804557800293,193.90521240234375,,20.077468872070312,17.363391876220703,116.65587615966797,60.05255889892578,108.1860122680664,34.66507339477539,65.89305114746094,64.16999816894531,585.0752563476562,10.16461181640625,21.49163818359375,43.939998626708984,50.09809494018555,37.89779281616211,4.21999979019165,137.25,26.7010555267334,43.6934814453125,25.16806411743164,6.091246604919434,38.8980827331543,90.24974060058594
2020-05-21,9.83095932006836,192.2370147705078,,19.894250869750977,17.186960220336914,115.48441314697266,59.93815612792969,106.55607604980469,34.274723052978516,65.12583923339844,59.93000030517578,575.1853637695312,10.070988655090332,21.183536529541016,43.7599983215332,49.26094055175781,37.27706527709961,4.170000076293945,136.50999450683594,25.89482879638672,42.896602630615234,24.857688903808594,6.020601272583008,39.46773910522461,89.77784729003906
2020-05-22,9.775056838989258,204.26022338867188,,19.955322265625,16.892919540405273,119.59598541259766,61.39468002319336,110.6798095703125,34.18903350830078,65.82980346679688,56.41999816894531,598.0537109375,9.883747100830078,21.421878814697266,43.470001220703125,50.326229095458984,36.440452575683594,4.110000133514404,130.38999938964844,25.73518180847168,43.4942626953125,24.843889236450195,6.014713287353516,40.65806579589844,89.76876831054688
2020-05-26,10.286170959472656,205.52406311035156,,20.789974212646484,17.098752975463867,122.19161224365234,61.631072998046875,112.74163818359375,35.74092102050781,65.49757385253906,58.43000030517578,587.3336181640625,10.030864715576172,21.857877731323242,46.560001373291016,50.42521667480469,36.9127311706543,4.21999979019165,136.5399932861328,26.094390869140625,43.55802536010742,25.188756942749023,6.415040969848633,43.463836669921875,92.20085144042969
2020-05-27,10.198323249816895,212.33189392089844,,20.835777282714844,17.591276168823242,124.84840393066406,62.19538116455078,113.54031372070312,35.2553596496582,66.21733093261719,57.86000061035156,602.9806518554688,10.204734802246094,22.055524826049805,46.61000061035156,51.89292907714844,37.33104705810547,4.329999923706055,137.24000549316406,26.325878143310547,43.83692932128906,25.699153900146484,6.324770927429199,44.11850357055664,94.65106201171875
2020-05-28,10.29415512084961,217.4799346923828,,21.013465881347656,17.098752975463867,129.23565673828125,63.82727813720703,119.02499389648438,35.940853118896484,67.88622283935547,55.79999923706055,618.8777465820312,10.010805130004883,22.24155044555664,45.52000045776367,54.094505310058594,38.52526092529297,4.25,135.2899932861328,26.030521392822266,45.351016998291016,25.823307037353516,6.43270206451416,43.65087890625,96.64751434326172
2020-05-29,9.974708557128906,217.5220184326172,,20.94135856628418,17.01053810119629,131.81593322753906,64.82625579833984,116.99571228027344,37.35944747924805,67.72801208496094,58.189998626708984,622.6980590820312,9.75668716430664,22.270620346069336,46.619998931884766,54.99837112426758,38.53875732421875,4.210000038146973,141.89999389648438,25.503692626953125,45.4785270690918,25.919862747192383,6.6642632484436035,43.08122634887695,96.8744125366211
2020-06-01,10.022629737854004,222.69534301757812,,21.193729400634766,17.525115966796875,133.04864501953125,65.49732971191406,116.08296966552734,37.91164779663086,69.15961456298828,59.68000030517578,633.8911743164062,9.957306861877441,22.57872200012207,48.0099983215332,55.320796966552734,39.274173736572266,4.28000020980835,150.6999969482422,26.48552703857422,45.98055648803711,26.664770126342773,6.764344692230225,45.12177658081055,96.20285034179688
2020-06-02,10.469850540161133,222.0886993408203,,21.60060691833496,18.341093063354492,133.64584350585938,65.756591796875,114.09446716308594,37.15951156616211,69.34153747558594,56.95000076293945,621.8589477539062,10.191360473632812,22.63104248046875,47.900001525878906,55.526371002197266,39.67224884033203,4.150000095367432,148.97000122070312,27.140079498291016,46.219627380371094,27.092391967773438,6.789856433868408,46.57567596435547,97.49150085449219
2020-06-03,10.885132789611816,225.2904052734375,,21.63666343688965,19.039453506469727,133.6535186767578,65.94723510742188,113.67884063720703,37.74980163574219,70.57540130615234,53.31999969482422,614.9859619140625,10.585906028747559,23.20073890686035,49.5,56.17122268676758,40.6168327331543,4.170000076293945,150.58999633789062,28.457170486450195,46.78542709350586,28.168371200561523,6.946846961975098,50.138145446777344,100.01431274414062
2020-06-04,11.052841186523438,218.82798767089844,,21.677865982055664,18.88507652282715,128.36279296875,65.50008392333984,111.61701202392578,37.37848663330078,69.95056915283203,51.63999938964844,593.7335815429688,10.592595100402832,22.66010093688965,49.61000061035156,54.50715637207031,39.726226806640625,5.0,142.39999389648438,28.393312454223633,46.17978286743164,28.106290817260742,6.956658840179443,49.91708755493164,98.48672485351562
2020-06-05,11.420204162597656,223.1840057373047,,22.85729217529297,20.370004653930664,129.09017944335938,64.98355102539062,115.13762664794922,37.90213394165039,70.7810287475586,54.59000015258789,601.1597900390625,11.174385070800781,23.462339401245117,51.380001068115234,55.04597091674805,39.10551071166992,4.880000114440918,148.27999877929688,30.149438858032227,46.57823181152344,29.71335220336914,7.101875305175781,52.3742561340332,102.32621765136719
2020-06-08,11.955275535583496,224.8606719970703,,22.965452194213867,20.862533569335938,132.3289031982422,66.61026000976562,115.39840698242188,36.797725677490234,72.69512176513672,52.900001525878906,603.605712890625,11.37500286102295,24.33432960510254,54.439998626708984,56.3659782409668,40.40766525268555,5.28000020980835,150.88999938964844,31.36275291442871,48.0285758972168,30.478958129882812,7.0587029457092285,52.41676712036133,103.5391845703125
2020-06-09,11.052841186523438,223.9170684814453,,22.218650817871094,20.098018646240234,133.4850311279297,66.18624114990234,115.30058288574219,36.07414627075195,71.43753814697266,51.58000183105469,616.9766845703125,11.04732608795166,23.549531936645508,53.060001373291016,55.974308013916016,39.65201187133789,5.099999904632568,148.83999633789062,29.74233055114746,47.30339431762695,29.54093360900879,7.145047664642334,50.67378234863281,101.45983123779297
2020-06-10,10.517768859863281,223.56314086914062,,22.033241271972656,19.392305374145508,133.2936553955078,67.07283782958984,112.6927261352539,36.95957565307617,71.33470153808594,49.349998474121094,620.8236083984375,10.766462326049805,23.253053665161133,51.189998626708984,55.56748962402344,40.16477584838867,5.659999847412109,147.3699951171875,28.936113357543945,47.175899505615234,28.96156120300293,7.013567924499512,47.41740036010742,99.70879364013672
2020-06-11,9.743112564086914,211.91062927246094,,20.503582000732422,17.694190979003906,123.91088104248047,64.76768493652344,109.14763641357422,35.50290298461914,68.8748779296875,47.65999984741211,589.73486328125,9.716567039489746,22.119474411010742,48.939998626708984,53.7368049621582,38.140682220458984,4.75,138.69000244140625,26.493507385253906,44.697574615478516,26.46474266052246,6.5151214599609375,43.65087890625,94.11824035644531
2020-06-12,10.118460655212402,217.4462127685547,,20.7353515625,18.194072723388672,126.72494506835938,64.10468292236328,111.7693099975586,35.997982025146484,68.60595703125,48.630001068115234,603.962646484375,9.990741729736328,22.038084030151367,49.41999816894531,53.42953109741211,38.707427978515625,5.059999942779541,142.0500030517578,27.49928855895996,44.761322021484375,27.306211471557617,6.538670539855957,46.96678161621094,94.74752044677734
2020-06-15,10.286170959472656,221.16189575195312,,21.17827796936035,17.907379150390625,129.19204711914062,64.79852294921875,114.66215515136719,36.22171401977539,68.77997589111328,50.45000076293945,619.9310913085938,10.16461181640625,22.270620346069336,50.11000061035156,53.78874588012695,39.31466293334961,5.210000038146973,148.1999969482422,27.555166244506836,44.960533142089844,27.340696334838867,6.699586868286133,47.71498489379883,95.29471588134766
2020-06-16,10.909092903137207,223.09129333496094,,21.729366302490234,18.04704475402832,130.7494354248047,65.46923828125,117.11943054199219,35.74092102050781,68.77204895019531,52.7599983215332,622.3143310546875,10.218109130859375,22.43338966369629,51.310001373291016,53.702171325683594,39.550804138183594,5.449999809265137,153.10000610351562,27.914371490478516,44.80116653442383,27.75452995300293,6.709397792816162,49.00733947753906,96.39823150634766
2020-06-17,10.70943546295166,222.40884399414062,,21.75511932373047,17.422203063964844,130.6414794921875,64.8756103515625,119.57674407958984,35.464820861816406,68.18675994873047,39.040000915527344,623.0282592773438,9.997431755065918,22.352005004882812,49.900001525878906,53.88178634643555,39.97586441040039,5.289999961853027,145.27000427246094,27.291748046875,44.6577262878418,27.568309783935547,6.668188095092773,47.62996292114258,96.39823150634766
2020-06-18,10.733390808105469,217.95004272460938,,21.883880615234375,17.41484832763672,127.40338134765625,65.16858673095703,117.65363311767578,36.00083541870117,67.83872985839844,45.720001220703125,621.6983642578125,9.883747100830078,22.206674575805664,50.470001220703125,53.866641998291016,39.83418273925781,5.389999866485596,151.0,27.37955665588379,44.71350860595703,27.492446899414062,6.522971153259277,47.451416015625,95.43152618408203
2020-06-19,10.653532028198242,224.7186737060547,,21.868423461914062,17.400146484375,131.41244506835938,63.0021858215332,114.933349609375,35.84564971923828,64.94390869140625,46.720001220703125,635.0158081054688,9.689813613891602,21.817180633544922,50.20000076293945,52.41248321533203,40.31321334838867,5.480000019073486,153.60000610351562,27.09218978881836,42.72128677368164,27.1613712310791,6.466062068939209,43.36180114746094,92.8140640258789
2020-06-22,11.164647102355957,223.87255859375,,21.950834274291992,17.54716682434082,128.2437286376953,64.18177032470703,116.79071044921875,37.521297454833984,65.27611541748047,45.560001373291016,622.2606201171875,9.836934089660645,21.84043312072754,49.79999923706055,53.457664489746094,40.54261016845703,5.570000171661377,152.97999572753906,27.467357635498047,43.56599044799805,27.575210571289062,6.7015485763549805,43.68488311767578,94.57423400878906
2020-06-23,11.052841186523438,223.78794860839844,,22.022937774658203,17.76770782470703,127.61930847167969,63.83483123779297,116.62633514404297,37.44513702392578,64.73827362060547,45.4900016784668,620.0740356445312,9.93724536895752,21.654407501220703,51.91999816894531,52.628875732421875,40.74502182006836,6.429999828338623,151.33999633789062,27.818584442138672,42.45034408569336,27.982145309448242,6.783968448638916,43.769901275634766,94.72016143798828
2020-06-24,11.052841186523438,215.056396484375,,21.59031105041504,17.01053810119629,124.9748306274414,63.66522216796875,115.07305908203125,36.57874298095703,63.646793365478516,46.68000030517578,615.5574340820312,9.522634506225586,21.200977325439453,49.08000183105469,52.295631408691406,40.0703239440918,7.570000171661377,148.47999572753906,26.437633514404297,41.74111557006836,26.94755744934082,6.609315872192383,41.98442840576172,92.44928741455078
2020-06-25,11.084784507751465,215.20872497558594,,21.36884117126465,17.275177001953125,126.99482727050781,62.5550422668457,117.57969665527344,36.44545364379883,62.84002685546875,45.79999923706055,621.9930419921875,9.830248832702637,20.590579986572266,50.380001068115234,51.75248336791992,40.48862838745117,7.349999904632568,137.1750030517578,27.05227279663086,40.84062194824219,27.558958053588867,6.5975422859191895,42.69010925292969,93.37952423095703
2020-06-26,10.980963706970215,208.5416259765625,,20.45722770690918,16.73119354248047,124.38118743896484,61.429447174072266,115.5415267944336,36.19791793823242,62.428733825683594,45.29999923706055,612.7991333007812,9.54269790649414,20.177839279174805,48.7599983215332,51.116294860839844,39.93537902832031,6.829999923706055,129.52999877929688,26.270000457763672,40.5776481628418,27.263456344604492,6.507272243499756,42.29050827026367,93.76254272460938
2020-06-29,11.4521484375,214.7349090576172,,20.766246795654297,17.260475158691406,125.1290283203125,62.146446228027344,115.16349029541016,36.96909713745117,63.47277069091797,47.45000076293945,614.9236450195312,9.669754981994629,20.92194366455078,49.61000061035156,51.55339431762695,40.508872985839844,7.989999771118164,137.05999755859375,26.69306755065918,41.08766174316406,27.36899757385254,6.558294296264648,43.582862854003906,94.44654846191406
2020-06-30,11.571940422058105,218.74534606933594,,21.17313003540039,17.142860412597656,129.0224151611328,62.58588409423828,116.79071044921875,36.77106475830078,63.18804168701172,47.56999969482422,626.8663940429688,9.683127403259277,21.096336364746094,49.5,51.97103500366211,40.98115921020508,8.210000038146973,138.77999877929688,26.094390869140625,41.318756103515625,27.059429168701172,6.693698406219482,43.99946594238281,96.58976745605469
2020-07-01,11.508049964904785,224.5409393310547,,20.98771858215332,17.061994552612305,132.5226593017578,63.48789596557617,121.1300048828125,36.7406005859375,64.80155181884766,49.060001373291016,649.9578247070312,9.556069374084473,21.71836280822754,49.09000015258789,53.28887176513672,41.93229293823242,8.869999885559082,141.38999938964844,26.158248901367188,42.1315803527832,26.98907470703125,6.919373512268066,45.60641098022461,95.8419189453125
2020-07-02,11.563952445983887,223.5426025390625,,21.13707733154297,17.20901870727539,131.62062072753906,63.75001907348633,122.11619567871094,37.5422477722168,64.73036193847656,48.86000061035156,641.24609375,9.816872596740723,21.788118362426758,49.880001068115234,53.31916046142578,40.58549499511719,9.100000381469727,143.11000061035156,26.262022018432617,42.067832946777344,27.41824722290039,7.0096435546875,44.7476806640625,95.73247528076172
2020-07-06,11.55596923828125,225.03170776367188,,21.466703414916992,17.378093719482422,134.38072204589844,56.7343635559082,121.47518920898438,38.254398345947266,63.12474060058594,50.15999984741211,645.0485229492188,9.89712142944336,21.741607666015625,53.40999984741211,53.44035339355469,40.0272331237793,9.979999542236328,148.8800048828125,26.7010555267334,41.92438888549805,27.84743309020996,7.044966220855713,44.475608825683594,95.95137786865234
2020-07-07,11.292425155639648,225.03170776367188,,21.0031681060791,16.92232322692871,132.2296905517578,57.220054626464844,121.21215057373047,38.46385955810547,63.92360305786133,50.63999938964844,643.620361328125,9.723252296447754,21.509078979492188,53.15999984741211,53.388404846191406,39.189849853515625,9.34000015258789,146.57000732421875,26.046493530273438,42.012054443359375,27.11571502685547,7.062627792358398,42.46905517578125,95.41327667236328
2020-07-08,11.53200912475586,223.9571990966797,,20.709592819213867,17.025243759155273,132.15260314941406,57.99101638793945,120.89987182617188,40.65363311767578,64.41397857666016,54.93000030517578,642.9778442382812,9.98405647277832,21.59627914428711,58.060001373291016,54.805789947509766,40.04118728637695,9.5,157.9199981689453,26.142284393310547,42.282997131347656,27.347888946533203,7.3177385330200195,42.537078857421875,94.0452880859375
2020-07-09,11.116729736328125,224.7186737060547,,20.38511848449707,16.209259033203125,132.33761596679688,56.87313461303711,120.83412170410156,40.73931884765625,63.06939697265625,55.790000915527344,650.4218139648438,9.616254806518555,21.28817367553711,57.20000076293945,54.52880859375,37.42435073852539,8.949999809265137,157.1699981689453,24.968875885009766,41.390480041503906,26.158859252929688,7.441368103027344,41.83137893676758,93.0968017578125
2020-07-10,11.468121528625488,223.66104125976562,,20.663240432739258,16.51065444946289,132.2220001220703,56.72665786743164,121.1300048828125,41.23725509643555,64.31910705566406,55.43000030517578,639.6217041015625,9.877059936523438,21.735795974731445,57.4900016784668,56.17555236816406,38.56878662109375,9.300000190734863,159.44000244140625,25.71123695373535,42.41845703125,26.573959350585938,7.390346050262451,42.97919464111328,94.68366241455078
2020-07-13,11.691733360290527,216.53701782226562,,21.090721130371094,16.51065444946289,128.6832275390625,56.80373764038086,117.26736450195312,41.415287017822266,64.3981704711914,52.31999969482422,625.8131713867188,9.843622207641602,21.782302856445312,56.209999084472656,55.44847106933594,38.08030700683594,8.3100004196167,154.67999267578125,25.870880126953125,42.37861251831055,26.566926956176758,7.476691246032715,42.52857208251953,95.14879608154297
2020-07-14,11.787565231323242,219.0837860107422,,21.533655166625977,17.11345672607422,130.56439208984375,56.9887580871582,120.62869262695312,41.3676872253418,64.61173248291016,55.880001068115234,639.9072265625,10.13117504119873,22.014833450317383,61.779998779296875,56.813899993896484,38.61763381958008,8.649999618530273,168.1999969482422,26.748943328857422,42.77707290649414,27.467498779296875,7.421744346618652,42.46055603027344,96.85423278808594
2020-07-15,12.035137176513672,217.67080688476562,,22.254701614379883,17.50305938720703,129.52357482910156,58.1683235168457,118.48368072509766,42.84340286254883,63.61513137817383,57.95000076293945,637.2027587890625,10.244856834411621,22.119474411010742,60.97999954223633,56.045719146728516,38.19195556640625,9.039999961853027,174.85000610351562,27.12411117553711,42.25112533569336,27.6574649810791,7.796559810638428,43.39581298828125,97.3923110961914
2020-07-16,11.883401870727539,217.84848022460938,,21.98173713684082,17.436899185180664,127.78115844726562,59.324745178222656,115.43470001220703,42.56730270385742,64.12133026123047,57.7400016784668,637.3900756835938,10.23148250579834,22.125288009643555,59.029998779296875,58.07547378540039,38.47806930541992,9.0600004196167,164.75,26.724998474121094,42.82489013671875,27.36899757385254,7.859356880187988,42.40953826904297,98.00336456298828
2020-07-17,12.482364654541016,219.22755432128906,,22.378311157226562,17.091398239135742,130.26368713378906,60.58140182495117,118.13850402832031,42.83388137817383,65.17327880859375,59.310001373291016,646.4410400390625,10.144549369812012,22.904260635375977,61.0,59.59023666381836,39.120059967041016,8.989999771118164,171.5800018310547,26.270000457763672,43.4942626953125,27.073497772216797,8.05951976776123,43.353302001953125,99.13423156738281
2020-07-20,12.186874389648438,220.4290008544922,,22.285600662231445,16.863513946533203,131.18885803222656,59.787330627441406,118.54119873046875,42.85197067260742,64.14506530761719,63.540000915527344,653.2335815429688,10.111113548278809,22.27643394470215,62.15999984741211,59.3630256652832,39.482933044433594,8.600000381469727,176.3000030517578,25.870880126953125,43.239261627197266,26.58099365234375,8.310704231262207,41.916404724121094,97.19168090820312
2020-07-21,12.314653396606445,219.31219482421875,,22.460723876953125,17.708892822265625,129.1612091064453,60.29616165161133,117.7686996459961,44.15727233886719,65.117919921875,61.099998474121094,648.0031127929688,10.325105667114258,22.5147762298584,60.7400016784668,59.79581069946289,39.95745086669922,9.079999923706055,170.3800048828125,26.68508529663086,43.72536849975586,27.21421241760254,8.518718719482422,42.06945037841797,98.0580825805664
2020-07-22,12.458402633666992,219.16836547851562,,21.986886978149414,17.238422393798828,129.56982421875,61.329227447509766,119.0589599609375,44.8903694152832,66.55741882324219,62.08000183105469,656.518310546875,10.144549369812012,22.665916442871094,61.150001525878906,60.68083953857422,40.26449203491211,8.949999809265137,175.64999389648438,26.142284393310547,44.450531005859375,26.65839195251465,8.679634094238281,44.49260330200195,98.68736267089844
2020-07-23,12.522292137145996,218.2038116455078,,21.976585388183594,17.069347381591797,128.56759643554688,62.13102722167969,119.81503295898438,45.12362289428711,66.43087005615234,61.66999816894531,657.5626220703125,10.191360473632812,22.46245574951172,62.5,60.79986572265625,40.14586639404297,8.529999732971191,176.2899932861328,25.85491371154785,44.27522659301758,26.65839195251465,8.760091781616211,44.1610107421875,98.523193359375
2020-07-24,12.298681259155273,216.87547302246094,22.47916030883789,21.96113395690918,16.856164932250977,128.52130126953125,61.99226379394531,120.80126953125,44.86180114746094,65.48175048828125,59.650001525878906,658.1874389648438,10.452162742614746,21.97414207458496,62.15999984741211,60.64405822753906,40.04118728637695,8.520000457763672,171.60000610351562,25.775096893310547,43.70941925048828,26.911672592163086,8.650197982788086,43.71889114379883,97.83918762207031
2020-07-27,12.178887367248535,220.242919921875,22.342737197875977,22.074440002441406,17.01053810119629,129.86282348632812,61.84577178955078,124.10499572753906,45.07411575317383,64.29534912109375,62.220001220703125,673.0134887695312,10.358541488647461,21.84624671936035,62.2599983215332,60.07711410522461,40.613407135009766,8.350000381469727,180.74000549316406,25.902812957763672,43.239261627197266,27.080537796020508,8.697296142578125,43.37030029296875,97.64767456054688
2020-07-28,12.138957023620605,225.73390197753906,21.870481491088867,21.976585388183594,16.775299072265625,132.43785095214844,63.264312744140625,126.53767395019531,45.50921630859375,66.91336059570312,57.22999954223633,671.7012939453125,10.070988655090332,22.072967529296875,59.68000030517578,60.5986213684082,41.213539123535156,8.0600004196167,170.5399932861328,25.62342643737793,44.05208969116211,26.735782623291016,8.546192169189453,45.181297302246094,98.0580825805664
2020-07-29,12.426458358764648,229.53282165527344,22.972396850585938,21.868423461914062,17.069347381591797,134.0491943359375,63.418521881103516,129.19215393066406,46.02334213256836,67.20600891113281,59.119998931884766,687.2948608398438,10.358541488647461,22.415950775146484,60.11000061035156,60.90157699584961,41.65317153930664,8.1899995803833,176.75999450683594,25.870880126953125,44.139747619628906,26.967960357666016,8.363689422607422,46.499149322509766,100.00062561035156
2020-07-30,12.314653396606445,222.08737182617188,21.366750717163086,21.631507873535156,16.495956420898438,131.22743225097656,62.8480110168457,130.44960021972656,45.794837951660156,66.88964080810547,59.13999938964844,694.3908081054688,10.050928115844727,22.363628387451172,59.70000076293945,61.09632110595703,41.13677978515625,7.96999979019165,175.25999450683594,24.61764907836914,44.02022171020508,26.94685173034668,8.561890602111816,46.3546142578125,99.75437927246094
2020-07-31,12.276764869689941,221.1566619873047,23.581083297729492,21.549102783203125,16.201913833618164,131.22743225097656,62.47023391723633,131.9370574951172,45.09791946411133,67.02409362792969,60.36000061035156,701.1124267578125,9.970680236816406,22.445016860961914,59.54999923706055,60.741451263427734,41.24843215942383,7.710000038146973,175.10000610351562,23.795467376708984,43.51816940307617,26.49656867980957,8.314629554748535,45.538394927978516,99.95500946044922
2020-08-03,12.188096046447754,217.08700561523438,24.662012100219727,21.50275230407715,16.238664627075195,126.51679229736328,61.93058776855469,132.0356903076172,45.63298416137695,66.28852081298828,61.209999084472656,695.435302734375,10.09105110168457,22.084592819213867,60.84000015258789,60.068450927734375,41.64619064331055,9.15999984741211,173.55999755859375,24.18659782409668,43.040035247802734,27.066463470458984,8.581514358520508,44.95172882080078,99.38957977294922
2020-08-04,12.47022819519043,220.12445068359375,23.701770782470703,21.59031105041504,17.451608657836914,127.88910675048828,62.35458755493164,132.39732360839844,44.89988327026367,66.98452758789062,68.94999694824219,708.2083129882812,10.351852416992188,22.526405334472656,64.04000091552734,61.6827392578125,42.050926208496094,9.130000114440918,196.14999389648438,25.024749755859375,43.3827018737793,27.685606002807617,8.546192169189453,45.308837890625,99.24366760253906
2020-08-05,12.413804054260254,215.99554443359375,24.525583267211914,21.9456787109375,17.605979919433594,126.840576171875,61.452598571777344,131.1727752685547,45.12838363647461,66.0512466430664,74.98999786376953,708.752685546875,10.666153907775879,21.92763328552246,65.7300033569336,61.407928466796875,41.45778274536133,9.329999923706055,216.05999755859375,25.160451889038086,42.55393600463867,27.981103897094727,8.750279426574707,45.18980026245117,99.57199096679688
2020-08-06,13.340804100036621,216.1817169189453,24.420639038085938,22.22895050048828,17.098752975463867,126.33943176269531,61.390899658203125,129.02780151367188,44.88084411621094,66.60488891601562,71.37000274658203,706.9854736328125,10.692901611328125,22.032276153564453,64.45999908447266,61.19803237915039,41.3251953125,10.729999542236328,206.32000732421875,24.944929122924805,42.94441223144531,27.6574649810791,8.77579116821289,47.961551666259766,100.65727233886719
2020-08-07,13.832520484924316,217.95849609375,25.197227478027344,22.05384063720703,16.892919540405273,129.67005920410156,62.15414047241211,130.3509521484375,45.099822998046875,68.50314331054688,72.83999633789062,706.6640625,10.692901611328125,22.63104248046875,72.93000030517578,62.273494720458984,41.31124496459961,11.279999732971191,211.47000122070312,24.61764907836914,43.58192825317383,27.397140502929688,8.868022918701172,48.61622619628906,102.80044555664062
2020-08-10,14.179141998291016,214.40496826171875,25.30217742919922,22.610076904296875,17.275177001953125,128.12039184570312,61.7686767578125,130.04685974121094,44.623783111572266,67.0399169921875,71.83999633789062,698.66650390625,10.813274383544922,22.270620346069336,72.5,61.37763977050781,41.29727554321289,12.039999961853027,211.5,25.104572296142578,43.88474655151367,27.58710289001465,8.777753829956055,48.83728790283203,101.78816986083984
2020-08-11,13.687426567077637,208.30470275878906,24.74072265625,22.85729217529297,17.50305938720703,124.73583221435547,60.56599044799805,124.61455535888672,44.680908203125,66.17776489257812,67.30000305175781,676.735595703125,10.840021133422852,22.032276153564453,70.19000244140625,60.111724853515625,40.48081970214844,11.3100004196167,204.0800018310547,25.423873901367188,43.18347930908203,27.9459285736084,9.507759094238281,48.14860534667969,101.76988983154297
2020-08-12,13.913129806518555,212.61968994140625,24.829931259155273,23.398086547851562,17.833866119384766,127.36482238769531,61.35237503051758,126.92390441894531,44.59046173095703,66.69188690185547,71.19000244140625,689.963623046875,11.134261131286621,22.50314712524414,73.52999877929688,61.58320617675781,41.82064437866211,10.630000114440918,215.17999267578125,26.238073348999023,43.71739196777344,28.473608016967773,9.509723663330078,48.38665771484375,102.37181091308594
2020-08-13,14.340360641479492,212.13746643066406,24.546571731567383,23.12510871887207,17.465194702148438,126.71726989746094,61.14421081542969,125.03369903564453,45.16646957397461,66.1998291015625,74.87999725341797,687.402099609375,11.12088680267334,22.275922775268555,75.70999908447266,61.5421028137207,41.18562698364258,11.359999656677246,225.17999267578125,25.528718948364258,43.83692932128906,28.135894775390625,9.643165588378906,47.60445785522461,101.54190063476562
2020-08-14,14.1630220413208,211.62135314941406,24.7144832611084,22.86244773864746,17.122594833374023,126.9253921508789,60.78956604003906,126.00347137451172,44.7237548828125,65.727783203125,73.16000366210938,680.1630859375,10.979690551757812,22.27005386352539,74.30999755859375,60.69816589355469,40.71808624267578,11.399999618530273,219.2100067138672,25.077308654785156,43.18385314941406,27.784109115600586,9.603918075561523,48.25063705444336,101.66045379638672
2020-08-17,14.243632316589355,212.28976440429688,24.593801498413086,22.73883628845215,16.943845748901367,128.02789306640625,60.65850830078125,128.63331604003906,45.109344482421875,66.08781433105469,75.05999755859375,689.1515502929688,10.993138313293457,21.923641204833984,73.61000061035156,61.236976623535156,40.438961029052734,12.199999809265137,219.3300018310547,24.940277099609375,43.208038330078125,27.622283935546875,9.725584983825684,48.11311340332031,101.11327362060547
2020-08-18,14.300057411193848,213.67727661132812,24.43113136291504,22.532825469970703,16.65338134765625,127.98165130615234,60.27302551269531,128.58401489257812,44.77611541748047,65.33574676513672,75.16000366210938,704.7630615234375,10.885558128356934,21.765121459960938,74.41000366210938,61.24997329711914,40.36916732788086,12.770000457763672,219.02000427246094,24.617841720581055,42.772647857666016,27.411209106445312,9.702035903930664,47.219276428222656,101.24092864990234
2020-08-19,14.203324317932129,207.4840087890625,25.61701011657715,22.86244773864746,16.564008712768555,125.39117431640625,60.088008880615234,124.90220642089844,44.22391128540039,65.33574676513672,75.48999786376953,697.4723510742188,10.764534950256348,21.735763549804688,75.8499984741211,61.09632110595703,39.845802307128906,13.649999618530273,220.7100067138672,24.52111053466797,42.88552474975586,27.502681732177734,9.617654800415039,46.3683967590332,100.83055114746094
2020-08-20,14.46933364868164,209.5569305419922,26.524782180786133,22.831546783447266,16.355466842651367,125.5761947631836,59.90296173095703,127.5074462890625,44.318172454833984,64.83968353271484,73.08999633789062,703.0254516601562,10.71746826171875,21.318897247314453,73.66000366210938,61.04654312133789,40.18075180053711,13.670000076293945,217.1999969482422,24.27928352355957,42.12763977050781,27.284570693969727,9.57840633392334,47.339595794677734,100.45664978027344
2020-08-21,14.525762557983398,210.96145629882812,26.813383102416992,23.022104263305664,15.983075141906738,125.79977416992188,60.62767028808594,127.02252960205078,44.6142692565918,64.80767059326172,73.13999938964844,700.5712890625,10.65695858001709,21.442195892333984,74.0999984741211,61.11146926879883,40.08306121826172,12.930000305175781,213.2899932861328,23.884305953979492,42.224388122558594,26.974987030029297,9.625504493713379,48.24203872680664,101.37775421142578
2020-08-24,14.566065788269043,207.6616973876953,27.9520320892334,23.61954689025879,16.318227767944336,124.13447570800781,60.9822883605957,125.61720275878906,45.65202713012695,65.18370819091797,73.36000061035156,691.88330078125,11.073821067810059,22.129146575927734,76.5199966430664,61.15907287597656,40.59945297241211,12.34000015258789,210.83999633789062,24.60978126525879,42.61946105957031,27.91075325012207,9.874728202819824,49.35074234008789,102.60895538330078
2020-08-25,14.42096996307373,208.48239135742188,28.098957061767578,23.228120803833008,16.10224151611328,123.88772583007812,60.51973342895508,127.1786880493164,45.46160888671875,64.6876449584961,75.93000030517578,698.3681640625,10.979690551757812,21.80034637451172,77.37000274658203,60.873451232910156,40.013282775878906,12.850000381469727,213.16000366210938,24.23092269897461,42.25663757324219,27.741893768310547,9.82959270477295,49.496864318847656,103.22911071777344
2020-08-26,14.2919921875,208.95620727539062,28.361316680908203,23.27447509765625,15.923491477966309,124.1036376953125,60.19593811035156,126.52941131591797,45.785316467285156,63.64753723144531,75.23999786376953,700.4190673828125,10.858663558959961,21.888418197631836,78.19000244140625,60.37356948852539,39.671348571777344,13.050000190734863,214.9199981689453,24.206741333007812,41.7003059387207,27.748931884765625,10.016019821166992,48.001380920410156,103.87661743164062
2020-08-27,14.437090873718262,209.80227661132812,28.419034957885742,23.19207000732422,15.744741439819336,125.99254608154297,60.1342658996582,126.31571197509766,44.93321228027344,63.64753723144531,73.44000244140625,707.2710571289062,10.751087188720703,21.659435272216797,77.61000061035156,60.651947021484375,39.32243347167969,12.989999771118164,210.44000244140625,24.005220413208008,42.087318420410156,27.727821350097656,9.762870788574219,49.780487060546875,104.21405792236328
2020-08-28,14.42902946472168,211.17295837402344,27.886899948120117,23.08533477783203,15.923491477966309,126.27781677246094,60.1496696472168,126.80062103271484,44.83324432373047,63.77555465698242,76.04000091552734,704.9153442382812,10.885558128356934,21.74750328063965,80.0,60.79764938354492,39.46199035644531,13.069999694824219,221.19000244140625,24.335712432861328,42.26469039916992,28.114788055419922,9.872764587402344,51.09548568725586,103.97694396972656
2020-08-31,14.308117866516113,210.80064392089844,26.93476676940918,22.674030303955078,15.588335990905762,125.8614730834961,60.47349166870117,127.91835021972656,44.65615463256836,64.27961730957031,77.2300033569336,707.3876342773438,10.791428565979004,21.671175003051758,76.58999633789062,60.71502685546875,39.413150787353516,12.979999542236328,221.14999389648438,23.924606323242188,42.07119369506836,27.840394973754883,9.884539604187012,49.43669891357422,103.96781921386719
2020-09-01,14.437090873718262,209.85305786132812,26.532756805419922,22.903112411499023,15.4691743850708,124.9748306274414,59.995487213134766,126.20066833496094,44.6951904296875,63.3754997253418,78.70999908447266,707.4053955078125,10.798152923583984,21.33063507080078,78.41999816894531,60.27134704589844,39.189849853515625,14.130000114440918,223.75999450683594,23.53769302368164,41.77287292480469,27.608219146728516,9.8158540725708,49.960975646972656,103.63951110839844
2020-09-02,14.654735565185547,217.01931762695312,27.49018096923828,23.991254806518555,15.320211410522461,128.19747924804688,61.367774963378906,127.38412475585938,45.66154479980469,65.18370819091797,77.0199966430664,716.19189453125,10.636784553527832,22.328765869140625,77.44999694824219,62.691959381103516,40.138885498046875,13.140000343322754,220.3300018310547,23.40871238708496,42.90165328979492,27.58710289001465,10.210294723510742,51.5767707824707,104.10462951660156
2020-09-03,14.259750366210938,213.4827423095703,27.061721801757812,23.835058212280273,15.350006103515625,124.67418670654297,61.62523651123047,121.7628173828125,44.414329528808594,64.9197006225586,67.80000305175781,682.9086303710938,10.374564170837402,21.894289016723633,72.5,61.02385330200195,39.42710876464844,11.550000190734863,195.4499969482422,23.328105926513672,42.409820556640625,27.460466384887695,9.929673194885254,51.9549446105957,101.91907501220703
2020-09-04,14.1630220413208,211.5028533935547,26.918895721435547,23.590362548828125,15.297871589660645,123.81063842773438,61.19615173339844,119.31375885009766,43.129024505615234,64.78367614746094,66.16000366210938,673.7100830078125,10.408183097839355,21.7768611907959,72.05999755859375,60.312679290771484,38.8060417175293,11.760000228881836,194.61000061035156,23.303924560546875,42.159889221191406,27.53082847595215,9.770720481872559,52.530792236328125,101.90991973876953
2020-09-08,14.034045219421387,208.82080078125,26.643844604492188,23.293594360351562,15.007408142089844,122.1993408203125,61.00889205932617,118.59873962402344,42.795799255371094,64.5916519165039,65.05000305175781,663.7410278320312,10.024935722351074,21.38347816467285,69.37000274658203,60.44098663330078,38.603675842285156,11.729999542236328,189.0500030517578,22.59457015991211,42.61139678955078,26.742816925048828,9.474400520324707,51.61115646362305,101.22264099121094
2020-09-09,14.138840675354004,213.56732177734375,27.06700897216797,24.02249526977539,15.134023666381836,124.35034942626953,62.13235092163086,121.28614044189453,44.106807708740234,66.07982635498047,67.70999908447266,674.8206787109375,10.435076713562012,21.530261993408203,71.69999694824219,61.41096878051758,38.95258712768555,12.130000114440918,193.55999755859375,22.98954963684082,42.61139678955078,27.136821746826172,9.955184936523438,52.333106994628906,103.1469955444336
2020-09-10,13.993741989135742,210.14918518066406,26.72318458557129,23.46540641784668,14.828658103942871,122.3997802734375,61.42240905761719,119.6835708618164,43.39561080932617,65.60777282714844,66.0999984741211,665.371337890625,10.266985893249512,21.04294204711914,69.88999938964844,60.223506927490234,37.80117416381836,12.119999885559082,187.0,22.465595245361328,41.57130432128906,26.714675903320312,9.723623275756836,51.44785690307617,102.34059143066406
2020-09-11,14.348418235778809,211.3421173095703,26.754919052124023,23.809032440185547,14.940375328063965,122.26871490478516,62.13235092163086,119.65890502929688,43.57460021972656,66.43186950683594,65.0999984741211,669.7780151367188,10.502312660217285,21.037071228027344,69.91000366210938,60.4931755065918,38.02448272705078,11.710000038146973,183.9600067138672,22.634872436523438,41.73255920410156,27.080537796020508,9.78249454498291,50.596981048583984,103.68767547607422
2020-09-14,14.46933364868164,214.81951904296875,26.532756805419922,24.282814025878906,14.776524543762207,124.42060089111328,62.98273849487305,119.4932861328125,43.32420349121094,67.5119857788086,69.48999786376953,677.167236328125,10.475418090820312,21.289535522460938,71.45999908447266,61.3131103515625,38.087284088134766,12.239999771118164,196.1199951171875,22.344684600830078,42.61946105957031,26.693567276000977,9.825668334960938,51.671321868896484,106.62922668457031
2020-09-15,14.340360641479492,223.15341186523438,27.294464111328125,24.918001174926758,14.642459869384766,126.98424530029297,63.1153678894043,121.9779052734375,43.2289924621582,67.5679931640625,72.16000366210938,688.2827758789062,10.603166580200195,21.236696243286133,72.88999938964844,64.31002807617188,38.10124206542969,12.529999732971191,199.0,22.44141387939453,42.74039840698242,26.65839195251465,9.86295223236084,52.17840576171875,107.27986907958984
2020-09-16,14.558005332946777,222.76426696777344,27.876317977905273,24.636856079101562,14.865900039672852,129.08944702148438,63.66147232055664,124.58676147460938,43.74787902832031,67.8800277709961,72.83000183105469,687.2883911132812,10.690574645996094,21.289535522460938,71.95999908447266,60.971656799316406,38.45014572143555,12.9399995803833,201.75999450683594,22.610687255859375,42.966156005859375,26.721704483032227,10.039566993713379,51.45646286010742,107.0782470703125
2020-09-17,14.856255531311035,212.13746643066406,27.849870681762695,24.735774993896484,14.567984580993652,126.3549575805664,62.27278137207031,121.52238464355469,43.528900146484375,67.6880111694336,66.87000274658203,676.8179931640625,10.744362831115723,21.095783233642578,64.0,60.79115676879883,37.95469665527344,12.84000015258789,187.02999877929688,22.247949600219727,43.15159606933594,26.36992073059082,10.131800651550293,49.6601676940918,105.8961410522461
2020-09-18,15.14645004272461,207.71243286132812,27.51133155822754,25.100223541259766,14.061529159545898,124.04771423339844,60.82166290283203,119.99020385742188,43.32896041870117,66.36785888671875,68.2699966430664,673.6115112304688,10.576272964477539,20.59084701538086,61.75,60.22568130493164,38.20591735839844,13.5600004196167,186.2100067138672,21.74818229675293,42.57914733886719,25.764850616455078,10.145536422729492,48.517066955566406,105.63040161132812
2020-09-21,14.799832344055176,203.87974548339844,27.342069625854492,24.381736755371094,13.644451141357422,122.41633605957031,60.82948303222656,117.489013671875,43.043338775634766,66.0638198852539,70.72000122070312,667.7717895507812,10.17285442352295,20.402963638305664,61.66999816894531,60.06909942626953,37.33363342285156,13.359999656677246,190.41000366210938,21.208099365234375,42.75652313232422,24.772811889648438,9.968920707702637,46.574668884277344,104.74149322509766
2020-09-22,14.703099250793457,204.70042419433594,27.061721801757812,24.569168090820312,13.763614654541016,124.28079223632812,60.46277618408203,118.77274322509766,43.0338249206543,66.15983581542969,72.2300033569336,671.7573852539062,10.098896026611328,20.673044204711914,61.54999923706055,60.47360610961914,37.48017501831055,12.930000305175781,185.1999969482422,21.474109649658203,42.82908630371094,24.47027587890625,9.872764587402344,47.0215950012207,105.35546112060547
2020-09-23,14.316179275512695,199.42933654785156,26.929475784301758,24.02249526977539,13.383774757385254,120.8936996459961,59.5031852722168,115.2777099609375,43.605064392089844,65.03168487548828,70.2699966430664,654.4440307617188,9.742542266845703,20.24443817138672,62.02000045776367,59.44056701660156,37.5429801940918,12.079999923706055,189.44000244140625,21.054946899414062,42.35338592529297,23.865718841552734,9.808005332946777,44.65805435180664,102.38642120361328
2020-09-24,14.477395057678223,199.8269805908203,27.061721801757812,24.074562072753906,13.353985786437988,122.2764892578125,59.534393310546875,116.98379516601562,43.086185455322266,65.34373474121094,69.41000366210938,657.1849365234375,9.84339714050293,20.43819236755371,61.29999923706055,60.36051559448242,37.42435073852539,11.239999771118164,191.72999572753906,21.39349937438965,42.772647857666016,24.016857147216797,9.835479736328125,44.58070755004883,101.99238586425781
2020-09-25,14.50157356262207,203.88238525390625,28.4211483001709,24.5795841217041,13.301848411560059,125.6247329711914,60.111724853515625,117.62151336669922,43.833560943603516,65.98380279541016,73.62000274658203,672.9398803710938,9.742542266845703,20.855056762695312,63.04999923706055,61.29136276245117,38.129150390625,11.649999618530273,200.9600067138672,20.748632431030273,43.38541793823242,23.534652709960938,9.860990524291992,45.77535629272461,104.1275405883789
2020-09-28,14.404850959777832,204.0438995361328,29.357412338256836,24.87114906311035,13.54018497467041,127.08521270751953,60.252140045166016,120.86808013916016,43.90496826171875,66.3038558959961,78.13999938964844,685.0225219726562,9.722371101379395,20.984228134155273,65.37000274658203,61.79591369628906,38.07332992553711,13.199999809265137,218.2899932861328,21.03076171875,43.304779052734375,24.319137573242188,9.988545417785645,46.74655532836914,104.50326538085938
2020-09-29,14.509639739990234,204.1459197998047,29.986873626708984,24.6837100982666,13.160341262817383,127.54353332519531,60.75925064086914,122.17667388916016,44.46193313598633,65.93579864501953,80.80000305175781,683.813232421875,9.37946605682373,20.737628936767578,65.76000213623047,61.57406997680664,39.69926071166992,13.15999984741211,231.5,20.676084518432617,43.296722412109375,23.988067626953125,10.19852066040039,46.841094970703125,103.92593383789062
2020-09-30,14.598305702209473,205.51470947265625,30.997194290161133,24.793048858642578,13.003937721252441,129.34585571289062,61.578426361083984,121.54720306396484,43.833560943603516,70.85638427734375,82.58999633789062,680.830810546875,9.453424453735352,20.995969772338867,66.19999694824219,60.364871978759766,40.32730484008789,13.40999984741211,238.35000610351562,20.289167404174805,43.71598434448242,24.686189651489258,10.563523292541504,47.34818649291992,103.70600891113281
2020-10-01,14.445152282714844,205.8717803955078,31.5843448638916,24.88675880432129,12.534719467163086,130.51885986328125,61.31317138671875,121.9530258178711,46.623146057128906,72.04853057861328,89.51000213623047,688.1931762695312,9.31222915649414,21.037071228027344,68.56999969482422,61.49579620361328,40.66923522949219,14.0,248.8699951171875,19.539505004882812,44.03849411010742,24.168001174926758,10.820596694946289,48.49127960205078,103.44942474365234
2020-10-02,14.944929122924805,206.84950256347656,31.54731559753418,24.88675880432129,12.549615859985352,130.99276733398438,62.257171630859375,123.6922836303711,47.25151443481445,73.27267456054688,90.43000030517578,696.8363647460938,9.366018295288086,21.101652145385742,67.23999786376953,61.149993896484375,41.813663482666016,14.140000343322754,251.5800018310547,19.829696655273438,45.36077117919922,23.988067626953125,10.863768577575684,49.79767608642578,104.36578369140625
2020-10-05,14.97716999053955,206.87501525878906,33.88533401489258,25.157495498657227,12.802845001220703,131.02386474609375,62.4834098815918,125.8704605102539,47.69898986816406,73.40067291259766,98.05000305175781,706.0260620117188,9.762711524963379,21.600717544555664,71.5,62.61582565307617,41.89741134643555,15.739999771118164,272.5899963378906,20.482624053955078,46.09449005126953,24.729366302490234,11.154203414916992,49.39372634887695,104.6865234375
2020-10-06,15.041657447814941,204.90257263183594,32.49945831298828,25.006511688232422,12.609203338623047,128.25050354003906,63.27919387817383,126.74002838134766,47.584739685058594,72.62458801269531,98.56999969482422,708.3280029296875,9.60806941986084,21.823829650878906,73.44000244140625,63.13126754760742,41.5833854675293,16.229999542236328,271.8699951171875,20.393953323364258,46.626625061035156,24.664600372314453,10.961888313293457,48.69755554199219,103.7793197631836
2020-10-07,15.114209175109863,205.5487060546875,34.371986389160156,24.860729217529297,12.683680534362793,128.11843872070312,63.20896911621094,126.36731719970703,49.53649139404297,73.04865264892578,107.81999969482422,719.4611206054688,9.641688346862793,22.223085403442383,78.70999908447266,64.61885833740234,42.30215072631836,18.229999542236328,305.1499938964844,20.627721786499023,46.6024284362793,24.880510330200195,11.372028350830078,48.21625518798828,104.35662078857422
2020-10-08,15.67040729522705,207.070556640625,33.55209732055664,24.64726448059082,13.02627944946289,128.78648376464844,64.02033233642578,129.90380859375,49.879241943359375,74.52882385253906,105.5,738.3958129882812,9.836673736572266,23.08616828918457,77.12000274658203,65.47139739990234,42.58127975463867,17.8799991607666,289.0,21.312891006469727,47.33614730834961,25.13960838317871,11.525094032287598,49.178855895996094,105.10806274414062
2020-10-09,15.573678970336914,208.02273559570312,33.71077346801758,24.60041046142578,12.929460525512695,130.01393127441406,63.80190658569336,131.13783264160156,50.602821350097656,74.64884185791016,109.18000030517578,742.8294067382812,9.95097541809082,23.015718460083008,78.80999755859375,65.87811279296875,42.316104888916016,18.43000030517578,305.3500061035156,21.49022674560547,47.36033248901367,25.36992073059082,11.34455394744873,48.39674758911133,105.70367431640625
2020-10-12,15.734895706176758,209.4680938720703,35.239463806152344,24.80866813659668,12.840085983276367,130.68978881835938,64.30119323730469,131.734130859375,53.078216552734375,74.49684143066406,104.43000030517578,747.8898315429688,9.883737564086914,23.473678588867188,79.30999755859375,66.47835540771484,42.8883171081543,17.639999389648438,297.94000244140625,21.200042724609375,47.45707702636719,25.146808624267578,11.813565254211426,48.018577575683594,107.0507583618164
2020-10-13,15.759082794189453,206.0928497314453,34.35611343383789,24.45462989807129,12.423006057739258,129.57894897460938,63.638065338134766,130.83966064453125,51.68818664550781,74.34481048583984,106.6500015258789,739.9273071289062,9.729095458984375,24.060819625854492,82.93000030517578,65.56491088867188,42.462646484375,17.100000381469727,299.6499938964844,20.81311798095703,47.0378303527832,24.607017517089844,11.705634117126465,46.63483428955078,105.84114837646484
2020-10-14,15.823568344116211,202.76864624023438,34.62059020996094,24.298439025878906,12.355974197387695,128.203857421875,63.23236846923828,129.4979705810547,52.6688232421875,74.14476776123047,108.97000122070312,732.1260375976562,9.749265670776367,24.090181350708008,83.72000122070312,65.38440704345703,42.74177169799805,17.299999237060547,304.5199890136719,20.7889347076416,46.7636833190918,24.391111373901367,11.909721374511719,46.29964065551758,104.99808502197266
2020-10-15,16.00896644592285,203.70384216308594,34.71580123901367,24.064144134521484,12.244256973266602,130.61988830566406,63.045135498046875,129.7547149658203,52.12614059448242,73.57671356201172,110.70999908447266,729.8242797851562,9.614794731140137,24.307416915893555,82.27999877929688,64.91027069091797,42.050926208496094,17.030000686645508,302.5,20.450382232666016,46.77981948852539,23.95928382873535,11.699746131896973,47.31381607055664,105.63040161132812
2020-10-16,16.041208267211914,206.35638427734375,35.191871643066406,24.397357940673828,12.10274887084961,129.6566162109375,63.51324462890625,130.60775756835938,51.402565002441406,73.90473937988281,110.83999633789062,732.3858032226562,9.527387619018555,24.712539672851562,84.18000030517578,66.46312713623047,42.602210998535156,16.270000457763672,302.0199890136719,20.369770050048828,47.0458869934082,23.75056266784668,11.699746131896973,46.65202331542969,106.18021392822266
2020-10-19,16.041208267211914,203.70384216308594,35.85307312011719,24.111005783081055,11.93889331817627,127.65229034423828,63.1153678894043,128.52069091796875,51.05029296875,73.66471099853516,114.69000244140625,725.4979248046875,9.520663261413574,24.577497482299805,83.43000030517578,65.14734649658203,42.28120803833008,16.389999389648438,309.1000061035156,20.184371948242188,46.79594039916992,23.491464614868164,11.511357307434082,45.1909294128418,104.19165802001953
2020-10-20,16.12181854248047,207.2746124267578,36.26567077636719,24.05373191833496,12.028268814086914,127.7610855102539,63.25577926635742,128.8685760498047,50.545692443847656,73.6567153930664,116.13999938964844,720.9658203125,9.628239631652832,24.894550323486328,84.30000305175781,65.46051025390625,42.323081970214844,16.290000915527344,309.79998779296875,20.410078048706055,47.24745178222656,23.95207977294922,11.578078269958496,46.48872375488281,104.75064849853516
2020-10-21,16.291099548339844,205.52322387695312,36.011775970458984,23.725723266601562,11.789937973022461,127.24055480957031,62.592647552490234,128.26394653320312,49.803077697753906,74.01676940917969,101.52999877929688,719.3717041015625,9.480320930480957,24.74188995361328,81.5999984741211,64.74064636230469,42.61616516113281,14.859999656677246,279.5899963378906,20.015100479125977,47.46513748168945,23.549043655395508,11.311193466186523,46.1621208190918,104.62236022949219
2020-10-22,16.45231819152832,200.44760131835938,35.334693908691406,23.861095428466797,11.991028785705566,121.38313293457031,63.333805084228516,126.13543701171875,48.984291076660156,75.12088775634766,103.45999908447266,696.4334106445312,9.567727088928223,24.79473876953125,82.6500015258789,65.73890686035156,42.67897415161133,14.960000038146973,280.3900146484375,20.51487159729004,48.82774353027344,23.62100601196289,11.028610229492188,47.4857063293457,106.08856201171875
2020-10-23,16.645776748657227,202.10548400878906,34.133949279785156,24.189102172851562,11.953788757324219,123.10771942138672,63.302581787109375,126.38394165039062,49.203269958496094,74.23277282714844,103.33000183105469,695.967529296875,9.527387619018555,24.77712059020996,85.37000274658203,65.91290283203125,43.0488166809082,15.029999732971191,282.8800048828125,20.643835067749023,49.06155776977539,23.656999588012695,11.06785774230957,48.3537712097168,106.94078826904297
2020-10-26,16.58935546875,201.59536743164062,33.721351623535156,23.621597290039062,11.767596244812012,124.23414611816406,63.75508499145508,126.44190216064453,48.717708587646484,74.55282592773438,103.66999816894531,690.1007690429688,9.123968124389648,24.48355484008789,83.75,65.821533203125,42.99300003051758,14.460000038146973,273.0,20.015100479125977,48.8680534362793,22.96607208251953,10.685192108154297,47.87247085571289,103.9167709350586
2020-10-27,16.395891189575195,200.77920532226562,34.82688522338867,23.210294723510742,11.45478630065918,124.77018737792969,64.34021759033203,124.7772216796875,47.908443450927734,74.45681762695312,98.62999725341797,692.6357421875,9.029837608337402,24.16063117980957,82.38999938964844,65.92377471923828,42.81155776977539,14.789999961853027,261.8399963378906,19.499202728271484,48.545555114746094,22.09522247314453,10.761727333068848,46.43715286254883,101.37841033935547
2020-10-28,15.718775749206543,195.65260314941406,34.2079963684082,22.29395866394043,11.097288131713867,121.84923553466797,62.257171630859375,124.13121032714844,47.15630340576172,72.79263305664062,102.80999755859375,677.1941528320312,8.713827133178711,23.23295783996582,93.30999755859375,64.77544403076172,41.569427490234375,14.800000190734863,263.8299865722656,18.62056541442871,47.053951263427734,20.986862182617188,10.45559310913086,44.91588592529297,98.01530456542969
2020-10-29,15.85925579071045,196.9448699951172,35.350563049316406,22.87187385559082,11.365411758422852,122.51734924316406,63.15436935424805,123.17050170898438,48.746273040771484,73.80073547363281,102.51000213623047,663.4097900390625,8.552460670471191,23.579370498657227,87.45999908447266,64.38396453857422,41.84157943725586,14.8100004196167,270.0899963378906,19.853879928588867,46.93300247192383,21.411489486694336,11.324931144714355,46.95283889770508,98.55599975585938
2020-10-30,15.834898948669434,195.24452209472656,35.318817138671875,22.335609436035156,11.529264450073242,121.34423828125,62.678443908691406,119.50982666015625,50.43144989013672,73.69671630859375,98.08999633789062,654.9545288085938,8.626419067382812,23.42084503173828,87.05000305175781,63.68803024291992,41.48569107055664,14.0,257.69000244140625,20.595478057861328,46.320247650146484,21.82892608642578,11.238585472106934,46.21369171142578,98.88585662841797
2020-11-02,16.24091911315918,198.5091552734375,36.88983917236328,22.726091384887695,11.991028785705566,123.89234924316406,63.70827865600586,120.87637329101562,50.66565704345703,75.06488800048828,103.83000183105469,661.2960205078125,8.982772827148438,24.049072265625,88.88999938964844,65.35831451416016,41.632232666015625,15.470000267028809,267.7200012207031,21.4982967376709,47.57801818847656,22.850927352905273,10.940302848815918,48.76630401611328,101.41506958007812
2020-11-03,16.460174560546875,199.13833618164062,36.78934097290039,23.39251708984375,12.050614356994629,124.56822204589844,64.68348693847656,120.82669830322266,51.450164794921875,76.4250259399414,104.75,673.7996826171875,8.828129768371582,24.935646057128906,87.23999786376953,66.13253784179688,42.86737823486328,16.950000762939453,206.3699951171875,21.659513473510742,48.26334762573242,23.297138214111328,11.640875816345215,50.717308044433594,105.11720275878906
2020-11-04,16.192201614379883,201.5528564453125,36.720577239990234,23.382110595703125,12.013373374938965,125.95104217529297,64.5196533203125,122.58248138427734,52.03093719482422,74.848876953125,106.19000244140625,696.200439453125,8.92898178100586,24.788869857788086,79.77999877929688,63.7837028503418,42.83946990966797,16.610000610351562,206.55999755859375,21.683692932128906,48.18273162841797,23.275550842285156,10.95992660522461,48.98118591308594,106.34516906738281
2020-11-05,17.028600692749023,203.9759063720703,38.545494079589844,24.12141990661621,12.024767875671387,126.564697265625,64.8629150390625,122.16838073730469,53.82083511352539,75.38493347167969,120.26000213623047,699.568359375,9.056734085083008,25.287931442260742,86.9000015258789,65.02774047851562,43.40470504760742,18.84000015258789,233.6300048828125,21.635326385498047,48.51329040527344,23.347524642944336,11.925421714782715,48.8608512878418,109.68074798583984
2020-11-06,16.57386016845703,205.8717803955078,39.00568389892578,24.345293045043945,11.880439758300781,127.45809173583984,65.29981231689453,121.48094940185547,54.0874137878418,74.76084899902344,122.52999877929688,711.5166015625,8.94243049621582,25.152894973754883,88.2699966430664,65.87157440185547,42.790626525878906,18.860000610351562,237.50999450683594,21.4982967376709,48.34397506713867,23.369117736816406,12.035313606262207,47.7005729675293,109.30503845214844
2020-11-09,17.028600692749023,202.3265380859375,38.52433395385742,25.891603469848633,13.733911514282227,125.67909240722656,65.5494384765625,114.47438049316406,53.801795959472656,76.32904815673828,117.08000183105469,665.6758422851562,9.6685791015625,25.434711456298828,86.11000061035156,65.68887329101562,42.797603607177734,20.309999465942383,232.52000427246094,24.36795425415039,50.24678039550781,26.938894271850586,11.713482856750488,57.92894744873047,110.84455108642578
2020-11-10,16.90679931640625,197.56552124023438,37.39236068725586,26.547616958618164,14.508720397949219,124.62259674072266,66.90695190429688,112.4866714477539,54.03029251098633,77.72119140625,109.38999938964844,650.9508056640625,10.01821231842041,25.2409610748291,80.75,66.1064453125,43.75362777709961,20.010000228881836,225.50999450683594,25.60126304626465,51.738372802734375,28.119218826293945,11.85673713684082,58.95439147949219,113.06214904785156
2020-11-11,17.28845977783203,202.7261199951172,39.16437530517578,26.4747257232666,14.341602325439453,127.9009017944336,66.84453582763672,116.76847839355469,56.70562744140625,77.85722351074219,120.43000030517578,681.4754638671875,9.870291709899902,25.740028381347656,84.19999694824219,67.4548568725586,44.1932487487793,23.0,235.19000244140625,25.303010940551758,51.53681182861328,27.421106338500977,12.160906791687012,56.93826675415039,112.53067779541016
2020-11-12,16.679428100585938,202.35208129882812,38.952789306640625,26.1467227935791,13.885835647583008,129.69541931152344,65.98635864257812,117.10801696777344,56.10581970214844,76.16422271728516,117.20999908447266,680.9918823242188,9.680868148803711,25.07069206237793,81.4000015258789,66.69801330566406,43.50938415527344,23.450000762939453,227.1999969482422,24.955123901367188,51.21430206298828,26.931697845458984,12.215852737426758,55.25236511230469,110.96369171142578
2020-11-13,16.947402954101562,206.6709442138672,38.83113098144531,26.558029174804688,14.280834197998047,130.51885986328125,66.2594223022461,119.7996826171875,56.0344123840332,76.75414276123047,116.58999633789062,681.4396362304688,9.843233108520508,25.410165786743164,79.94999694824219,67.15039825439453,43.92110061645508,23.43000030517578,221.60000610351562,25.427669525146484,52.045074462890625,27.92490005493164,12.21389102935791,56.98171615600586,111.7242660522461
2020-11-16,17.320940017700195,203.27020263671875,37.74675369262695,27.38064956665039,15.010069847106934,128.5068359375,67.14881896972656,117.60496520996094,55.18230438232422,76.77839660644531,119.93000030517578,676.3164672851562,10.33031940460205,25.676769256591797,80.20999908447266,67.63753509521484,43.4744873046875,25.0,228.27999877929688,27.048978805541992,52.2242546081543,29.299549102783203,12.03335189819336,57.72039031982422,111.78842163085938
2020-11-17,17.33717918395996,203.34674072265625,38.27043151855469,27.167179107666016,15.230358123779297,129.22154235839844,65.66647338867188,117.95281982421875,55.54409408569336,75.0894546508789,125.12000274658203,675.19287109375,10.411499977111816,25.51680564880371,81.4800033569336,66.64583587646484,43.03486251831055,22.979999542236328,233.17999267578125,27.49707794189453,50.790775299072266,29.774566650390625,12.068674087524414,57.31194305419922,111.15612030029297
2020-11-18,17.353425979614258,202.08848571777344,37.95833206176758,26.958925247192383,14.858146667480469,132.5697479248047,63.35720443725586,117.93623352050781,54.354000091552734,73.96617126464844,124.91999816894531,660.0383911132812,10.303257942199707,25.2976016998291,81.98999786376953,65.93246459960938,43.13953399658203,23.219999313354492,232.82000732421875,26.87788963317871,50.31837463378906,29.227581024169922,12.068674087524414,55.4696159362793,110.45050811767578
2020-11-19,16.95551872253418,202.70912170410156,37.810237884521484,26.97974395751953,14.835362434387207,130.5810546875,62.225975036621094,118.43315887451172,55.939205169677734,74.10356140136719,128.88999938964844,656.685791015625,10.20854663848877,25.090242385864258,84.05999755859375,65.35831451416016,43.19536590576172,23.790000915527344,244.0500030517578,27.032682418823242,49.74009704589844,29.659414291381836,12.467039108276367,56.66017150878906,110.49633026123047
2020-11-20,16.581979751586914,197.80355834960938,38.30216598510742,26.797521591186523,14.804970741271973,129.71096801757812,61.35997009277344,118.1847152709961,57.4482421875,74.814697265625,129.58999633789062,654.4656982421875,10.195013999938965,24.805866241455078,84.69000244140625,65.72367095947266,43.03486251831055,24.360000610351562,257.989990234375,27.42375373840332,49.58535385131836,29.738584518432617,12.973334312438965,56.06056213378906,110.28556823730469
2020-11-23,16.61446189880371,194.61538696289062,39.08503341674805,26.833972930908203,15.503822326660156,129.23707580566406,61.67204284667969,115.92371368408203,56.79131317138672,75.42076873779297,134.42999267578125,639.49072265625,10.614453315734863,24.628131866455078,86.91999816894531,64.87114715576172,42.74875259399414,26.8700008392334,264.79998779296875,28.68657684326172,49.23512268066406,31.221193313598633,12.765321731567383,55.33926773071289,110.06564331054688
2020-11-24,17.174776077270508,193.89273071289062,40.75655746459961,27.125530242919922,16.605274200439453,127.59791564941406,61.92949676513672,109.81985473632812,54.0874137878418,77.78853607177734,136.02000427246094,622.3410034179688,11.209782600402832,25.327220916748047,90.41000366210938,65.22782135009766,42.67897415161133,26.719999313354492,268.9700012207031,30.234567642211914,49.83782958984375,32.75417709350586,12.410128593444824,56.89480972290039,110.35888671875
2020-11-25,17.036725997924805,198.0926055908203,41.98374938964844,26.88082504272461,16.263442993164062,128.1494903564453,61.95289611816406,112.42870330810547,55.567893981933594,77.69962310791016,139.07000732421875,623.383544921875,10.945944786071777,25.013227462768555,92.44999694824219,66.39898681640625,42.55028533935547,26.15999984741211,275.9700012207031,29.607223510742188,49.5934944152832,32.20720672607422,12.46507740020752,56.712337493896484,109.63494110107422
2020-11-27,17.08544921875,199.01930236816406,41.43804168701172,26.452484130859375,16.027956008911133,129.8663330078125,61.66425704956055,113.24034118652344,57.46728515625,76.44707489013672,140.55999755859375,629.6575317382812,11.06095027923584,24.728849411010742,94.69999694824219,65.66482543945312,41.59050750732422,26.239999771118164,288.2300109863281,29.550189971923828,49.39802932739258,32.48789596557617,12.93016242980957,56.08662033081055,109.22256469726562
2020-11-30,16.598224639892578,196.5623016357422,42.09757614135742,26.17917823791504,14.858146667480469,130.1770477294922,61.235137939453125,111.6004867553711,57.10073471069336,74.87933349609375,136.57000732421875,627.2036743164062,10.377674102783203,24.331905364990234,93.43000030517578,64.31883239746094,40.29658126831055,26.389999389648438,277.9800109863281,27.57040786743164,48.746437072753906,30.328746795654297,13.289278030395508,54.730953216552734,109.16761016845703
2020-12-01,16.728151321411133,200.4986572265625,39.6243782043457,26.074060440063477,15.374687194824219,132.6863250732422,62.538028717041016,111.91520690917969,57.457767486572266,75.36419677734375,128.85000610351562,640.4974975585938,10.634747505187988,24.43854522705078,91.05999755859375,64.80829620361328,40.765811920166016,24.469999313354492,274.07000732421875,28.56437873840332,49.332862854003906,31.25718116760254,13.255918502807617,55.17416000366211,109.63494110107422
2020-12-02,17.182891845703125,194.60687255859375,39.32651901245117,26.142383575439453,16.005168914794922,129.60997009277344,62.63164520263672,109.45543670654297,55.02045440673828,75.85714721679688,127.93000030517578,620.7589111328125,10.898588180541992,24.628131866455078,90.48999786376953,64.9481201171875,41.156829833984375,24.06999969482422,273.5,29.647958755493164,50.39982604980469,31.53786277770996,13.218631744384766,54.29643630981445,107.33483123779297
2020-12-03,17.182891845703125,192.32839965820312,39.09782028198242,26.31056785583496,16.22545623779297,130.07606506347656,61.64874267578125,110.68943786621094,54.36351776123047,74.62882995605469,127.66999816894531,622.5838012695312,10.878293991088867,24.320056915283203,88.91999816894531,64.10909271240234,40.936439514160156,23.850000381469727,272.3299865722656,29.908668518066406,50.39982604980469,31.559465408325195,12.708412170410156,54.9134407043457,107.84580993652344
2020-12-04,17.10980987548828,194.41131591796875,38.79996109008789,26.888708114624023,16.916717529296875,127.01527404785156,59.66716003417969,112.19680786132812,53.792274475097656,73.65910339355469,130.4600067138672,636.6774291992188,11.318022727966309,24.248964309692383,89.26000213623047,63.383636474609375,40.67338562011719,24.850000381469727,271.9700012207031,31.147058486938477,50.10661697387695,32.99888610839844,12.961560249328613,55.79115295410156,108.21408081054688
2020-12-07,16.947402954101562,190.67051696777344,37.831966400146484,26.978059768676758,16.46854019165039,126.19956970214844,59.871612548828125,111.99800109863281,53.69706726074219,74.24093627929688,129.32000732421875,626.9878540039062,11.175959587097168,24.40892219543457,88.75,64.03915405273438,40.772911071777344,24.75,278.32000732421875,30.48712730407715,50.27765655517578,31.99848175048828,13.199007987976074,57.11207962036133,107.5051498413086
2020-12-08,17.207256317138672,190.10940551757812,37.736228942871094,27.146249771118164,16.552099227905273,125.32952880859375,58.778602600097656,110.45756530761719,54.268310546875,73.95002746582031,134.74000549316406,624.947509765625,11.209782600402832,24.480022430419922,89.88999938964844,64.39749145507812,41.39855194091797,28.739999771118164,284.8599853515625,30.462688446044922,49.68307876586914,32.1136360168457,13.23629379272461,56.44292449951172,107.48677825927734
2020-12-09,16.9311580657959,186.5641326904297,37.1298942565918,27.277639389038086,16.635650634765625,123.04554748535156,58.42475509643555,107.45947265625,54.3825569152832,73.85304260253906,127.26000213623047,609.7752685546875,11.338318824768066,24.343753814697266,86.22000122070312,64.38876342773438,42.80623245239258,26.739999771118164,271.760009765625,30.617494583129883,49.49575424194336,32.18560791015625,13.21470832824707,56.503753662109375,107.3302230834961
2020-12-10,16.9311580657959,186.53863525390625,37.25222396850586,27.472103118896484,17.02305793762207,122.13667297363281,58.44047927856445,107.38493347167969,55.553611755371094,74.15202331542969,131.2100067138672,617.4961547851562,11.453328132629395,24.40892219543457,86.54000091552734,64.04788970947266,42.10240173339844,27.190000534057617,273.4800109863281,31.301856994628906,49.27584457397461,32.85495376586914,13.049867630004883,55.64342498779297,105.82035827636719
2020-12-11,17.174776077270508,186.88722229003906,37.46498107910156,27.204059600830078,16.734407424926758,122.49398803710938,58.90442657470703,107.89012145996094,55.344154357910156,73.9742660522461,139.91000366210938,619.1769409179688,11.412734031677246,24.403003692626953,86.37000274658203,64.50239562988281,41.12128448486328,26.770000457763672,291.510009765625,30.804872512817383,49.210693359375,32.50948715209961,13.322639465332031,55.83461380004883,106.25306701660156
2020-12-14,17.29657554626465,184.25161743164062,39.38768005371094,26.988567352294922,16.22545623779297,121.58521270751953,58.558448791503906,107.00460815429688,55.7630729675293,73.64292907714844,145.07000732421875,620.2286376953125,11.216546058654785,24.325984954833984,86.58999633789062,64.28389739990234,41.43410110473633,25.700000762939453,293.32000732421875,29.672399520874023,48.59169006347656,31.75377655029297,13.47570514678955,54.9568977355957,105.67304992675781
2020-12-15,18.09238624572754,184.7022247314453,40.73598098754883,27.004335403442383,16.666034698486328,121.75756072998047,59.352630615234375,107.5977554321289,55.467926025390625,74.43487548828125,160.4600067138672,625.271240234375,11.46009349822998,25.3094482421875,91.26000213623047,65.47254943847656,41.60472869873047,28.469999313354492,313.7699890136719,30.617494583129883,49.569061279296875,32.31515121459961,13.707268714904785,57.24241638183594,107.51436614990234
2020-12-16,17.783809661865234,186.71714782714844,39.459495544433594,26.736291885375977,16.58248519897461,120.74691772460938,59.10886001586914,108.24934387207031,56.17245864868164,73.22271728515625,163.30999755859375,620.3724975585938,11.378911018371582,25.14356231689453,91.7699966430664,65.0617446899414,41.597618103027344,28.459999084472656,309.7200012207031,30.821165084838867,49.21883773803711,31.782567977905273,13.874069213867188,57.78122329711914,106.86990356445312
2020-12-17,17.93809700012207,189.34425354003906,40.77587127685547,26.888708114624023,16.635650634765625,122.02394104003906,59.70647430419922,111.88327026367188,57.867156982421875,73.95806884765625,163.52000427246094,640.641357421875,11.419498443603516,25.267974853515625,92.31999969482422,65.60363006591797,42.24457931518555,30.56999969482422,305.70001220703125,31.04114532470703,49.74009704589844,31.83295440673828,14.16450309753418,57.31194305419922,108.18645477294922
2020-12-18,18.30352020263672,188.33255004882812,41.76515579223633,26.452484130859375,16.514114379882812,120.50399017333984,59.26613998413086,111.95846557617188,57.92428207397461,72.98836517333984,164.41000366210938,637.9359741210938,11.358614921569824,25.220582962036133,93.58999633789062,65.12293243408203,41.38433074951172,31.6299991607666,314.5,30.389362335205078,48.98263931274414,31.35793685913086,14.38429069519043,55.634727478027344,108.09439086914062
2020-12-21,18.368480682373047,186.85317993164062,42.64274215698242,26.252758026123047,15.708924293518066,120.07311248779297,58.59775161743164,112.48474884033203,58.95252227783203,72.0024642944336,170.77999877929688,633.1451416015625,10.973002433776855,24.59258460998535,96.41000366210938,65.02678680419922,40.623619079589844,32.369998931884766,318.6199951171875,28.955442428588867,48.86861038208008,30.61663818359375,14.690422058105469,54.44417953491211,107.26579284667969
2020-12-22,18.53089141845703,187.45684814453125,45.99352264404297,26.03727149963379,15.55699348449707,120.25333404541016,57.795684814453125,115.73439025878906,60.92332077026367,72.34996795654297,177.27000427246094,641.2706298828125,10.749755859375,24.740699768066406,105.16000366210938,65.2977294921875,40.37479019165039,35.689998626708984,322.5199890136719,28.46660614013672,48.64055252075195,30.364730834960938,15.07701301574707,54.46155548095703,108.56391906738281
2020-12-23,19.074960708618164,184.82977294921875,46.43231201171875,26.373638153076172,16.111515045166016,119.44633483886719,58.220298767089844,114.27246856689453,61.88111114501953,71.9539794921875,180.32000732421875,631.95849609375,11.047420501708984,24.71107292175293,101.83000183105469,64.96561431884766,41.107059478759766,36.13999938964844,323.9800109863281,29.28133201599121,48.36362838745117,31.278762817382812,14.96123218536377,54.192161560058594,107.02642822265625
2020-12-24,18.896310806274414,186.93289184570312,46.72749710083008,26.399917602539062,15.997572898864746,120.65287780761719,58.369720458984375,114.80712890625,62.00773239135742,72.46309661865234,181.38999938964844,634.5291137695312,11.02035903930664,24.782167434692383,102.4000015258789,65.53373718261719,41.156829833984375,35.58000183105469,324.0899963378906,29.19171714782715,48.7056999206543,31.278762817382812,14.955344200134277,55.200218200683594,107.71691131591797
2020-12-28,18.920673370361328,189.0019073486328,46.528045654296875,26.131874084472656,15.944400787353516,122.4156494140625,57.95294952392578,115.79289245605469,66.19591522216797,72.93179321289062,175.49000549316406,638.0706787109375,11.101540565490723,25.00730323791504,101.19000244140625,65.97946166992188,41.23503112792969,33.56999969482422,318.4100036621094,29.24874496459961,48.8604736328125,31.106046676635742,15.771696090698242,54.722259521484375,108.7204360961914
2020-12-29,18.92879295349121,188.4974365234375,46.934932708740234,26.121366500854492,16.005168914794922,122.07095336914062,58.0944938659668,115.28327941894531,66.55008697509766,72.61662292480469,170.1999969482422,637.0819702148438,11.29096508026123,24.782167434692383,96.9800033569336,65.83963775634766,42.10950469970703,32.459999084472656,307.9700012207031,29.444278717041016,48.92561721801758,31.178007125854492,15.677502632141113,54.904754638671875,107.55119323730469
2020-12-30,18.498409271240234,188.3777618408203,46.32062911987305,26.137126922607422,15.97479248046875,122.525390625,58.236026763916016,115.57568359375,65.29810333251953,73.18231201171875,172.92999267578125,629.5496826171875,11.2977294921875,24.841411590576172,100.33999633789062,66.3465576171875,41.91754913330078,34.189998626708984,319.1000061035156,29.354652404785156,49.36543655395508,31.293880462646484,15.520511627197266,55.44355392456055,107.65247344970703
2020-12-31,19.083080291748047,191.90011596679688,46.488162994384766,25.963685989379883,15.587384223937988,124.71903228759766,59.13245391845703,116.54471588134766,65.0743637084961,73.99042510986328,175.47000122070312,641.9357299804688,11.108306884765625,25.013227462768555,98.91999816894531,67.4303207397461,41.96731185913086,33.90999984741211,319.1199951171875,28.629552841186523,50.03330993652344,30.73650550842285,15.351747512817383,56.15614318847656,108.57312774658203
2021-01-04,18.871952056884766,187.74513244628906,46.23286056518555,26.0109920501709,15.822861671447754,121.43632507324219,58.102359771728516,113.0193862915039,68.6541748046875,72.49542999267578,172.24000549316406,622.5027465820312,11.412734031677246,24.39115333557129,101.23999786376953,64.86946105957031,42.45786666870117,32.16999816894531,311.3500061035156,29.354652404785156,48.34733581542969,31.081205368041992,15.846268653869629,53.531707763671875,105.7190933227539
2021-01-05,19.50535011291504,188.69406127929688,47.900272369384766,25.96894073486328,17.000268936157227,121.91426086425781,57.40251159667969,111.07295227050781,68.2638168334961,72.5277328491211,181.47999572753906,621.5858764648438,11.663044929504395,24.355607986450195,92.16000366210938,65.35018157958984,42.19481658935547,32.54999923706055,316.80999755859375,31.375185012817383,48.66498565673828,31.887935638427734,15.80702018737793,53.84455871582031,106.06895446777344
2021-01-06,20.284912109375,183.7183380126953,48.251304626464844,25.76397132873535,17.782676696777344,118.63938903808594,58.62919235229492,110.3628921508789,70.88202667236328,73.46514892578125,203.3800048828125,601.2901000976562,12.102777481079102,25.14948272705078,99.69000244140625,68.54907989501953,42.54317855834961,35.0,348.1300048828125,32.82539749145508,49.85411834716797,33.39873123168945,16.741117477416992,56.12139129638672,108.41661834716797
2021-01-07,20.081897735595703,185.94976806640625,48.921470642089844,25.8112735748291,18.162487030029297,119.43853759765625,57.37105941772461,111.615966796875,71.49136352539062,72.64087677001953,213.75999450683594,610.2872924804688,12.366616249084473,24.90065574645996,105.5,69.30073547363281,42.393882751464844,47.290000915527344,365.9700012207031,32.86613082885742,49.797115325927734,33.87543487548828,16.964828491210938,55.009033203125,108.68360900878906
2021-01-08,20.642208099365234,189.96795654296875,49.783103942871094,26.363126754760742,18.534700393676758,120.69988250732422,57.559783935546875,111.60761260986328,71.02484130859375,72.77017974853516,207.41000366210938,622.412841796875,12.515448570251465,25.00730323791504,104.0999984741211,70.908935546875,42.493408203125,53.779998779296875,356.1099853515625,32.78466796875,50.14733123779297,33.662750244140625,16.909881591796875,54.47024917602539,109.1899642944336
2021-01-11,20.674692153930664,183.74400329589844,47.32585525512695,26.610149383544922,18.519506454467773,119.91642761230469,57.14303207397461,109.66116333007812,67.3498306274414,72.15599822998047,201.67999267578125,613.3612670898438,12.56956958770752,24.799943923950195,103.76000213623047,69.65035247802734,42.12372970581055,53.970001220703125,352.04998779296875,32.800960540771484,49.85411834716797,33.15670394897461,16.4251708984375,53.16671371459961,107.75373077392578
2021-01-12,21.12944221496582,183.73544311523438,47.43754959106445,26.762571334838867,18.998065948486328,117.87944030761719,56.24660110473633,109.86164093017578,65.45519256591797,71.86510467529297,206.49000549316406,608.09423828125,12.907820701599121,24.930280685424805,104.31999969482422,69.7027816772461,41.68293380737305,66.0199966430664,346.29998779296875,33.558650970458984,47.90752410888672,33.14204025268555,15.49303913116455,53.088504791259766,107.16454315185547
2021-01-13,21.827791213989258,185.06056213378906,47.525299072265625,26.610149383544922,18.8233585357666,119.62655639648438,56.80490493774414,111.23167419433594,62.76559066772461,73.99042510986328,203.69000244140625,620.3094482421875,12.968709945678711,25.356842041015625,104.18000030517578,71.52946472167969,42.57161331176758,69.5,335.3999938964844,33.12685775756836,48.632415771484375,33.43539810180664,15.620594024658203,55.45222854614258,106.9896011352539
2021-01-14,22.29066276550293,183.8038330078125,46.240840911865234,27.514144897460938,19.34749412536621,121.24828338623047,55.8455810546875,111.48226928710938,61.732582092285156,74.07123565673828,208.8300018310547,619.9052124023438,13.334025382995605,25.226505279541016,106.04000091552734,72.13252258300781,42.44364929199219,66.54000091552734,335.3999938964844,33.93342971801758,48.08671188354492,33.69208526611328,15.516587257385254,55.234981536865234,105.5441665649414
2021-01-15,22.412473678588867,187.99305725097656,46.28871154785156,28.092288970947266,18.428356170654297,123.1991195678711,56.679073333740234,114.01351165771484,60.371116638183594,74.43487548828125,190.58999633789062,636.1652221679688,13.002535820007324,25.68861198425293,96.58000183105469,71.70427703857422,42.280128479003906,60.13999938964844,282.260009765625,32.743927001953125,48.59169006347656,32.43798065185547,14.659024238586426,55.83461380004883,105.61781311035156
2021-01-19,22.7860107421875,185.419677734375,47.59710693359375,27.90308380126953,18.724605560302734,124.8757553100586,55.798404693603516,115.27495574951172,62.056297302246094,73.03684997558594,201.27999877929688,643.8592529296875,13.401679039001465,25.368694305419922,100.23999786376953,72.37727355957031,42.500518798828125,66.47000122070312,295.04998779296875,33.11871337890625,49.731956481933594,32.98802185058594,15.234004020690918,53.010284423828125,105.88480377197266
2021-01-20,22.7535343170166,190.4638214111328,47.030677795410156,28.1816349029541,18.846145629882812,124.61721801757812,56.28590774536133,117.55554962158203,63.313026428222656,73.36009216308594,199.39999389648438,654.1240234375,13.306965827941895,25.504955291748047,101.75,73.46104431152344,42.42231369018555,62.5,297.17999267578125,33.208316802978516,49.39802932739258,33.19337463378906,15.249701499938965,53.992286682128906,105.921630859375
2021-01-21,22.152618408203125,189.96795654296875,47.525299072265625,28.097543716430664,18.246044158935547,124.83657836914062,56.45892333984375,117.97323608398438,64.76970672607422,72.87522888183594,212.08999633789062,647.0770874023438,13.212255477905273,25.4871826171875,107.52999877929688,73.16389465332031,42.47919464111328,63.689998626708984,317.17999267578125,32.38545227050781,48.770877838134766,32.40864181518555,16.050355911254883,53.74895477294922,105.48892211914062
2021-01-22,22.006450653076172,191.4384765625,46.80727767944336,27.7979679107666,18.132104873657227,124.50750732421875,56.844215393066406,117.33837127685547,65.21717834472656,72.96411895751953,212.07000732421875,648.2096557617188,13.022832870483398,25.202808380126953,106.66999816894531,73.60089111328125,42.699588775634766,66.87000274658203,321.1199951171875,32.00252151489258,48.98263931274414,32.59199523925781,15.836455345153809,54.80916976928711,106.20703887939453
2021-01-25,21.29996681213379,194.5076904296875,46.4004020690918,27.713871002197266,17.52440643310547,126.05088806152344,57.842864990234375,119.151123046875,64.49359893798828,75.08135986328125,202.72999572753906,650.0072021484375,12.738700866699219,25.682693481445312,104.94000244140625,75.92577362060547,43.23991394042969,65.72000122070312,310.1199951171875,31.138912200927734,49.69938278198242,31.84392547607422,15.538174629211426,54.36595916748047,105.12986755371094
2021-01-26,19.943851470947266,198.59426879882812,44.756919860839844,28.27098274230957,17.494020462036133,128.05657958984375,57.9057731628418,121.84107208251953,63.332069396972656,75.0894546508789,187.33999633789062,660.8653564453125,12.427502632141113,25.386465072631836,104.69000244140625,74.49240112304688,43.183040618896484,73.18000030517578,296.67999267578125,31.277416229248047,48.61612319946289,31.946609497070312,15.120185852050781,53.69682693481445,104.90889739990234
2021-01-27,18.644575119018555,195.83287048339844,43.544254302978516,28.218427658081055,17.266138076782227,125.2596435546875,57.465423583984375,124.61457824707031,59.87603759765625,74.11162567138672,179.02000427246094,657.683349609375,12.075716018676758,24.30228614807129,102.80999755859375,70.08734893798828,42.344120025634766,64.41999816894531,285.510009765625,30.94337272644043,47.679473876953125,31.506568908691406,14.1880521774292,51.958770751953125,102.15614318847656
2021-01-28,20.067710876464844,195.19166564941406,44.78086471557617,27.71912956237793,17.36489486694336,123.8885498046875,57.14303207397461,121.02239227294922,62.056297302246094,73.9257583618164,193.74000549316406,663.552734375,12.244842529296875,24.906579971313477,105.0999984741211,72.07137298583984,42.002864837646484,65.27999877929688,309.739990234375,31.155202865600586,48.08671188354492,31.902603149414062,14.657061576843262,53.6881217956543,103.21488952636719
2021-01-29,19.936920166015625,194.37945556640625,44.63726043701172,27.41954803466797,16.87873077392578,124.77388763427734,57.316017150878906,120.25384521484375,60.17118453979492,75.96218872070312,182.35000610351562,665.1078491210938,11.994535446166992,24.622209548950195,99.1500015258789,70.68167877197266,41.29191207885742,63.16999816894531,288.3299865722656,30.05532455444336,47.98897171020508,30.861194610595703,14.109557151794434,52.66267395019531,102.48756408691406
2021-02-01,20.280242919921875,201.39852905273438,44.79681396484375,27.466848373413086,16.871135711669922,128.6990509033203,57.150882720947266,123.81260681152344,61.40888214111328,75.28339385986328,186.33999633789062,680.17236328125,12.170427322387695,24.930280685424805,98.30999755859375,71.40709686279297,42.0810661315918,63.849998474121094,300.82000732421875,29.835344314575195,48.143733978271484,30.8758487701416,14.19982624053955,54.322509765625,103.19647979736328
2021-02-02,21.04861831665039,201.89439392089844,44.64523696899414,28.20791244506836,15.762092590332031,129.7488250732422,57.2216682434082,124.1467514038086,61.86587905883789,75.23490905761719,192.6300048828125,690.8237915039062,12.265138626098633,25.386465072631836,97.29000091552734,72.48216247558594,42.116615295410156,64.25,307.04998779296875,29.46871566772461,48.57539367675781,30.824514389038086,14.354853630065918,54.02703857421875,104.0342788696289
2021-02-03,21.13035774230957,198.61143493652344,43.8474235534668,28.081783294677734,16.15709686279297,127.82938385009766,57.064388275146484,123.06912231445312,60.78050994873047,75.4692611694336,196.33999633789062,678.527587890625,12.366616249084473,25.16726303100586,98.94000244140625,72.58704376220703,42.42231369018555,67.37999725341797,307.0799865722656,30.05532455444336,48.4206428527832,31.132543563842773,14.702197074890137,53.957515716552734,103.31616973876953
2021-02-04,21.391931533813477,198.5173797607422,43.23310470581055,28.44443130493164,15.944400787353516,127.80585479736328,57.15874099731445,121.17278289794922,58.45744705200195,76.24503326416016,195.6300048828125,671.354736328125,12.298965454101562,25.87227439880371,98.58999633789062,72.54334259033203,42.32278823852539,67.66999816894531,301.70001220703125,29.819049835205078,49.14553451538086,30.8758487701416,14.148804664611816,55.53914260864258,104.10794067382812
2021-02-05,21.955955505371094,199.19276428222656,45.07604217529297,28.355083465576172,15.807669639587402,127.1242904663086,57.98440170288086,121.5988540649414,59.152462005615234,76.56019592285156,193.1999969482422,677.98828125,12.373379707336426,25.87820053100586,97.4000015258789,73.06774139404297,41.690040588378906,65.7699966430664,308.239990234375,30.536014556884766,49.58535385131836,31.03719711303711,14.18020248413086,55.634727478027344,104.70637512207031
2021-02-08,22.62623405456543,199.0217742919922,45.42708206176758,28.218427658081055,16.734407424926758,126.05875396728516,58.055171966552734,122.27549743652344,56.43904495239258,75.63896179199219,197.8699951171875,671.8042602539062,12.495153427124023,25.91374969482422,100.33000183105469,72.89293670654297,41.40566635131836,66.19000244140625,318.8299865722656,31.3914737701416,49.463172912597656,31.909929275512695,13.970226287841797,54.93083572387695,105.30479431152344
2021-02-09,22.814247131347656,198.05567932128906,42.850162506103516,27.945133209228516,16.506519317626953,128.47964477539062,57.489009857177734,123.83763885498047,54.296875,75.41268157958984,200.10000610351562,674.5546875,12.481622695922852,25.813030242919922,101.8499984741211,73.26876831054688,42.14504623413086,67.4800033569336,325.9200134277344,31.147058486938477,49.38986587524414,30.941858291625977,13.650357246398926,54.94820785522461,104.5406723022461
2021-02-10,22.593547821044922,198.05567932128906,41.51782989501953,27.624526977539062,16.392574310302734,127.7667007446289,57.47329330444336,123.24452209472656,52.49745178222656,75.71975708007812,202.07000732421875,675.0311889648438,12.211018562316895,25.664913177490234,99.87999725341797,73.33869171142578,42.03840637207031,64.33000183105469,320.3999938964844,31.236679077148438,49.62607192993164,31.051870346069336,13.057717323303223,56.42554473876953,104.66954040527344
2021-02-11,22.887815475463867,194.77272033691406,40.089759826660156,26.84666633605957,16.233051300048828,126.92058563232422,57.44970703125,120.98065185546875,53.83987808227539,73.82951354980469,199.0800018310547,645.0997314453125,12.163373947143555,25.321300506591797,99.58999633789062,73.37364196777344,42.03840637207031,63.9900016784668,330.7799987792969,30.405654907226562,49.919288635253906,30.905187606811523,13.883881568908691,57.729068756103516,104.23683166503906
2021-02-12,23.321046829223633,194.23411560058594,40.31313705444336,26.59438705444336,16.643247604370117,128.84788513183594,56.51396179199219,117.00421905517578,53.94936752319336,73.33960723876953,206.50999450683594,638.0077514648438,12.231436729431152,25.00730323791504,100.75,72.65695190429688,42.10950469970703,63.189998626708984,330.8900146484375,31.375185012817383,49.46659851074219,31.367223739624023,13.860333442687988,58.66761779785156,104.26445770263672
2021-02-16,23.63166618347168,192.34466552734375,38.72550964355469,26.715269088745117,17.607967376708984,126.88925170898438,55.93207550048828,114.614990234375,53.39240264892578,72.16385650634766,193.5,618.4849243164062,12.510506629943848,24.871034622192383,98.70999908447266,70.96137237548828,42.03840637207031,59.0,331.3500061035156,32.711341857910156,48.80813980102539,32.37931442260742,14.521657943725586,58.37214279174805,103.66603088378906
2021-02-17,23.509056091308594,193.4817657470703,38.54200744628906,27.051639556884766,17.91181182861328,127.80585479736328,56.9228401184082,115.51720428466797,53.42763137817383,72.8333740234375,189.33999633789062,624.1836547851562,12.490086555480957,24.983598709106445,95.83999633789062,70.51563262939453,42.86310577392578,56.22999954223633,334.79998779296875,33.04538345336914,48.783447265625,33.03935623168945,14.18020248413086,58.476436614990234,103.30696868896484
2021-02-18,22.732505798339844,195.14889526367188,38.47818374633789,27.261873245239258,17.29203987121582,129.19261169433594,57.17447280883789,115.23318481445312,51.897640228271484,73.10283660888672,180.83999633789062,616.2107543945312,12.136144638061523,25.2976016998291,91.37999725341797,70.55931091308594,42.42942810058594,50.22999954223633,316.0899963378906,32.1031494140625,49.260826110839844,32.30596923828125,13.838747024536133,59.24117660522461,104.43016815185547
2021-02-19,23.141216278076172,193.53306579589844,39.24407958984375,27.960901260375977,17.60770606994629,129.89768981933594,55.947792053222656,113.98844909667969,52.60218048095703,72.20467376708984,189.74000549316406,611.4109497070312,12.176986694335938,24.51556396484375,90.95999908447266,68.26063537597656,42.002864837646484,55.88999938964844,321.989990234375,32.48923873901367,48.816368103027344,32.980690002441406,13.550276756286621,59.96897506713867,102.7729721069336
2021-02-22,22.070392608642578,192.42164611816406,36.87459182739258,28.097543716430664,18.192829132080078,129.52162170410156,55.963523864746094,114.94912719726562,50.66946792602539,72.13935089111328,167.86000061035156,599.833984375,12.517314910888672,24.053455352783203,86.61000061035156,65.63861846923828,41.46253967285156,48.599998474121094,288.70001220703125,33.20391845703125,48.799903869628906,33.40605926513672,13.065567016601562,61.284271240234375,101.78790283203125
2021-02-23,22.250225067138672,190.7972412109375,37.70431137084961,27.829498291015625,18.654769897460938,126.63851928710938,56.647640228271484,114.69854736328125,51.43112564086914,72.7027359008789,170.88999938964844,594.7335205078125,12.871256828308105,24.171945571899414,86.97000122070312,65.2977294921875,41.99575424194336,46.58000183105469,295.5799865722656,33.737876892089844,48.49536895751953,34.572147369384766,12.69467544555664,61.90684509277344,101.19866180419922
2021-02-24,22.887815475463867,192.1737060546875,37.2814826965332,27.77168846130371,19.47856903076172,126.2938232421875,55.963523864746094,112.90245056152344,51.55489730834961,71.31466674804688,180.8699951171875,576.8414306640625,13.36133098602295,23.810548782348633,88.02999877929688,64.46742248535156,41.63316345214844,50.15999984741211,308.1499938964844,34.81401062011719,48.05091094970703,34.953514099121094,12.196229934692383,64.53744506835938,102.99394226074219
2021-02-25,21.5390682220459,192.1480712890625,36.5539436340332,27.532873153686523,19.701839447021484,125.0480728149414,55.53889846801758,112.25086975097656,51.935726165771484,71.1350326538086,167.3699951171875,576.272705078125,13.531494140625,23.05813980102539,81.4000015258789,65.06928253173828,41.11418151855469,43.34000015258789,284.3299865722656,34.69078826904297,47.54060745239258,35.06352996826172,12.567120552062988,61.62626266479492,103.36219024658203
2021-02-26,21.71072769165039,184.77847290039062,37.08393096923828,27.03931427001953,18.79335594177246,122.02394104003906,53.722469329833984,112.55156707763672,51.35496139526367,69.88575744628906,176.05999755859375,585.2730102539062,12.905287742614746,22.868549346923828,81.0199966430664,64.55967712402344,39.73493194580078,48.380001068115234,298.30999755859375,33.70502471923828,46.68461608886719,34.029441833496094,12.333596229553223,59.53931427001953,102.09169006347656
2021-03-01,22.070392608642578,182.7608184814453,37.075904846191406,27.262210845947266,18.924240112304688,120.44133758544922,54.98847198486328,111.07295227050781,51.73579025268555,71.0697021484375,186.4499969482422,585.20068359375,13.102682113647461,23.28919219970703,84.88999938964844,66.69466400146484,40.69472122192383,52.459999084472656,307.95001220703125,33.6885871887207,47.55706787109375,34.2861328125,12.427791595458984,60.04789733886719,103.55552673339844
2021-03-02,21.915082931518555,178.5203094482422,36.90726852416992,27.10831069946289,19.070520401000977,119.99478149414062,54.88623809814453,109.53585815429688,50.525150299072266,71.2330093383789,171.69000244140625,577.7894287109375,13.109489440917969,23.28919219970703,83.19000244140625,66.36959075927734,41.24214553833008,48.779998779296875,291.5899963378906,34.11574935913086,47.59822463989258,34.44013977050781,12.168756484985352,60.170650482177734,105.25878143310547
2021-03-03,21.980478286743164,173.4761199951172,36.48165512084961,27.294052124023438,19.694137573242188,116.35954284667969,54.71323776245117,104.97462463378906,47.70321273803711,71.25750732421875,161.1199951171875,551.8721313476562,13.150327682495117,23.419530868530273,78.87999725341797,63.71621322631836,40.33924102783203,43.810001373291016,274.7300109863281,34.55112838745117,47.40068054199219,34.87284469604492,11.479959487915039,60.521400451660156,104.92732238769531
2021-03-04,21.15488052368164,172.00564575195312,34.843475341796875,27.04462242126465,20.040597915649414,116.83741760253906,53.95940399169922,107.76482391357422,47.09645462036133,70.59611511230469,149.8800048828125,544.85791015625,13.204780578613281,23.561721801757812,75.36000061035156,62.63554000854492,40.772911071777344,40.02000045776367,256.260009765625,34.855079650878906,47.25253677368164,35.43756103515625,11.305306434631348,61.143978118896484,106.35435485839844
2021-03-05,21.244794845581055,170.98828125,33.317726135253906,27.421422958374023,20.610328674316406,117.63656616210938,55.43535232543945,110.27098083496094,46.614891052246094,72.28630828857422,143.5500030517578,551.16796875,13.837794303894043,23.713069915771484,73.69999694824219,62.117156982421875,40.97198486328125,39.29999923706055,249.42999267578125,36.02157211303711,48.02622604370117,36.082942962646484,11.014873504638672,61.60871124267578,109.26361083984375
2021-03-08,21.48184585571289,169.84266662597656,33.125,27.416114807128906,20.43324851989746,114.98847198486328,57.13347625732422,110.4213638305664,46.08517837524414,73.66622924804688,132.05999755859375,537.0493774414062,13.531494140625,24.341190338134766,71.44999694824219,62.25774383544922,41.07862854003906,38.11000061035156,246.7100067138672,35.610836029052734,49.063289642333984,35.62090301513672,10.946188926696777,63.336143493652344,112.07162475585938
2021-03-09,22.503623962402344,173.29661560058594,35.40559768676758,27.739843368530273,20.102190017700195,118.3338394165039,57.87940216064453,112.84398651123047,49.581295013427734,74.26229095458984,148.6999969482422,562.1361694335938,13.531494140625,24.843685150146484,76.66999816894531,65.03411102294922,41.46253967285156,42.31999969482422,280.010009765625,35.48760986328125,48.89867401123047,35.38622283935547,11.950932502746582,63.80088806152344,110.11063385009766
2021-03-10,22.470930099487305,174.76708984375,35.012107849121094,27.867216110229492,20.5179386138916,119.0389633178711,58.09364318847656,113.06953430175781,49.06121063232422,74.13162994384766,152.42999267578125,576.5706787109375,14.02157211303711,25.04109764099121,75.72000122070312,65.42070007324219,41.690040588378906,42.83000183105469,279.6700134277344,36.456947326660156,49.20320129394531,36.383636474609375,11.970555305480957,64.86189270019531,112.03479766845703
2021-03-11,23.034948348999023,182.87197875976562,36.48970031738281,27.989276885986328,20.5179386138916,122.01610565185547,57.47469711303711,112.65186309814453,50.746665954589844,74.05001068115234,165.33999633789062,590.9149169921875,13.912667274475098,25.142789840698242,81.0199966430664,65.77214050292969,41.67581558227539,48.15999984741211,295.2300109863281,36.08728790283203,48.79167556762695,36.39829635620117,12.569084167480469,64.33575439453125,111.0033950805664
2021-03-12,23.255657196044922,183.98336791992188,36.465599060058594,28.233400344848633,20.756608963012695,125.39030456542969,58.35550308227539,113.0731430053711,49.937644958496094,74.62970733642578,164.7100067138672,603.0203857421875,14.076024055480957,25.4777889251709,81.94999694824219,66.48381042480469,41.88911437988281,47.25,291.4800109863281,36.43230056762695,49.25259780883789,36.86033248901367,12.461151123046875,64.99344635009766,112.6591796875
2021-03-15,23.296525955200195,186.79615783691406,37.15620040893555,27.962739944458008,20.394756317138672,127.65028381347656,59.14902877807617,113.81468963623047,49.85096740722656,75.38906860351562,174.16000366210938,604.419677734375,14.096444129943848,25.93840980529785,82.52999877929688,66.3520278930664,42.02418899536133,46.459999084472656,297.2099914550781,35.857276916503906,50.190895080566406,36.112281799316406,12.259026527404785,65.37047576904297,113.42697143554688
2021-03-16,22.797893524169922,190.51510620117188,37.373023986816406,27.904361724853516,20.079090118408203,130.42393493652344,58.95064163208008,114.32867431640625,50.717777252197266,75.95246124267578,166.30999755859375,606.0267944335938,13.762920379638672,25.93840980529785,82.45999908447266,66.22903442382812,42.216148376464844,42.68000030517578,285.6000061035156,35.159027099609375,50.41313552856445,35.672237396240234,12.249214172363281,63.932430267333984,113.69522094726562
2021-03-17,21.947778701782227,190.7972412109375,36.92332458496094,28.46160125732422,20.37935447692871,130.35279846191406,58.06189727783203,113.48603057861328,49.66797637939453,74.99716186523438,163.82000732421875,592.5940551757812,13.892245292663574,25.705110549926758,80.13999938964844,64.1028060913086,41.07152557373047,39.33000183105469,291.42999267578125,35.50404357910156,49.96043395996094,35.88492965698242,11.766467094421387,64.61638641357422,110.06910705566406
2021-03-18,21.252973556518555,190.23300170898438,35.670597076416016,27.745149612426758,19.563257217407227,130.53453063964844,58.32376480102539,113.04788970947266,48.58928680419922,75.38906860351562,148.47999572753906,583.9097900390625,13.327301979064941,25.543596267700195,77.61000061035156,62.494972229003906,41.27769088745117,36.36000061035156,266.489990234375,34.21432876586914,49.71352005004883,34.64548873901367,11.387725830078125,63.00294494628906,112.76094055175781
2021-03-19,21.506370544433594,189.67724609375,35.55014419555664,27.99989128112793,19.58635711669922,130.87432861328125,58.20473861694336,112.5001449584961,49.908756256103516,75.70751190185547,154.9499969482422,589.5338134765625,13.293266296386719,25.705110549926758,79.97000122070312,62.24016571044922,41.626060485839844,38.279998779296875,280.94000244140625,34.46898651123047,49.13737106323242,35.23953628540039,11.678160667419434,62.0120735168457,112.45568084716797
2021-03-22,21.220266342163086,193.0714111328125,36.409393310546875,28.021114349365234,19.51706314086914,132.6681365966797,58.32376480102539,115.061767578125,50.780372619628906,76.03414154052734,161.11000061035156,601.8379516601562,13.327301979064941,25.597429275512695,81.83000183105469,62.986976623535156,41.6971549987793,38.90999984741211,289.1700134277344,34.00075149536133,49.12914276123047,34.93885803222656,11.921494483947754,62.25761032104492,114.12073516845703
2021-03-23,20.909648895263672,196.5082550048828,36.36121368408203,28.16440200805664,18.52388572692871,133.30029296875,58.86336898803711,117.96886444091797,51.96019744873047,76.76899719238281,155.97000122070312,610.0346069335938,12.816805839538574,25.60341453552246,80.5199966430664,65.03411102294922,42.04551696777344,36.790000915527344,278.3699951171875,32.30851745605469,49.9028205871582,34.07758712768555,11.941120147705078,62.24882507324219,114.79600524902344
2021-03-24,20.966873168945312,194.07167053222656,35.55014419555664,28.80655860900879,19.05512237548828,132.50218200683594,58.84748840332031,118.0447006225586,49.96654510498047,77.07111358642578,147.97999572753906,597.9110717773438,13.306879997253418,25.681182861328125,80.72000122070312,63.988590240478516,42.03129577636719,33.20000076293945,267.5899963378906,33.14642333984375,49.95220947265625,34.74124526977539,11.609476089477539,62.415428161621094,115.4620132446289
2021-03-25,21.351064682006836,194.259765625,35.9195442199707,28.14849090576172,18.916534423828125,132.35198974609375,59.68862533569336,116.5869369506836,50.08211898803711,78.0019302368164,148.47999572753906,603.12890625,13.027807235717773,25.94439697265625,80.7300033569336,64.53331756591797,42.62849426269531,34.099998474121094,270.0299987792969,32.75210952758789,50.52012252807617,34.07758712768555,11.921494483947754,62.39788818359375,117.87635040283203
2021-03-26,21.51454734802246,204.17709350585938,36.52181625366211,28.29177474975586,19.424673080444336,136.93524169921875,60.132999420166016,120.42091369628906,51.786834716796875,78.24687957763672,152.07000732421875,617.1300659179688,13.422591209411621,26.040109634399414,85.69000244140625,65.06928253173828,42.294349670410156,34.029998779296875,275.75,33.51608657836914,50.750587463378906,34.8083610534668,12.262951850891113,64.35331726074219,120.06866455078125
2021-03-29,21.310192108154297,206.75045776367188,35.84726333618164,28.06888198852539,19.386180877685547,138.31016540527344,60.8630256652832,121.8028564453125,51.96019744873047,79.6758041381836,142.13999938964844,620.9307861328125,13.46342945098877,26.171716690063477,81.61000061035156,65.71942901611328,42.65693283081055,30.780000686645508,260.0400085449219,33.286067962646484,51.29381561279297,35.05442428588867,12.563197135925293,62.85386276245117,120.56816101074219
2021-03-30,21.97230339050293,202.74935913085938,37.059852600097656,28.100723266601562,19.15520668029785,135.11773681640625,59.93460464477539,119.01372528076172,50.75630187988281,78.5816650390625,150.60000610351562,609.1952514648438,13.334104537963867,26.02216339111328,86.52999877929688,65.2098388671875,41.95309066772461,34.040000915527344,271.1700134277344,32.9410514831543,50.65181350708008,35.10663604736328,12.86540412902832,63.949954986572266,119.58765411376953
2021-03-31,21.915082931518555,204.38230895996094,37.58180618286133,28.259931564331055,18.747159957885742,136.01858520507812,60.275821685791016,118.6766586303711,52.42249298095703,78.8184585571289,162.16000366210938,613.483154296875,13.245616912841797,26.16573715209961,87.30000305175781,66.43108367919922,42.116615295410156,35.84000015258789,287.44000244140625,32.20994186401367,51.16212463378906,34.70396041870117,13.691569328308105,62.81001281738281,119.3471450805664
2021-04-01,22.127609252929688,205.23719787597656,37.694236755371094,28.84902000427246,18.924240112304688,137.8597869873047,60.08538055419922,120.70742797851562,54.50282669067383,78.61431884765625,162.69000244140625,612.0477294921875,13.402172088623047,26.267427444458008,86.1500015258789,66.57168579101562,42.4009895324707,35.2599983215332,283.3900146484375,33.01498031616211,51.30204391479492,34.58465576171875,13.699418067932129,64.23054504394531,119.58765411376953
2021-04-05,22.34831428527832,209.24688720703125,38.96302795410156,28.981689453125,18.677865982055664,140.21458435058594,60.6329231262207,122.83086395263672,53.096675872802734,79.14506530761719,149.4199981689453,623.0970458984375,13.252425193786621,26.60840606689453,83.12000274658203,67.45906066894531,42.65693283081055,33.439998626708984,268.9700012207031,32.70281982421875,51.57365798950195,34.323665618896484,13.658207893371582,63.835960388183594,121.16946411132812
2021-04-06,22.740680694580078,208.2466278076172,38.54545211791992,28.99229621887207,19.3245849609375,139.56661987304688,60.609100341796875,121.9039535522461,52.252017974853516,79.6676254272461,157.9199981689453,621.7160034179688,13.44981861114502,26.656265258789062,84.20999908447266,68.1443862915039,42.89865493774414,34.66999816894531,277.25,32.743900299072266,51.94404983520508,34.31621170043945,13.020432472229004,65.02851104736328,121.73373413085938
2021-04-07,22.143959045410156,209.21270751953125,37.140140533447266,29.14090347290039,19.5324649810791,139.28216552734375,60.48215103149414,120.41249084472656,52.70179748535156,79.87176513671875,150.00999450683594,617.8703002929688,13.477042198181152,26.889568328857422,81.0,68.0125961303711,43.27545928955078,31.959999084472656,262.45001220703125,33.17927551269531,51.68888473510742,34.525001525878906,12.843816757202148,65.9404525756836,122.48297882080078
2021-04-08,22.62623405456543,206.13487243652344,37.57378387451172,29.17804718017578,19.032024383544922,138.87918090820312,60.474212646484375,119.55302429199219,54.040531158447266,79.70845031738281,153.1300048828125,620.795166015625,13.109489440917969,26.859655380249023,81.19000244140625,68.32009887695312,43.950862884521484,32.619998931884766,262.0899963378906,32.1031494140625,51.738277435302734,34.003021240234375,13.216670036315918,66.30870819091797,122.88075256347656
2021-04-09,22.658937454223633,205.5193634033203,38.047569274902344,29.061296463012695,18.777952194213867,138.47616577148438,60.545631408691406,119.03057861328125,53.93458557128906,79.64315032958984,151.35000610351562,620.5875854492188,12.884869575500488,26.817785263061523,79.61000061035156,68.4782485961914,43.75179672241211,32.29999923706055,263.95001220703125,31.963499069213867,51.63127517700195,33.54816818237305,13.20125961303711,65.86152648925781,124.58280944824219
2021-04-12,22.62623405456543,207.53883361816406,37.91105651855469,28.8702392578125,18.955034255981445,140.29360961914062,60.513877868652344,120.9349365234375,53.799747467041016,79.72480010986328,151.8699951171875,624.1714477539062,12.912096977233887,26.763946533203125,78.75,68.21466064453125,43.908203125,29.68000030517578,263.20001220703125,31.79920196533203,51.76296615600586,33.503414154052734,12.659933090209961,66.10704040527344,124.3885269165039
2021-04-13,23.083993911743164,208.83653259277344,38.38484191894531,28.8702392578125,18.955034255981445,139.95384216308594,61.47404479980469,123.1847915649414,53.4626579284668,80.42698669433594,153.08999633789062,637.116455078125,13.027807235717773,27.02117347717285,78.98999786376953,69.44470977783203,43.78023147583008,29.290000915527344,269.44000244140625,31.749921798706055,52.31441879272461,33.66000747680664,12.752788543701172,66.45779418945312,124.37931060791016
2021-04-14,23.190263748168945,207.69357299804688,37.42120361328125,29.071903228759766,19.663341522216797,138.83175659179688,61.43436813354492,121.01920318603516,52.37433624267578,80.66378021240234,151.91000366210938,626.7713012695312,13.456624984741211,27.188674926757812,78.56999969482422,69.52376556396484,43.517181396484375,28.389999389648438,266.2099914550781,32.81783676147461,52.586036682128906,33.95082473754883,12.569052696228027,65.8439712524414,123.8427734375
2021-04-15,23.321046829223633,212.40296936035156,37.71029281616211,29.11968231201172,19.401580810546875,141.8187255859375,62.14057922363281,124.06953430175781,51.66162872314453,81.4476318359375,145.7899932861328,648.924072265625,13.524688720703125,27.38010025024414,77.16999816894531,70.44630432128906,44.0290641784668,26.09000015258789,256.0199890136719,32.653533935546875,53.079872131347656,33.92100524902344,12.713275909423828,66.86115264892578,124.43480682373047
2021-04-16,23.40279197692871,213.65760803222656,37.35696792602539,29.23642349243164,19.386180877685547,141.93727111816406,62.6008415222168,122.990966796875,51.497901916503906,82.19882202148438,150.00999450683594,639.2557983398438,13.48384952545166,27.613399505615234,80.13999938964844,71.11404418945312,44.356101989746094,27.239999771118164,258.7099914550781,32.34959030151367,53.507877349853516,33.82405471801758,13.24077320098877,66.37010192871094,124.92505645751953
2021-04-19,23.16573715209961,213.5888671875,35.56620788574219,29.05068016052246,19.486268997192383,142.80648803710938,62.481807708740234,124.50769805908203,49.648712158203125,81.81507110595703,141.13999938964844,647.5158081054688,13.511077880859375,27.218585968017578,80.20999908447266,70.10365295410156,44.93907165527344,25.239999771118164,244.86000061035156,32.39066696166992,53.43379211425781,34.24163818359375,13.10247802734375,65.65983581542969,124.35151672363281
2021-04-20,23.092172622680664,217.1381072998047,34.361656188964844,28.822484970092773,19.07822036743164,144.608154296875,63.56895446777344,127.18728637695312,48.232933044433594,82.80307006835938,147.0,655.5770263671875,13.17074966430664,27.398046493530273,79.36000061035156,70.75381469726562,45.088375091552734,25.25,243.8699951171875,31.478832244873047,54.39678955078125,33.346824645996094,12.63029956817627,66.74715423583984,124.75857543945312
2021-04-21,23.20661163330078,216.7169952392578,34.36968994140625,28.86493492126465,19.216798782348633,144.521240234375,63.64033889770508,127.086181640625,47.97289276123047,82.54177856445312,155.0800018310547,655.4959106445312,13.279653549194336,27.326265335083008,83.6500015258789,68.50459289550781,44.79689025878906,27.139999389648438,255.08999633789062,31.74169921875,54.100494384765625,33.4064826965332,12.997769355773926,66.95759582519531,125.39683532714844
2021-04-22,23.14938735961914,216.1669921875,34.594539642333984,28.631423950195312,18.73946189880371,145.56430053710938,63.02142333984375,125.59468078613281,50.54441452026367,81.71708679199219,160.8800048828125,648.1296997070312,13.306879997253418,26.967334747314453,87.1500015258789,68.81210327148438,45.04572296142578,26.5,274.70001220703125,31.027023315429688,53.58194351196289,32.85467529296875,14.153521537780762,66.31748962402344,124.6475601196289
2021-04-23,23.133039474487305,218.31541442871094,35.2771110534668,28.52528953552246,18.878040313720703,147.91119384765625,62.98965072631836,125.5862808227539,51.921669006347656,81.52931213378906,166.97000122070312,648.256103515625,13.517887115478516,26.865636825561523,88.55999755859375,68.74180603027344,44.491180419921875,27.979999542236328,279.42999267578125,31.240596771240234,53.77125930786133,33.16040802001953,14.074495315551758,66.15087890625,125.34133911132812
2021-04-26,23.059476852416992,217.41310119628906,36.07211685180664,28.75348472595215,19.186004638671875,147.0578155517578,62.4341926574707,124.90374755859375,51.839805603027344,80.9985580444336,172.64999389648438,647.2269897460938,13.65401554107666,26.71010398864746,89.79000091552734,68.46943664550781,44.448524475097656,29.290000915527344,289.54998779296875,31.47061538696289,53.21979904174805,33.205135345458984,14.274035453796387,66.54548645019531,123.88900756835938
2021-04-27,22.724327087402344,216.9833526611328,35.373477935791016,28.748180389404297,19.20140266418457,145.98313903808594,62.124717712402344,124.65095520019531,50.94892120361328,80.51680755615234,171.10000610351562,644.4375,13.837794303894043,26.64430046081543,89.69000244140625,67.89836883544922,44.434303283691406,28.549999237060547,290.1400146484375,31.643123626708984,52.94818115234375,33.33937454223633,14.817337989807129,67.05406951904297,124.934326171875
2021-04-28,22.863292694091797,216.51931762695312,34.92377853393555,28.75348472595215,19.740339279174805,146.33871459960938,61.60893630981445,124.01055145263672,50.70814514160156,80.4841537475586,146.91000366210938,638.5698852539062,14.300642013549805,26.686182022094727,88.69999694824219,67.7314224243164,44.42008590698242,28.860000610351562,282.5,32.1031494140625,52.95641326904297,34.20435333251953,14.317501068115234,66.22101593017578,126.01657104492188
2021-04-29,22.929859161376953,215.19590759277344,34.193016052246094,28.774715423583984,19.632553100585938,148.527587890625,62.704002380371094,125.5862808227539,47.33723449707031,81.28433990478516,143.39999389648438,637.3961181640625,14.423158645629883,26.853675842285156,87.29000091552734,67.84564971923828,44.2067985534668,28.270000457763672,275.760009765625,31.749921798706055,53.631343841552734,33.697296142578125,13.896687507629395,66.71208953857422,126.89533233642578
2021-04-30,22.86411476135254,218.94281005859375,33.309696197509766,28.535898208618164,19.370779037475586,149.3968048095703,63.40229797363281,130.0269775390625,46.870121002197266,82.21517944335938,139.25,650.6483154296875,13.796954154968262,26.88358497619629,76.52999877929688,68.10045623779297,44.77556228637695,28.510000228881836,263.5400085449219,31.215959548950195,54.46263885498047,33.01872634887695,13.513412475585938,65.79137420654297,127.62614440917969
2021-05-03,22.47783851623535,216.92323303222656,33.068790435791016,28.51466941833496,19.778833389282227,148.3221435546875,63.77525329589844,127.80243682861328,47.934364318847656,82.23149108886719,136.41000366210938,641.8828735351562,14.001150131225586,26.853675842285156,75.7699966430664,67.3887710571289,45.01728057861328,26.6299991607666,260.05999755859375,31.95528793334961,54.36386489868164,33.764400482177734,13.2526273727417,67.07159423828125,129.8184814453125
2021-05-04,21.95185089111328,213.8810577392578,32.4504508972168,28.116640090942383,19.955907821655273,145.3193359375,63.01346969604492,128.93154907226562,45.2954216003418,82.28866577148438,127.83000183105469,640.9620361328125,13.892245292663574,26.787872314453125,73.81999969482422,66.50139617919922,45.266109466552734,24.600000381469727,218.57000732421875,31.749921798706055,54.66840744018555,33.853885650634766,12.395197868347168,65.68614959716797,130.31796264648438
2021-05-05,21.754602432250977,213.6404571533203,32.321964263916016,28.29177474975586,20.618026733398438,144.75038146972656,61.85490798950195,126.53001403808594,45.63251495361328,81.12920379638672,126.87999725341797,625.588623046875,14.28022289276123,26.040109634399414,74.38999938964844,64.8232650756836,45.102596282958984,24.290000915527344,219.22999572753906,32.67817687988281,53.870025634765625,35.009700775146484,13.2526273727417,63.70441436767578,131.02098083496094
2021-05-06,20.91630744934082,209.70448303222656,31.904388427734375,28.116640090942383,20.645294189453125,142.93292236328125,62.275508880615234,125.99918365478516,44.6501350402832,82.09271240234375,121.94000244140625,631.0770874023438,14.361898422241211,26.60840606689453,73.62999725341797,65.02532958984375,46.14057922363281,22.559999465942383,214.1300048828125,32.965694427490234,54.36386489868164,35.501834869384766,12.478174209594727,64.45853424072266,130.8730010986328
2021-05-07,21.195741653442383,212.6865692138672,32.032867431640625,28.403221130371094,20.824478149414062,144.86102294921875,62.2516975402832,127.38948822021484,46.74009704589844,82.3539810180664,122.95999908447266,644.0493774414062,14.851973533630371,26.728050231933594,74.62000274658203,65.48220825195312,46.22589874267578,23.049999237060547,220.39999389648438,33.59001541137695,54.53672790527344,35.71809005737305,13.335604667663574,65.50199127197266,130.78048706054688
2021-05-10,21.146427154541016,213.65760803222656,31.478782653808594,28.419145584106445,20.73878288269043,144.75831604003906,63.05315017700195,127.26312255859375,45.112430572509766,84.70555114746094,118.12000274658203,649.962158203125,14.688615798950195,26.63233757019043,72.19000244140625,65.71942901611328,46.57426452636719,20.06999969482422,213.33999633789062,32.883548736572266,54.57787322998047,35.24830627441406,12.64412784576416,65.69652557373047,132.51951599121094
2021-05-11,20.825899124145508,212.5404510498047,31.021055221557617,28.47221565246582,20.232385635375977,143.9917755126953,62.39451217651367,125.25767517089844,43.88926696777344,84.61573791503906,121.41999816894531,648.1927490234375,14.552485466003418,26.584482192993164,71.88999938964844,65.07804870605469,45.92729187011719,23.600000381469727,217.94000244140625,32.234580993652344,54.15810012817383,34.71887969970703,12.248998641967773,64.617919921875,130.61395263671875
2021-05-12,20.234167098999023,207.93421936035156,30.41877555847168,27.946819305419922,20.40378189086914,141.31300354003906,61.212188720703125,123.96839141845703,44.11078643798828,82.6479263305664,117.16999816894531,636.7463989257812,14.443580627441406,25.78885841369629,69.7300033569336,62.85519027709961,45.75666427612305,22.239999771118164,208.24000549316406,32.530303955078125,52.97287368774414,34.86056137084961,12.02180004119873,62.805538177490234,127.82037353515625
2021-05-13,20.086233139038086,209.68731689453125,30.113632202148438,28.047653198242188,20.17005729675293,142.0399932861328,62.19614028930664,125.50202178955078,43.6436767578125,84.91082763671875,114.61000061035156,645.8368530273438,14.313516616821289,26.804672241210938,69.56999969482422,63.812862396240234,46.1547966003418,21.959999084472656,204.00999450683594,32.3786506652832,54.100494384765625,35.009700775146484,12.397172927856445,63.724998474121094,130.8175048828125
2021-05-14,20.85055923461914,212.0592041015625,31.639385223388672,27.97866439819336,20.76215171813965,143.1147003173828,61.95015335083008,125.45147705078125,45.10279846191406,84.9603042602539,119.77999877929688,651.7857666015625,14.874835014343262,27.215103149414062,72.58000183105469,64.24340057373047,46.76621627807617,24.579999923706055,218.8699951171875,33.48088455200195,54.13374328613281,36.337005615234375,12.446563720703125,64.73286437988281,131.29847717285156
2021-05-17,20.686187744140625,211.31153869628906,32.01681137084961,28.32892417907715,21.09715461730957,143.81796264648438,61.63273620605469,124.89533233642578,45.3917350769043,84.4574203491211,118.41999816894531,645.4756469726562,15.045966148376465,27.215103149414062,71.55000305175781,63.17148971557617,46.830204010009766,24.940000534057617,218.00999450683594,33.96982192993164,53.576690673828125,36.32208251953125,12.318147659301758,64.64444732666016,130.90074157714844
2021-05-18,20.456071853637695,211.70684814453125,32.85196304321289,28.344850540161133,20.92576026916504,144.42640686035156,61.22805404663086,126.31938934326172,47.472068786621094,84.49040985107422,122.51000213623047,648.3489379882812,14.998051643371582,27.553104400634766,72.38999938964844,63.51412582397461,46.89419174194336,27.020000457763672,221.72000122070312,33.373138427734375,53.34389877319336,35.82247543334961,12.466320991516113,64.6532974243164,129.93875122070312
2021-05-19,20.497161865234375,211.44046020507812,33.6068229675293,28.610200881958008,20.395992279052734,143.69940185546875,61.085235595703125,126.40362548828125,46.711204528808594,83.39399719238281,130.6699981689453,648.3759155273438,14.628406524658203,27.48670768737793,74.23999786376953,63.83922576904297,46.78043746948242,27.469999313354492,233.49000549316406,32.55268478393555,53.194236755371094,34.87547302246094,12.229242324829102,64.37923431396484,128.71768188476562
2021-05-20,20.834123611450195,215.54824829101562,34.27332305908203,28.578359603881836,20.66087532043457,146.54415893554688,61.29153060913086,127.44850158691406,47.82841873168945,84.30903625488281,141.82000732421875,659.94140625,14.587329864501953,27.607423782348633,76.63999938964844,65.2713394165039,47.832637786865234,27.469999313354492,249.52000427246094,32.92560958862305,53.26074981689453,35.151371002197266,12.545345306396484,64.9273452758789,129.9016876220703
2021-05-21,20.842344284057617,214.80056762695312,34.10469436645508,28.55712890625,20.66087532043457,146.6231689453125,62.0771484375,127.15355682373047,48.85895538330078,84.79541778564453,142.27999877929688,657.3128051757812,14.477805137634277,27.66777992248535,75.93000030517578,65.40312957763672,47.782875061035156,27.889999389648438,252.30999755859375,33.02506637573242,53.52680587768555,35.27067947387695,12.486076354980469,64.78588104248047,130.4012451171875
2021-05-24,21.12177085876465,217.23263549804688,34.06454086303711,28.6791934967041,21.0504093170166,147.16844177246094,61.17250442504883,127.42320251464844,48.753013610839844,84.34203338623047,140.8699951171875,655.572509765625,14.696854591369629,27.7824649810791,75.37999725341797,65.04289245605469,48.04592514038086,27.200000762939453,254.77000427246094,33.406288146972656,53.560062408447266,35.71809005737305,12.515711784362793,66.00594329833984,130.53077697753906
2021-05-25,20.825899124145508,217.73968505859375,34.00029754638672,28.70572280883789,20.47389793395996,148.7172088623047,60.31550598144531,128.4512176513672,49.43682861328125,83.51763153076172,138.52999877929688,666.4127197265625,14.47096061706543,27.106462478637695,74.80000305175781,64.46302795410156,47.640682220458984,27.809999465942383,251.75,32.30406188964844,53.277381896972656,34.96494674682617,12.703397750854492,66.15624237060547,130.14222717285156
2021-05-26,20.924524307250977,218.67640686035156,35.012107849121094,28.790645599365234,20.49726676940918,148.85157775878906,60.26789093017578,127.2041244506836,49.35496139526367,83.35277557373047,143.0399932861328,666.5306396484375,14.683164596557617,27.263389587402344,77.52999877929688,64.55089569091797,48.05303192138672,29.690000534057617,259.04998779296875,32.42837905883789,52.97806930541992,34.95002746582031,12.7330322265625,66.29768371582031,129.29119873046875
2021-05-27,20.825899124145508,218.37564086914062,34.853607177734375,28.962074279785156,20.47389793395996,149.57066345214844,59.90287780761719,126.5384292602539,48.21366882324219,82.44596099853516,142.30999755859375,666.2584838867188,14.778997421264648,26.919353485107422,76.93000030517578,64.137939453125,47.69755935668945,29.93000030517578,256.55999755859375,32.16318893432617,52.92817687988281,34.79344940185547,12.673762321472168,65.51083374023438,130.0127410888672
2021-05-28,20.883434295654297,219.53575134277344,34.546329498291016,29.04779052734375,20.434940338134766,149.74453735351562,60.418663024902344,127.70972442626953,49.032318115234375,82.61907196044922,143.0500030517578,667.7359619140625,14.998051643371582,27.233211517333984,76.11000061035156,64.33124542236328,47.54115676879883,30.700000762939453,258.010009765625,31.9974365234375,53.144344329833984,34.81581115722656,12.871326446533203,66.10318756103516,130.13294982910156
2021-06-01,21.064239501953125,222.20840454101562,34.619102478027344,29.535310745239258,21.0504093170166,151.34075927734375,59.95050048828125,129.04949951171875,48.93600845336914,82.50365447998047,139.44000244140625,670.1830444335938,15.620966911315918,27.245281219482422,76.87999725341797,63.6997184753418,47.804203033447266,30.889999389648438,248.47000122070312,32.809593200683594,52.73695373535156,35.61368942260742,12.851571083068848,67.80948638916016,129.5687255859375
2021-06-02,20.702627182006836,225.9552764892578,34.894046783447266,29.16029930114746,21.525638580322266,154.3356475830078,60.61703109741211,130.40614318847656,46.13333511352539,82.99828338623047,139.1699981689453,687.1411743164062,15.730499267578125,27.281496047973633,76.95999908447266,64.2208480834961,48.458282470703125,30.690000534057617,247.47999572753906,33.38142013549805,53.127723693847656,36.254981994628906,12.19960880279541,68.79967498779297,130.5399932861328
2021-06-03,20.6039981842041,226.31617736816406,33.72956085205078,29.374595642089844,21.626916885375977,154.01956176757812,61.37715530395508,130.97068786621094,44.50566101074219,83.81442260742188,134.1300048828125,704.2804565429688,15.668883323669434,27.62553596496582,75.37000274658203,63.92055130004883,47.95146942138672,30.030000686645508,238.49000549316406,33.31512451171875,53.59331512451172,36.24006652832031,12.002042770385742,67.81830596923828,130.57247924804688
2021-06-04,20.513599395751953,227.9748077392578,34.303714752197266,29.754968643188477,21.37761688232422,155.44190979003906,61.22514343261719,130.76004028320312,45.918556213378906,83.65779113769531,134.6999969482422,711.8486328125,15.82633113861084,27.52292823791504,75.83999633789062,63.8940315246582,47.75286865234375,30.579999923706055,241.83999633789062,33.2736930847168,53.50187301635742,36.21768569946289,12.110703468322754,67.58844757080078,130.7304229736328
2021-06-07,20.80946922302246,230.85369873046875,32.80768966674805,29.867477416992188,21.237388610839844,156.49293518066406,61.13712692260742,133.55760192871094,45.35321044921875,83.97103881835938,137.47000122070312,720.6131591796875,15.867400169372559,27.67985725402832,75.01000213623047,64.00884246826172,48.01767349243164,32.849998474121094,233.27000427246094,32.884178161621094,53.767913818359375,35.93433380126953,11.923016548156738,67.95978546142578,129.63441467285156
2021-06-08,20.80946922302246,228.61070251464844,33.42227554321289,29.776397705078125,21.603546142578125,155.10211181640625,60.65703582763672,134.8384246826172,45.59398651123047,82.9240951538086,139.14999389648438,740.1906127929688,15.833174705505371,27.613462448120117,75.95999908447266,63.717384338378906,48.02503204345703,33.4900016784668,238.6999969482422,32.933902740478516,52.74526596069336,36.06855010986328,11.705698013305664,69.0914077758789,129.42076110839844
2021-06-09,20.71084213256836,229.46148681640625,34.004512786865234,29.626394271850586,21.494478225708008,155.7421875,61.209136962890625,135.56307983398438,45.07390594482422,83.58358001708984,136.97000122070312,734.163330078125,15.682579040527344,27.98163604736328,76.80999755859375,63.99118423461914,47.767581939697266,32.43000030517578,235.24000549316406,33.00019836425781,52.90324020385742,36.232608795166016,11.676061630249023,69.70140838623047,129.64369201660156
2021-06-10,20.85877799987793,232.7357635498047,34.52205276489258,29.47638702392578,21.432144165039062,158.23138427734375,61.96923828125,138.14151000976562,44.053001403808594,83.8473892211914,143.5,745.927978515625,15.709959983825684,28.19289207458496,80.4000015258789,64.92744445800781,47.89262390136719,31.489999771118164,239.69000244140625,33.240543365478516,53.11109924316406,36.016361236572266,11.646428108215332,69.9666519165039,129.96875
2021-06-11,21.269704818725586,230.61309814453125,34.2956428527832,29.079936981201172,21.455528259277344,154.59591674804688,61.86522674560547,136.67535400390625,43.94705581665039,84.02874755859375,147.1300048828125,739.6286010742188,15.655197143554688,28.313610076904297,79.58999633789062,64.90975189208984,48.15742874145508,31.850000381469727,243.1699981689453,33.4974479675293,53.08615493774414,36.530887603759766,11.468618392944336,70.44404602050781,129.95021057128906
2021-06-14,21.154645919799805,232.83883666992188,34.61101531982422,29.090652465820312,21.845062255859375,156.775634765625,62.625343322753906,137.7701873779297,45.43025588989258,84.52338409423828,147.64999389648438,746.8344116210938,15.66203784942627,28.434316635131836,78.61000061035156,64.75076293945312,48.32661056518555,30.56999969482422,242.8699951171875,34.185298919677734,53.03626251220703,36.80677795410156,12.002042770385742,71.7967300415039,130.26600646972656
2021-06-15,21.41764259338379,232.4349822998047,33.68105697631836,29.18172264099121,22.10993766784668,155.52670288085938,62.50533676147461,135.25802612304688,45.661407470703125,85.09221649169922,144.9199981689453,733.2479248046875,15.504605293273926,28.434316635131836,76.16999816894531,64.85676574707031,48.37074661254883,29.200000762939453,238.86000061035156,35.105194091796875,53.47691345214844,37.23927307128906,12.100825309753418,71.75251007080078,130.83255004882812
2021-06-16,21.146427154541016,229.04898071289062,32.89664077758789,28.903139114379883,21.759361267089844,154.28570556640625,61.209136962890625,133.73031616210938,46.874935150146484,83.92982482910156,152.02000427246094,734.1270751953125,14.922748565673828,27.88507080078125,77.4000015258789,64.741943359375,48.15742874145508,29.649999618530273,247.55999755859375,34.533363342285156,52.36281204223633,36.88134765625,12.486076354980469,71.4342269897461,129.8666534423828
2021-06-17,21.425861358642578,232.71881103515625,32.17692947387695,28.908498764038086,21.17505645751953,156.6006317138672,61.43315887451172,132.98350524902344,45.83476638793945,84.43270111083984,161.99000549316406,739.10302734375,14.38881778717041,27.76435661315918,78.52999877929688,65.87251281738281,47.98824691772461,29.850000381469727,263.17999267578125,34.185298919677734,52.67044448852539,36.12075424194336,12.328024864196777,71.21320343017578,129.38360595703125
2021-06-18,20.661531448364258,229.6361541748047,32.09605407714844,28.999574661254883,20.33366584777832,154.51641845703125,59.86493682861328,130.87022399902344,44.544189453125,82.11620330810547,165.85000610351562,745.728515625,13.635835647583008,26.889175415039062,76.97000122070312,64.72428894042969,47.13499450683594,29.170000076293945,264.2300109863281,32.38694381713867,51.09074783325195,34.61448287963867,11.972408294677734,69.40968322753906,127.31237030029297
2021-06-21,21.491609573364258,231.19044494628906,32.581260681152344,29.101362228393555,20.988080978393555,157.22903442382812,60.729061126708984,132.1262969970703,45.0594596862793,83.51763153076172,163.0800018310547,745.4838256835938,14.272449493408203,26.985746383666992,78.19000244140625,65.6517105102539,47.99560546875,29.850000381469727,258.6099853515625,33.547176361083984,51.9637336730957,35.777740478515625,12.308268547058105,71.23973083496094,129.4393310546875
2021-06-22,21.154645919799805,230.21469116210938,32.68638610839844,29.299589157104492,21.151687622070312,156.8074188232422,60.52902603149414,131.455810546875,44.81867980957031,82.76744842529297,167.3000030517578,745.5473022460938,14.381973266601562,26.756389617919922,78.37999725341797,65.4573745727539,47.83378219604492,34.02000045776367,260.44000244140625,33.98638916015625,51.61454772949219,35.70418930053711,12.278635025024414,72.68964385986328,129.72726440429688
2021-06-23,21.253271102905273,228.1510009765625,32.29014205932617,28.881715774536133,21.214012145996094,155.92442321777344,59.64889907836914,128.9606475830078,43.9663200378418,81.80292510986328,170.24000549316406,728.3175048828125,14.429886817932129,26.64774513244629,80.19000244140625,64.78611755371094,47.60575866699219,33.81999969482422,265.0799865722656,34.21015548706055,51.10737228393555,35.52975845336914,12.02180004119873,73.79473876953125,128.65914916992188
2021-06-24,21.343673706054688,228.09051513671875,31.578506469726562,28.881715774536133,21.28412628173828,155.8607940673828,59.696895599365234,127.33112335205078,44.69828796386719,81.67105865478516,170.77000427246094,706.3470458984375,14.792691230773926,26.702062606811523,84.51000213623047,64.3709945678711,47.716094970703125,32.900001525878906,267.2799987792969,34.649383544921875,50.699974060058594,36.477718353271484,12.308268547058105,73.78590393066406,128.67771911621094
2021-06-25,21.54913902282715,230.15432739257812,32.61360168457031,28.876358032226562,21.28412628173828,156.33810424804688,60.09695816040039,129.18128967285156,44.900543212890625,82.20690155029297,175.38999938964844,710.0450439453125,14.881673812866211,26.937463760375977,87.87000274658203,65.23657989501953,47.54691696166992,31.850000381469727,267.7099914550781,34.71567916870117,51.15726089477539,36.0909538269043,12.337903022766113,74.2809829711914,129.2071533203125
2021-06-28,21.80391502380371,234.6876220703125,34.19050979614258,29.09601402282715,20.61412811279297,157.5312957763672,60.20096969604492,129.58868408203125,45.613250732421875,82.44596099853516,188.3300018310547,723.7493286132812,14.525723457336426,27.082313537597656,92.70999908447266,66.37593841552734,47.52484130859375,34.13999938964844,284.6600036621094,33.43943786621094,51.12400817871094,35.02922439575195,12.555224418640137,73.3438720703125,129.27218627929688
2021-06-29,21.672420501708984,235.5510711669922,34.4654541015625,29.326374053955078,20.46610450744629,156.99041748046875,58.8167724609375,129.35105895996094,45.844398498535156,80.88789367675781,185.7100067138672,727.202392578125,14.512032508850098,26.89521026611328,92.66999816894531,65.4308853149414,47.039371490478516,34.08000183105469,283.57000732421875,33.22396469116211,50.26763916015625,34.650047302246094,13.068891525268555,73.74169921875,129.53224182128906
2021-06-30,21.425861358642578,233.26287841796875,33.91555404663086,29.76032257080078,20.58296775817871,155.20053100585938,58.864784240722656,127.696044921875,45.98886489868164,81.38249206542969,183.6300048828125,727.4471435546875,14.512032508850098,26.744314193725586,90.51000213623047,64.72428894042969,47.03201675415039,34.189998626708984,276.3699951171875,33.48088455200195,50.3092041015625,34.323944091796875,12.881205558776855,73.46764373779297,130.13595581054688
2021-07-01,21.639543533325195,233.4269256591797,33.850868225097656,30.2639217376709,21.09715461730957,154.88233947753906,59.296844482421875,127.16987609863281,46.68231201171875,82.06674194335938,183.11000061035156,722.9515380859375,14.580487251281738,27.148712158203125,90.16999816894531,65.5280532836914,47.002593994140625,33.310001373291016,274.8800048828125,34.34275817871094,51.115684509277344,34.756221771240234,13.335604667663574,74.02461242675781,131.12051391601562
2021-07-02,21.499828338623047,235.62008666992188,33.94791030883789,30.04962158203125,21.019245147705078,156.70399475097656,59.376853942871094,127.5348129272461,46.98087692260742,82.03375244140625,186.41000366210938,725.5437622070312,14.703700065612793,27.23924446105957,90.81999969482422,65.60753631591797,47.40715026855469,32.47999954223633,276.2300109863281,34.2515983581543,51.15726089477539,34.74104690551758,12.9207181930542,75.07666015625,131.86354064941406
2021-07-06,21.36833381652832,238.08973693847656,34.03687286376953,29.835329055786133,20.232385635375977,158.80410766601562,60.32099533081055,129.274658203125,47.56837844848633,82.29756164550781,188.80999755859375,742.4112548828125,14.29298210144043,27.088350296020508,91.19000244140625,66.3582992553711,47.591041564941406,32.86000061035156,274.7900085449219,33.77093505859375,51.24871826171875,34.01301193237305,13.138039588928223,75.27117156982422,132.60659790039062
2021-07-07,21.360111236572266,240.19664001464844,33.77808380126953,30.054983139038086,20.04541015625,159.75869750976562,60.521026611328125,130.6071014404297,48.849327087402344,82.74275207519531,181.8300018310547,750.2964477539062,14.053397178649902,27.23924446105957,91.2699966430664,66.53492736816406,47.93675994873047,30.170000076293945,265.20001220703125,33.43943786621094,51.290287017822266,33.55039978027344,13.138039588928223,75.032470703125,133.78622436523438
2021-07-08,20.949186325073242,239.9807891845703,32.7591667175293,29.690677642822266,19.928552627563477,159.6871337890625,60.76906204223633,131.19271850585938,48.271453857421875,82.89934539794922,179.72000122070312,750.64111328125,13.813813209533691,27.118532180786133,89.91000366210938,66.3582992553711,47.61311340332031,29.829999923706055,261.1400146484375,33.47257995605469,51.173885345458984,33.224308013916016,12.979987144470215,75.05015563964844,132.04930114746094
2021-07-09,21.146427154541016,240.43849182128906,33.042205810546875,29.894256591796875,20.263547897338867,160.4667205810547,60.44903564453125,132.19419860839844,47.529850006103516,82.98179626464844,183.8000030517578,743.5079956054688,14.073934555053711,27.106462478637695,92.54000091552734,66.23462677001953,48.333961486816406,29.389999389648438,267.67999267578125,33.93667984008789,51.10737228393555,33.62623596191406,12.683640480041504,76.4116439819336,132.8573760986328
2021-07-12,21.327238082885742,241.7681121826172,32.55699920654297,29.92104721069336,20.162269592285156,161.548583984375,60.44903564453125,133.82369995117188,48.753013610839844,83.69901275634766,185.72000122070312,751.87353515625,13.991791725158691,27.32977867126465,94.29000091552734,66.32295227050781,48.12800216674805,29.020000457763672,268.6499938964844,33.613468170166016,51.38174057006836,33.709659576416016,13.068891525268555,77.38414001464844,132.92242431640625
2021-07-13,20.48072052001953,240.50747680664062,31.98283576965332,29.947834014892578,19.928552627563477,159.40869140625,59.60890579223633,131.9650115966797,48.29071807861328,83.69901275634766,184.05999755859375,745.97314453125,13.957562446594238,27.034029006958008,92.79000091552734,66.11981964111328,47.95146942138672,27.81999969482422,265.3699951171875,33.431148529052734,50.999290466308594,33.193973541259766,12.841693878173828,76.88905334472656,132.37442016601562
2021-07-14,20.5053768157959,242.95980834960938,31.780668258666992,29.81925392150879,19.65587615966797,160.60986328125,60.20096969604492,133.55210876464844,47.51059341430664,84.66352081298828,170.7899932861328,753.94921875,13.930179595947266,27.245281219482422,90.04000091552734,66.86174774169922,47.67931365966797,26.540000915527344,245.4600067138672,33.12451934814453,51.456573486328125,33.00438690185547,12.673762321472168,77.97647094726562,133.73977661132812
2021-07-15,20.201295852661133,242.88211059570312,31.538076400756836,29.219228744506836,19.204015731811523,160.82467651367188,60.921085357666016,133.322998046875,46.36448287963867,85.68576049804688,165.2899932861328,755.9432373046875,13.622142791748047,27.60138702392578,85.5999984741211,67.8509750366211,47.782283782958984,26.780000686645508,241.2100067138672,32.35379409790039,52.105072021484375,32.73135757446289,11.952652931213379,78.33009338378906,135.01223754882812
2021-07-16,20.020479202270508,243.90101623535156,31.45720100402832,29.353166580200195,18.59634017944336,161.5724334716797,61.737205505371094,133.51817321777344,46.69194030761719,86.36176300048828,163.4499969482422,753.6139526367188,13.382556915283203,27.758317947387695,83.48999786376953,68.82254791259766,48.047096252441406,26.010000228881836,236.55999755859375,31.806827545166016,52.47091293334961,32.21565628051758,11.824235916137695,79.2849349975586,135.42092895507812
2021-07-19,19.379426956176758,242.54534912109375,31.157997131347656,28.93528938293457,17.988676071166992,160.71328735351562,60.69705581665039,132.66944885253906,46.422271728515625,85.64453125,165.27999877929688,756.1788940429688,12.930767059326172,27.35392189025879,83.05000305175781,68.00112915039062,47.05408477783203,26.0,240.16000366210938,30.729480743408203,52.2048454284668,31.320789337158203,11.932896614074707,74.64347076416016,133.4053497314453
2021-07-20,19.806798934936523,244.3673553466797,32.322479248046875,29.058507919311523,18.004255294799805,161.7076416015625,60.54502868652344,133.24659729003906,46.605262756347656,85.5208740234375,172.08999633789062,754.6834106445312,12.985529899597168,27.80057144165039,82.68000030517578,68.16011810302734,46.57596206665039,26.860000610351562,245.75999450683594,30.7874813079834,52.33788299560547,31.290456771850586,11.834114074707031,77.81732940673828,134.8357391357422
2021-07-21,20.020479202270508,242.0013427734375,33.63252258300781,29.00493049621582,18.62750816345215,159.97349548339844,59.784915924072266,131.277587890625,48.45444869995117,85.04275512695312,179.7899932861328,743.0003662109375,13.471546173095703,27.66777992248535,85.19000244140625,67.02072143554688,46.605384826660156,28.049999237060547,258.9599914550781,31.889705657958984,52.229793548583984,32.11707305908203,12.407052040100098,77.79083251953125,134.53855895996094
2021-07-22,19.74104881286621,243.158447265625,33.90747833251953,29.224586486816406,18.409372329711914,152.75839233398438,59.52086639404297,130.6835174560547,48.984161376953125,84.84488677978516,178.94000244140625,743.9610595703125,13.437321662902832,27.770387649536133,83.68000030517578,67.23271179199219,46.68629455566406,27.329999923706055,257.3900146484375,31.566497802734375,52.36281204223633,32.04124450683594,12.812058448791504,77.22499084472656,134.65927124023438
2021-07-23,19.642425537109375,246.3187713623047,34.20668029785156,29.40138053894043,18.33925437927246,153.88796997070312,60.264984130859375,131.43035888671875,48.11735534667969,86.12268829345703,178.17999267578125,755.435546875,13.327795028686523,28.078214645385742,82.94999694824219,68.18659973144531,47.40715026855469,26.809999465942383,248.6300048828125,31.38416862487793,53.09446716308594,31.874399185180664,12.189729690551758,77.58748626708984,135.9688720703125
2021-07-26,19.724609375,245.75747680664062,33.470787048339844,29.310300827026367,18.954715728759766,152.92544555664062,60.08095932006836,130.51376342773438,47.886207580566406,86.21336364746094,176.67999267578125,751.8373413085938,13.724823951721191,28.011817932128906,81.3499984741211,67.93048095703125,47.304176330566406,27.06999969482422,245.6199951171875,32.52782440185547,52.98638153076172,32.82994842529297,12.179851531982422,77.4460220336914,136.24752807617188
2021-07-27,19.979387283325195,247.71762084960938,34.400753021240234,29.037078857421875,18.892393112182617,154.7709503173828,61.47316360473633,131.87168884277344,47.74174118041992,87.68073272705078,172.86000061035156,763.0038452148438,13.587920188903809,28.51278305053711,81.36000061035156,68.7695541381836,47.922054290771484,26.549999237060547,240.0,32.55268478393555,53.65983200073242,32.76169967651367,11.952652931213379,78.03836059570312,136.4983367919922
2021-07-28,19.905418395996094,246.07704162597656,35.508636474609375,28.87099266052246,19.009254455566406,153.4743194580078,60.60101318359375,130.8362579345703,49.11899948120117,87.09545135498047,181.4199981689453,758.0006103515625,13.635835647583008,28.355859756469727,83.4800033569336,68.76073455810547,47.87055969238281,27.829999923706055,254.13999938964844,32.74330139160156,53.20255661010742,33.01954650878906,12.239121437072754,77.26036834716797,135.3001708984375
2021-07-29,19.946516036987305,244.3673553466797,35.015350341796875,28.95136260986328,19.188438415527344,153.38681030273438,60.41699981689453,127.72154235839844,48.28108596801758,87.12017822265625,182.05999755859375,712.7460327148438,13.642680168151855,28.561071395874023,83.73999786376953,69.03453063964844,47.83378219604492,27.200000762939453,261.1300048828125,33.93667984008789,53.59331512451172,33.76274490356445,12.130460739135742,77.56095886230469,135.80169677734375
2021-07-30,19.600000381469727,244.1946258544922,34.31989669799805,28.972789764404297,18.83785057067871,153.60159301757812,59.90494155883789,130.8362579345703,47.84768295288086,86.65028381347656,189.60000610351562,743.5895385742188,13.38940143585205,28.247211456298828,86.04000091552734,68.80487823486328,47.31153106689453,27.280000686645508,259.4800109863281,33.6631965637207,53.102783203125,33.08780288696289,12.16009521484375,76.79180908203125,137.70578002929688
2021-08-02,19.492488861083984,244.9026641845703,34.02067947387695,28.967430114746094,18.75994873046875,153.61752319335938,60.28899383544922,131.3285369873047,47.84768295288086,87.54058837890625,183.11000061035156,742.3024291992188,13.546843528747559,28.38604164123535,88.2699966430664,69.60863494873047,47.61311340332031,26.6200008392334,257.7200012207031,33.62176513671875,53.277381896972656,33.04987335205078,12.25887680053711,76.27017974853516,136.78623962402344
2021-08-03,19.78194236755371,245.53298950195312,33.883216857910156,28.962074279785156,20.014253616333008,154.93801879882812,60.409000396728516,131.67649841308594,48.100982666015625,87.8868637084961,192.6199951171875,743.4989013671875,13.861729621887207,28.597288131713867,92.33999633789062,70.14742279052734,47.73080062866211,26.489999771118164,299.80999755859375,34.4919319152832,53.31894302368164,33.95233917236328,12.535468101501465,77.01280975341797,138.77389526367188
2021-08-04,19.550378799438477,245.9820098876953,34.06113052368164,29.04244041442871,19.5234375,155.23236083984375,60.38499069213867,132.3384552001953,49.109371185302734,87.98576354980469,193.92999267578125,750.777099609375,13.581071853637695,28.229106903076172,92.20999908447266,70.54488372802734,47.922054290771484,25.889999389648438,292.7300109863281,33.70463180541992,53.23580551147461,33.497310638427734,12.78242301940918,75.23579406738281,138.2630615234375
2021-08-05,20.551055908203125,244.1599884033203,34.942569732666016,29.433523178100586,19.7415771484375,154.69139099121094,60.87307357788086,132.3639373779297,48.232933044433594,88.97502899169922,183.4499969482422,752.843505859375,13.738511085510254,28.77232551574707,91.62000274658203,71.09249877929688,48.282474517822266,26.0,286.3900146484375,34.143863677978516,53.859375,33.58073425292969,12.762667655944824,76.54424285888672,137.77078247070312
2021-08-06,20.34429931640625,243.60739135742188,33.818519592285156,29.669246673583984,19.9129695892334,154.96189880371094,60.80906295776367,133.31451416015625,48.173221588134766,88.17538452148438,179.74000549316406,743.3538818359375,13.978097915649414,28.73006820678711,93.1500015258789,71.19847869873047,48.01767349243164,25.899999618530273,295.2799987792969,34.268165588378906,53.7928581237793,33.83099365234375,12.802180290222168,75.30653381347656,137.31568908691406
2021-08-09,19.988691329956055,241.82864379882812,33.786170959472656,29.433523178100586,19.6948299407959,154.50050354003906,60.80906295776367,133.81521606445312,49.18159866333008,87.50762939453125,185.55999755859375,738.677001953125,13.841192245483398,28.627466201782227,94.70999908447266,71.15431213378906,48.32661056518555,28.18000030517578,294.94000244140625,34.011260986328125,53.91756820678711,33.59590530395508,13.019500732421875,75.6424789428711,136.7490692138672
2021-08-10,20.12928581237793,237.71841430664062,34.028778076171875,29.41745376586914,20.162269592285156,151.91514587402344,61.1611328125,131.01449584960938,49.793182373046875,88.12591552734375,184.08999633789062,723.250732421875,14.073934555053711,28.711959838867188,95.75,71.12781524658203,48.47372055053711,29.100000381469727,296.3999938964844,34.39248275756836,54.21688461303711,33.527652740478516,12.752788543701172,75.1827621459961,136.51687622070312
2021-08-11,20.584136962890625,239.37632751464844,34.35224151611328,29.86211395263672,20.310293197631836,152.6947479248047,61.55317687988281,132.7882537841797,49.61018753051758,88.32376098632812,182.2899932861328,731.3264770507812,14.34975528717041,29.092212677001953,95.91000366210938,72.75300598144531,48.37810134887695,27.399999618530273,289.29998779296875,34.690818786621094,54.56608200073242,33.99026107788086,12.515711784362793,74.75532531738281,138.51390075683594
2021-08-12,20.76607894897461,241.8199462890625,34.12582015991211,29.92640495300293,20.253488540649414,153.776611328125,61.897254943847656,133.68792724609375,48.136619567871094,87.9368667602539,181.2899932861328,735.7132568359375,14.529041290283203,29.221805572509766,96.94000244140625,73.3094482421875,48.459007263183594,26.40999984741211,291.1700134277344,34.456077575683594,54.64091873168945,34.19501876831055,12.150217056274414,74.56832885742188,139.396240234375
2021-08-13,20.501432418823242,244.2982177734375,33.39801788330078,30.301429748535156,19.898439407348633,154.94598388671875,62.1772575378418,135.0288543701172,49.18159866333008,88.1948013305664,175.0,737.8613891601562,14.542834281921387,29.416494369506836,96.5999984741211,73.70690155029297,48.8194465637207,24.989999771118164,284.3699951171875,33.911170959472656,55.03563690185547,34.035762786865234,12.495953559875488,75.78829193115234,139.88848876953125
2021-08-16,20.14581871032715,244.5399627685547,33.664886474609375,30.521074295043945,19.511829376220703,155.08917236328125,62.777366638183594,136.98089599609375,48.35813522338867,89.70075988769531,167.5399932861328,745.8826904296875,14.41871166229248,29.556432723999023,96.83000183105469,74.14850616455078,48.83415222167969,25.100000381469727,277.80999755859375,33.29078674316406,55.74951171875,33.64899826049805,12.446563720703125,75.9218521118164,141.11451721191406
2021-08-17,19.922531127929688,247.41542053222656,33.1796760559082,30.322853088378906,19.543392181396484,156.584716796875,62.905391693115234,137.16761779785156,49.099735260009766,89.61756134033203,163.47999572753906,752.9223022460938,14.487669944763184,29.422578811645508,93.51000213623047,74.1573486328125,48.8488655090332,25.8700008392334,268.3500061035156,33.357852935791016,55.808292388916016,33.436641693115234,12.367538452148438,76.2157211303711,140.9009246826172
2021-08-18,19.649620056152344,244.69540405273438,33.1877555847168,30.333568572998047,19.21200942993164,154.3732147216797,62.393310546875,135.49563598632812,50.10137939453125,89.06843566894531,162.47000122070312,740.6073608398438,14.384233474731445,29.33740234375,93.6500015258789,74.56365203857422,49.290199279785156,25.059999465942383,266.2200012207031,32.88837432861328,55.43877029418945,32.974037170410156,12.624371528625488,75.06700897216797,138.91326904296875
2021-08-19,19.550378799438477,249.66912841796875,33.43035888671875,29.92104721069336,18.588708877563477,157.43588256835938,63.2574348449707,138.25390625,51.286014556884766,88.92697143554688,162.88999938964844,758.5160522460938,13.74294376373291,29.684194564819336,92.98999786376953,74.67845916748047,49.09159469604492,23.760000228881836,262.29998779296875,32.14224624633789,55.74951171875,32.2384147644043,12.83181381225586,74.87109375,140.82656860351562
2021-08-20,20.112743377685547,251.1198272705078,34.80509948730469,29.813901901245117,18.651830673217773,157.54721069335938,64.04955291748047,138.14361572265625,52.97146987915039,89.20155334472656,165.99000549316406,760.0348510742188,13.715362548828125,30.03099822998047,94.54000091552734,76.20648956298828,49.209293365478516,24.229999542236328,269.8800048828125,32.00811767578125,56.538978576660156,32.39009094238281,12.96023178100586,74.9957504272461,142.0526123046875
2021-08-23,20.054853439331055,249.12515258789062,35.484371185302734,29.974618911743164,19.24357795715332,155.88467407226562,63.19342803955078,137.5664825439453,53.231510162353516,88.05337524414062,172.24000549316406,759.9803466796875,14.384233474731445,29.848461151123047,96.04000091552734,74.54598999023438,48.86357879638672,25.31999969482422,281.010009765625,33.10634994506836,55.99306869506836,33.05746078491211,13.34548282623291,74.96015167236328,140.9566192626953
2021-08-24,20.01350212097168,245.74891662597656,36.07470703125,30.19963264465332,19.448711395263672,153.1561279296875,62.84137725830078,137.13365173339844,53.279666900634766,87.48757934570312,172.9199981689453,746.0372314453125,14.508358001708984,29.757198333740234,94.47000122070312,74.31632232666016,48.495792388916016,25.850000381469727,279.75,33.30755615234375,55.203617095947266,33.254638671875,13.473899841308594,75.22728729248047,141.54176330566406
2021-08-25,20.06312370300293,244.2809295654297,36.171749114990234,30.333568572998047,19.432931900024414,151.3821563720703,62.857364654541016,134.62997436523438,52.20579147338867,87.67893981933594,172.91000366210938,734.4771118164062,14.577314376831055,29.745040893554688,93.62999725341797,74.66081237792969,48.172142028808594,26.40999984741211,281.44000244140625,33.28239440917969,55.32119369506836,33.451812744140625,13.36523723602295,75.59236907958984,141.95045471191406
2021-08-26,19.740591049194336,244.52276611328125,36.098960876464844,30.028200149536133,19.172563552856445,150.9287567138672,62.76936721801758,134.82518005371094,50.958553314208984,87.23798370361328,172.42999267578125,750.357421875,14.439399719238281,29.67811393737793,93.68000030517578,74.36356353759766,47.51748275756836,25.899999618530273,280.82000732421875,33.04766082763672,55.54795837402344,33.04987335205078,13.177553176879883,75.3964614868164,142.66563415527344
2021-08-27,20.005233764648438,246.52606201171875,35.508636474609375,30.296062469482422,19.677518844604492,151.91514587402344,62.56134796142578,135.88604736328125,50.6118278503418,87.08819580078125,174.99000549316406,750.1937255859375,14.977258682250977,29.866718292236328,94.44000244140625,74.0086441040039,47.561622619628906,26.600000381469727,291.25,33.78540802001953,55.42197799682617,33.808250427246094,13.266456604003906,76.26023864746094,143.17648315429688
2021-08-30,19.93079948425293,251.86239624023438,36.049339294433594,30.377159118652344,19.48816680908203,152.98110961914062,62.64934158325195,137.84657287597656,51.025970458984375,87.18805694580078,177.77999877929688,764.0368041992188,14.949674606323242,29.964059829711914,95.69000244140625,74.48776245117188,47.56897735595703,26.1299991607666,295.70001220703125,33.483604431152344,55.22040557861328,33.69448471069336,13.36523723602295,76.36709594726562,144.0867156982422
2021-08-31,19.740591049194336,252.28549194335938,35.67475128173828,30.52853012084961,19.298803329467773,154.87437438964844,62.281280517578125,139.1111602783203,51.218597412109375,87.07989501953125,173.72999572753906,767.1476440429688,14.61178970336914,29.824129104614258,94.0,74.52327728271484,47.73080062866211,26.059999465942383,289.7799987792969,33.33269500732422,55.203617095947266,33.588321685791016,13.30596923828125,77.94324493408203,144.068115234375
2021-09-01,19.947341918945312,257.28509521484375,36.09819412231445,30.533933639526367,19.180456161499023,157.4676971435547,63.19342803955078,141.39414978027344,50.86224365234375,88.29464721679688,176.42999267578125,790.2406005859375,14.722118377685547,30.177003860473633,94.05999755859375,75.72110748291016,47.99560546875,26.93000030517578,289.7900085449219,33.19856262207031,55.8335075378418,33.391151428222656,13.404751777648926,78.52204132080078,144.75547790527344
2021-09-02,20.286409378051758,259.8150634765625,36.72521209716797,30.804243087768555,19.598623275756836,157.42791748046875,63.628971099853516,142.5823516845703,50.9970817565918,88.73560333251953,176.88999938964844,795.324951171875,15.287561416625977,30.481218338012695,94.87000274658203,76.73261260986328,48.19420623779297,27.149999618530273,291.5400085449219,33.79378890991211,56.14424133300781,33.86892318725586,13.869028091430664,78.13912963867188,145.2542266845703
2021-09-03,20.377382278442383,260.7821960449219,36.08191680908203,31.009672164916992,19.551280975341797,157.90521240234375,63.21762466430664,142.24281311035156,50.61760711669922,87.92854309082031,173.94000244140625,802.965087890625,15.411680221557617,30.310853958129883,94.05999755859375,76.03166961669922,47.8484992980957,26.399999618530273,285.79998779296875,33.65965270996094,55.657135009765625,33.709659576416016,13.869028091430664,77.2486572265625,144.8719940185547
2021-09-07,20.22025489807129,258.3731384277344,35.87834167480469,30.863710403442383,19.401371002197266,155.55055236816406,61.71742630004883,141.22438049316406,49.8702278137207,85.86511993408203,168.72999572753906,801.9918212890625,15.853002548217773,30.122243881225586,94.4800033569336,75.446044921875,47.09086227416992,26.799999237060547,278.8299865722656,33.609352111816406,55.58993911743164,33.77033233642578,13.790002822875977,75.77046203613281,142.87698364257812
2021-09-08,19.972150802612305,262.17230224609375,36.041194915771484,31.042112350463867,19.267244338989258,156.34603881835938,62.782081604003906,141.00376892089844,48.502601623535156,87.6373519897461,163.3800048828125,802.4920654296875,15.584067344665527,30.639392852783203,95.43000030517578,76.69713592529297,47.85584259033203,25.25,274.20001220703125,33.1398811340332,56.53058624267578,33.26980209350586,13.118282318115234,76.58079528808594,143.79058837890625
2021-09-09,19.897720336914062,256.30072021484375,35.76433563232422,31.252952575683594,19.180456161499023,153.10043334960938,63.28213882446289,133.99346923828125,47.99215316772461,87.04660034179688,161.36000061035156,777.25244140625,15.466850280761719,30.560298919677734,98.88999938964844,76.16473388671875,47.83378219604492,25.260000228881836,275.95001220703125,32.98897933959961,56.42140579223633,32.928531646728516,13.118282318115234,76.67874145507812,143.3804168701172
2021-09-10,19.65789031982422,253.76205444335938,34.925601959228516,31.339445114135742,19.330360412597656,149.83892822265625,62.3465461730957,131.8631591796875,47.33723449707031,85.86511993408203,158.22000122070312,767.6477661132812,15.7495698928833,30.36561393737793,99.41000366210938,75.3573226928711,47.591041564941406,24.15999984741211,268.5400085449219,33.08957290649414,55.606746673583984,32.84511184692383,12.96023178100586,77.18632507324219,143.9863739013672
2021-09-13,19.740591049194336,254.39239501953125,34.388153076171875,31.042112350463867,19.756420135498047,151.00830078125,61.73356628417969,131.30308532714844,48.45444869995117,85.47406005859375,160.08999633789062,763.59130859375,16.03917694091797,30.761079788208008,106.16999816894531,75.04678344726562,48.58406066894531,24.209999084472656,273.8399963378906,33.80217361450195,55.707523345947266,33.906837463378906,13.641829490661621,78.55765533447266,144.62026977539062
2021-09-14,19.69923973083496,255.93801879882812,34.46144104003906,30.842084884643555,19.448711395263672,151.60911560058594,61.419010162353516,131.86746215820312,47.97289276123047,84.5422134399414,157.9499969482422,759.3619384765625,16.05986785888672,30.651567459106445,105.16000366210938,75.10000610351562,49.00333023071289,24.65999984741211,272.510009765625,33.62611389160156,55.405181884765625,33.86892318725586,13.543045997619629,77.95213317871094,144.10757446289062
2021-09-15,19.93907356262207,256.68060302734375,34.054283142089844,30.658279418945312,20.332386016845703,151.12844848632812,60.93508529663086,133.4152069091797,45.35321044921875,84.89166259765625,155.52999877929688,767.138427734375,16.839073181152344,30.937511444091797,104.69999694824219,75.07339477539062,48.83415222167969,24.6299991607666,277.7799987792969,34.78304672241211,55.43877029418945,34.84722137451172,13.157795906066895,77.36442565917969,145.08644104003906
2021-09-16,20.079662322998047,256.5769958496094,33.97285461425781,30.19334602355957,19.993122100830078,151.58506774902344,60.43501663208008,133.74868774414062,45.55546188354492,84.37580108642578,156.7899932861328,776.0609130859375,16.459814071655273,30.529878616333008,103.29000091552734,74.53214263916016,49.05481719970703,24.969999313354492,270.3999938964844,34.254886627197266,54.909664154052734,34.968563079833984,13.236821174621582,78.19255828857422,143.46432495117188
2021-09-17,20.34429931640625,253.6497802734375,33.95656204223633,29.8581600189209,19.91421890258789,151.04034423828125,59.78170394897461,134.08218383789062,44.79459762573242,82.9280776977539,160.88999938964844,793.642333984375,16.032285690307617,30.335187911987305,104.0199966430664,72.43814086914062,48.56198501586914,26.469999313354492,281.45001220703125,33.83571243286133,53.86824417114258,34.38455581665039,13.009622573852539,76.42943572998047,142.3362579345703
2021-09-20,19.78194236755371,251.4392852783203,32.783973693847656,29.36080551147461,19.590734481811523,149.9668426513672,60.168853759765625,134.51829528808594,44.58271408081055,82.9030990600586,152.44000244140625,773.3141479492188,15.949538230895996,30.24393081665039,95.69000244140625,72.4825210571289,47.789649963378906,25.719999313354492,268.7200012207031,33.10634994506836,53.71706771850586,33.91395950317383,12.792301177978516,76.3581771850586,142.3828887939453
2021-09-21,19.78194236755371,252.02647399902344,33.093406677246094,29.452701568603516,19.906330108642578,150.43150329589844,60.096248626708984,134.39004516601562,45.45915222167969,82.30406188964844,154.2899932861328,771.468017578125,16.066762924194336,29.824129104614258,95.01000213623047,72.68657684326172,47.95146942138672,26.079999923706055,269.4599914550781,34.34710693359375,53.591102600097656,34.415409088134766,13.078770637512207,76.52738189697266,142.4015350341797
2021-09-22,19.575193405151367,253.47715759277344,33.8262825012207,30.204160690307617,20.23770523071289,150.17515563964844,60.36243438720703,136.41664123535156,45.86847686767578,81.9878921508789,158.2100067138672,782.3094482421875,16.56324577331543,30.04315757751465,95.70999908447266,72.6688461303711,47.12764358520508,26.920000076293945,282.0,34.57345199584961,53.42312240600586,35.16374588012695,13.286212921142578,76.0821304321289,143.0261688232422
2021-09-23,19.467681884765625,248.6847381591797,33.272544860839844,30.247406005859375,20.64009666442871,147.6916961669922,59.894615173339844,132.26931762695312,46.369300842285156,81.87139892578125,158.32000732421875,771.2951049804688,16.59772491455078,30.207422256469727,93.44999694824219,72.10983276367188,47.039371490478516,27.770000457763672,284.1099853515625,35.4537239074707,53.24675750732422,36.050933837890625,13.799880981445312,76.34928131103516,143.1007080078125
2021-09-24,19.384981155395508,243.6592254638672,32.62925338745117,30.209566116333008,20.703214645385742,145.85719299316406,60.152732849121094,130.59332275390625,45.613250732421875,81.92132568359375,153.66000366210938,759.1708374023438,16.508085250854492,29.957975387573242,91.1500015258789,71.6041030883789,46.0242919921875,26.969999313354492,275.3599853515625,35.19383239746094,53.045188903808594,35.950645446777344,13.44426441192627,74.17652130126953,143.7439422607422
2021-09-27,19.393247604370117,237.78614807128906,32.62925338745117,30.40418815612793,21.3659725189209,141.995849609375,59.53166580200195,126.36903381347656,44.91017532348633,81.23072052001953,155.05999755859375,734.4771118164062,17.02525520324707,29.745040893554688,95.55999755859375,69.88278198242188,45.52410888671875,28.399999618530273,280.5199890136719,37.02981185913086,52.440486907958984,37.06156539916992,13.513412475585938,73.72236633300781,141.74896240234375
2021-09-28,19.07071876525879,233.1449737548828,31.55436134338379,30.05818748474121,21.49220848083496,140.24142456054688,58.99127960205078,124.92388916015625,44.187835693359375,80.74815368652344,150.7100067138672,726.6641235351562,17.34934425354004,29.325233459472656,95.25,68.56070709228516,44.317779541015625,26.829999923706055,272.8299865722656,37.28132247924805,52.020565032958984,37.33929443359375,13.31584644317627,73.9984130859375,139.7632598876953
2021-09-29,18.971473693847656,234.23802185058594,31.578794479370117,30.12847328186035,21.3896427154541,140.8102264404297,59.96721649169922,125.49681854248047,43.47513198852539,81.82147216796875,148.39999389648438,729.0653686523438,17.12868881225586,29.58685302734375,94.06999969482422,69.51897430419922,44.288360595703125,25.190000534057617,261.8699951171875,37.36515426635742,52.60845947265625,36.76841354370117,13.592437744140625,74.61286926269531,141.32945251464844
2021-09-30,18.880502700805664,230.24745178222656,31.603229522705078,30.333906173706055,21.56321907043457,138.8475341796875,58.89450454711914,123.52153015136719,42.521644592285156,81.19747161865234,149.97000122070312,718.6510620117188,17.58379554748535,29.41040802001953,95.45999908447266,69.66980743408203,43.861732482910156,25.540000915527344,265.2200012207031,37.36515426635742,52.0457649230957,36.97669982910156,13.35536003112793,73.37509155273438,139.24119567871094
2021-10-01,18.938398361206055,231.28842163085938,31.643932342529297,30.658279418945312,21.776247024536133,138.60720825195312,58.30570983886719,124.04312133789062,42.974308013916016,81.92132568359375,155.36000061035156,717.9143676757812,18.14234161376953,29.075786590576172,96.56999969482422,70.28202819824219,44.575225830078125,25.56999969482422,272.1199951171875,38.05259323120117,51.86099624633789,37.069271087646484,12.77254581451416,74.66626739501953,139.68869018554688
2021-10-04,18.888776779174805,230.09130859375,30.93549346923828,30.593400955200195,22.09973907470703,139.11990356445312,59.1606559753418,124.37659454345703,42.73352813720703,83.83497619628906,145.02999877929688,714.5399780273438,18.273357391357422,29.416494369506836,95.01000213623047,70.41511535644531,45.37699508666992,24.31999969482422,255.27000427246094,38.295719146728516,52.432090759277344,37.54758834838867,11.784723281860352,74.55943298339844,138.74710083007812
2021-10-05,19.335355758666992,229.50137329101562,30.813344955444336,30.485273361206055,22.423219680786133,138.1505584716797,58.70092010498047,122.0250244140625,42.48311996459961,83.34407043457031,147.41000366210938,691.3104248046875,18.500911712646484,29.41040802001953,95.5999984741211,70.5216064453125,45.531463623046875,24.3700008392334,258.70001220703125,39.00830841064453,52.121341705322266,38.65079879760742,11.735331535339355,72.78738403320312,139.69802856445312
2021-10-06,19.368436813354492,232.4596405029297,30.626068115234375,30.39336395263672,22.178632736206055,139.66461181640625,59.822025299072266,124.07734680175781,42.80094528198242,84.74188995361328,153.5800018310547,693.3568725585938,17.900997161865234,29.878894805908203,95.18000030517578,72.02999877929688,45.39906311035156,24.600000381469727,260.4200134277344,38.11129379272461,52.68405532836914,38.35763931274414,11.873626708984375,74.08746337890625,141.03111267089844
2021-10-07,19.922531127929688,230.85472106933594,30.73192596435547,30.577190399169922,22.273313522338867,138.4709930419922,59.563926696777344,122.87164306640625,43.48476028442383,84.00138092041016,157.22999572753906,697.149658203125,17.735498428344727,29.635528564453125,97.5199966430664,71.79930114746094,44.832679748535156,26.09000015258789,263.6099853515625,38.58913803100586,52.63365173339844,38.28049087524414,11.676061630249023,73.8470458984375,143.55752563476562
2021-10-08,19.90599250793457,227.35861206054688,31.0087890625,30.420408248901367,22.77826690673828,136.043701171875,58.63640213012695,120.28059387207031,42.43496322631836,83.64360809326172,154.36000061035156,683.0245361328125,18.156131744384766,29.416494369506836,98.66999816894531,71.16931915283203,44.4501838684082,27.190000534057617,261.8699951171875,39.041847229003906,52.54127502441406,38.666229248046875,11.320446014404297,73.63333892822266,144.23805236816406
2021-10-11,19.848094940185547,226.94224548339844,31.05763816833496,30.209566116333008,22.95973777770996,135.19444274902344,58.168609619140625,119.48535919189453,41.58742141723633,82.96134948730469,161.25999450683594,682.16064453125,18.245773315429688,28.941938400268555,102.29000091552734,69.05757904052734,44.288360595703125,27.649999618530273,276.82000732421875,39.502933502197266,52.003761291503906,39.036537170410156,11.409350395202637,73.76690673828125,143.6414337158203
2021-10-12,19.864643096923828,229.50137329101562,32.246524810791016,30.296058654785156,22.95973777770996,136.6685333251953,58.49121856689453,121.31529998779297,42.617958068847656,83.0528793334961,169.83999633789062,690.7283325195312,18.321632385253906,29.37999153137207,105.2699966430664,69.9803695678711,44.36192321777344,29.780000686645508,298.4100036621094,39.41071701049805,52.154937744140625,38.812808990478516,12.031679153442383,74.16761779785156,143.99571228027344
2021-10-13,19.80674934387207,229.18038940429688,33.05269241333008,30.42581558227539,23.030750274658203,135.9635467529297,59.17679977416992,123.41888427734375,44.418983459472656,83.78504943847656,173.2100067138672,694.3845825195312,18.61813735961914,29.860641479492188,106.0199966430664,71.15157318115234,45.38435745239258,33.59000015258789,303.7200012207031,39.796356201171875,52.49928283691406,38.851383209228516,12.7330322265625,74.16761779785156,144.4711456298828
2021-10-14,20.079662322998047,232.38153076171875,32.54783248901367,30.847484588623047,23.235885620117188,137.21324157714844,59.402626037597656,127.36949920654297,43.77369689941406,84.57551574707031,173.77999877929688,700.0238647460938,18.900856018066406,30.499465942382812,106.19999694824219,72.27845001220703,45.35492706298828,31.809999465942383,305.5299987792969,40.316131591796875,53.12916946411133,39.29112243652344,12.574980735778809,74.75532531738281,147.25857543945312
2021-10-15,20.18717384338379,233.64804077148438,32.63739776611328,31.063737869262695,23.61460304260254,135.2665557861328,58.959014892578125,126.16381072998047,44.168575286865234,83.49385833740234,172.9199981689453,710.7018432617188,18.790529251098633,30.30477523803711,105.11000061035156,72.46476745605469,45.31814956665039,31.239999771118164,299.489990234375,40.835906982421875,53.019996643066406,39.78487014770508,12.891084671020508,74.8978042602539,147.45437622070312
2021-10-18,19.72404670715332,232.49429321289062,32.262813568115234,30.99345588684082,23.441024780273438,134.43341064453125,58.03954315185547,126.16381072998047,43.91816329956055,83.08617401123047,179.97000122070312,698.3140258789062,18.89396095275879,30.353443145751953,104.77999877929688,71.86141204833984,45.546173095703125,32.59000015258789,306.0799865722656,40.74369430541992,52.448890686035156,40.024024963378906,12.713275909423828,74.22994995117188,146.51278686523438
2021-10-19,19.972150802612305,236.74510192871094,32.80025100708008,31.0042724609375,23.55937385559082,138.4950408935547,60.668914794921875,128.1904296875,44.77534103393555,84.1428451538086,187.05999755859375,709.1372680664062,19.190473556518555,30.61505699157715,108.27999877929688,72.78418731689453,45.91395950317383,33.439998626708984,317.2200012207031,41.32215881347656,52.8856201171875,40.21688461303711,12.9207181930542,74.8621826171875,148.0789337158203
2021-10-20,20.699913024902344,239.46914672851562,32.86540222167969,31.463783264160156,23.77239990234375,140.193359375,61.77388000488281,130.9695281982422,46.05628204345703,85.05803680419922,180.10000610351562,722.0255126953125,19.486988067626953,31.15653419494629,103.2300033569336,74.46117401123047,46.39207077026367,32.91999816894531,307.3599853515625,41.447898864746094,53.507110595703125,40.363468170166016,13.661585807800293,75.31633758544922,149.6265106201172
2021-10-21,20.501432418823242,242.0717010498047,32.50710678100586,31.215103149414062,23.227994918823242,142.54859924316406,62.33847427368164,132.3548126220703,45.892555236816406,85.69872283935547,179.8000030517578,736.8690795898438,19.135311126708984,31.071361541748047,106.29000091552734,74.36356353759766,46.01693344116211,33.66999816894531,309.0299987792969,40.95327377319336,53.885047912597656,39.800296783447266,13.888784408569336,74.0429458618164,150.9130096435547
2021-10-22,20.61721420288086,246.76490783691406,32.00223159790039,31.252952575683594,23.283226013183594,143.49392700195312,62.33847427368164,134.15911865234375,45.57472610473633,86.34770202636719,176.6999969482422,746.7467041015625,19.03187370300293,31.21739387512207,106.22000122070312,74.9048080444336,46.20818328857422,32.70000076293945,303.25,40.81915283203125,52.86882019042969,39.46855545043945,14.0665922164917,72.16405487060547,153.2809295654297
2021-10-25,20.815696716308594,246.87771606445312,32.53968048095703,31.415138244628906,23.441024780273438,142.30825805664062,61.70130157470703,134.01380920410156,45.10279846191406,85.56558227539062,179.42999267578125,748.3475341796875,19.3697566986084,31.38773536682129,109.04000091552734,74.78947448730469,46.01693344116211,34.880001068115234,311.9200134277344,41.129337310791016,52.75123977661133,39.30656051635742,13.869028091430664,72.11064147949219,150.232421875
2021-10-26,20.981098175048828,248.92506408691406,32.56410598754883,31.901687622070312,23.385791778564453,144.2629852294922,61.77388000488281,134.4669952392578,44.89091491699219,85.94001770019531,173.4600067138672,756.5969848632812,19.321489334106445,31.649351119995117,108.94000244140625,75.83646392822266,46.561256408691406,34.16999816894531,313.8800048828125,40.961666107177734,53.14596939086914,39.18311309814453,13.869028091430664,71.62085723876953,148.48916625976562
2021-10-27,21.220928192138672,247.60647583007812,32.873538970947266,32.355804443359375,23.078086853027344,142.7969207763672,61.28995895385742,134.15911865234375,45.70474624633789,85.49903869628906,216.22000122070312,750.2030639648438,17.956159591674805,31.62501335144043,110.2300033569336,75.42830657958984,47.13499450683594,34.40999984741211,342.5400085449219,41.89223861694336,52.60845947265625,38.89766311645508,14.046835899353027,73.28605651855469,144.63894653320312
2021-10-28,21.146495819091797,248.1182403564453,34.3800163269043,32.40987014770508,23.05441665649414,145.72096252441406,61.57225036621094,136.8955078125,46.79788589477539,85.27438354492188,224.4600067138672,770.6493530273438,17.880306243896484,32.093482971191406,117.87999725341797,76.67938995361328,47.91469192504883,37.11000061035156,351.5799865722656,39.77120590209961,52.69245147705078,39.14454650878906,14.501235008239746,73.66893768310547,146.82977294921875
2021-10-29,20.782609939575195,244.61354064941406,33.720420837402344,31.804380416870117,22.71514892578125,144.43923950195312,61.2415657043457,134.94583129882812,45.37247085571289,84.875,231.6300048828125,761.3446655273438,17.5355281829834,32.36119079589844,119.58999633789062,75.71223449707031,47.13499450683594,38.27000045776367,354.67999267578125,38.496917724609375,52.3397102355957,38.65851974487305,14.274035453796387,71.59414672851562,149.374755859375
2021-11-01,21.107929229736328,244.726318359375,34.673160552978516,31.7178897857666,23.101755142211914,145.40858459472656,60.82215881347656,135.16819763183594,46.855674743652344,85.1246109008789,239.52999877929688,755.3327026367188,18.094074249267578,32.78707504272461,121.13999938964844,75.94293975830078,47.716094970703125,41.650001525878906,360.92999267578125,38.698123931884766,52.474082946777344,38.76652526855469,14.323426246643066,73.41960906982422,148.48916625976562
2021-11-02,21.107929229736328,245.20347595214844,34.3800163269043,31.701663970947266,22.044504165649414,146.44198608398438,60.88667678833008,135.0826873779297,46.23927688598633,85.24111938476562,237.61000061035156,761.1991577148438,17.928573608398438,32.69580841064453,118.6500015258789,75.79210662841797,47.49542236328125,41.22999954223633,355.1600036621094,38.06098175048828,52.48249053955078,38.9516716003418,13.602316856384277,72.92094421386719,150.3070526123047
2021-11-03,21.049686431884766,243.42501831054688,34.21714401245117,32.06388473510742,21.50798797607422,146.5381317138672,60.87862777709961,135.535888671875,44.187835693359375,85.31598663330078,236.5800018310547,762.0814208984375,17.859621047973633,32.88441848754883,116.83000183105469,75.63238525390625,47.72344207763672,40.040000915527344,352.989990234375,37.549591064453125,52.532867431640625,38.22649002075195,11.478497505187988,73.74909973144531,148.89932250976562
2021-11-04,20.89992904663086,241.99363708496094,34.135719299316406,32.11793899536133,21.54743766784668,145.04002380371094,60.84634780883789,133.534912109375,43.735172271728516,84.05130004882812,242.60000610351562,730.8934326171875,17.859621047973633,32.92091369628906,116.66000366210938,75.20648956298828,47.45863723754883,40.22999954223633,349.8299865722656,37.61665725708008,52.490875244140625,38.303646087646484,11.231541633605957,71.65648651123047,149.82229614257812
2021-11-05,20.791767120361328,241.02197265625,33.720420837402344,32.247684478759766,21.973493576049805,144.30300903320312,61.725494384765625,132.94488525390625,43.763099670410156,84.6004409790039,237.89999389648438,711.1838989257812,18.121654510498047,32.939170837402344,116.30999755859375,75.88969421386719,47.37773513793945,38.369998931884766,344.07000732421875,38.362789154052734,52.99479675292969,38.581363677978516,10.717873573303223,75.33413696289062,149.05783081054688
2021-11-08,19.893203735351562,241.82876586914062,32.95498275756836,33.020755767822266,22.107620239257812,144.1748504638672,60.152732849121094,133.44937133789062,44.08189392089844,84.38411712646484,241.6199951171875,715.71337890625,18.68019676208496,32.318599700927734,115.02999877929688,75.05565643310547,47.36301803588867,40.939998626708984,349.8999938964844,38.38793182373047,52.59166717529297,38.75109100341797,11.3994722366333,75.47661590576172,149.20697021484375
2021-11-09,19.876564025878906,242.83505249023438,32.84097671508789,32.7720832824707,22.24964141845703,144.87985229492188,60.152732849121094,134.38145446777344,43.64849090576172,84.83340454101562,239.38999938964844,725.6181030273438,18.487123489379883,32.90876007080078,114.0999984741211,75.36620330810547,47.1644172668457,40.720001220703125,351.1400146484375,38.5975227355957,53.20475769042969,39.39912414550781,11.389593124389648,76.03761291503906,148.768798828125
2021-11-10,20.051284790039062,239.33029174804688,32.84912109375,32.85317611694336,21.888818740844727,144.47128295898438,61.03993606567383,131.7819061279297,43.263240814208984,85.37531280517578,231.47999572753906,710.7198486328125,17.890092849731445,33.127784729003906,110.98999786376953,75.59687805175781,47.819068908691406,40.18000030517578,343.29998779296875,37.65715026855469,53.633087158203125,38.666229248046875,11.577280044555664,77.48018646240234,151.09947204589844
2021-11-11,20.700246810913086,236.3808135986328,32.612972259521484,31.820598602294922,21.880834579467773,144.72763061523438,60.547935485839844,131.40567016601562,43.898902893066406,84.22432708740234,250.49000549316406,704.5897216796875,18.140005111694336,33.279884338378906,113.5999984741211,75.74771881103516,47.789649963378906,43.439998626708984,358.25,37.48772048950195,52.95279312133789,38.61994552612305,11.666184425354004,75.89515686035156,150.31634521484375
2021-11-12,20.56713104248047,236.05116271972656,32.47453689575195,31.782751083374023,21.85688591003418,144.82374572753906,60.28175735473633,133.6717071533203,44.611610412597656,83.9134521484375,251.6199951171875,705.24462890625,17.77207374572754,33.33074188232422,110.91999816894531,76.58177185058594,48.14271545410156,43.13999938964844,362.4100036621094,37.41994094848633,52.52843475341797,38.249637603759766,12.002042770385742,76.18010711669922,151.93850708007812
2021-11-15,20.82504653930664,225.98797607421875,32.28723907470703,31.7178897857666,21.992595672607422,146.4259796142578,61.20124435424805,137.84469604492188,43.69664764404297,84.51835632324219,244.7100067138672,725.6636962890625,18.18860626220703,33.557437896728516,112.30999755859375,77.49568176269531,48.48843002319336,41.81999969482422,368.3299865722656,38.36030960083008,52.79153823852539,38.40392303466797,11.587157249450684,75.54331970214844,151.9571075439453
2021-11-16,20.850006103515625,224.7213897705078,32.53154373168945,31.44757080078125,22.08839225769043,144.36712646484375,60.82215881347656,138.2808074951172,42.906890869140625,83.24134826660156,251.58999633789062,725.7821044921875,18.74398422241211,33.238826751708984,104.48999786376953,77.17627716064453,47.99560546875,43.11000061035156,360.5,38.62293243408203,52.621795654296875,38.25735092163086,11.468618392944336,75.33704376220703,153.47669982910156
2021-11-17,20.592090606689453,223.41140747070312,32.54783248901367,31.1556396484375,21.896799087524414,147.964111328125,60.77376174926758,140.3330841064453,42.34828186035156,83.16573333740234,254.86000061035156,728.429443359375,18.59819793701172,32.82832717895508,103.94000244140625,77.88609313964844,48.40752029418945,41.9900016784668,365.0,38.41115188598633,52.76607894897461,37.90247344970703,11.537766456604004,77.32809448242188,154.203857421875
2021-11-18,20.3591251373291,224.65196228027344,31.643932342529297,31.236730575561523,21.785045623779297,146.86660766601562,60.64472198486328,140.4955596923828,42.08824157714844,82.64485168457031,254.47999572753906,723.7193603515625,18.084474563598633,32.80381393432617,103.43000030517578,77.72637939453125,48.67232131958008,40.41999816894531,355.4200134277344,38.182403564453125,52.307762145996094,37.77131652832031,11.557523727416992,77.26531219482422,153.34616088867188
2021-11-19,20.45064926147461,226.40435791015625,31.652080535888672,31.10698699951172,20.93886947631836,147.19503784179688,59.83817672729492,141.590087890625,41.47184753417969,82.68685150146484,267.739990234375,719.78515625,17.140331268310547,32.846710205078125,108.37000274658203,78.35635375976562,48.716453552246094,44.54999923706055,365.1300048828125,36.606658935546875,53.19044494628906,36.41352844238281,11.261177062988281,75.5074234008789,152.32070922851562
2021-11-22,20.75016975402832,223.49818420410156,31.342653274536133,30.587997436523438,21.28212547302246,145.76907348632812,59.71718215942383,139.53781127929688,40.58577346801758,84.22432708740234,261.1199951171875,709.4520263671875,17.286117553710938,33.06114959716797,108.16000366210938,77.51343536376953,48.64289474487305,42.810001373291016,353.6499938964844,36.538875579833984,53.5723762512207,36.72211837768555,10.707996368408203,75.34600067138672,151.97579956054688
2021-11-23,20.475608825683594,227.28921508789062,30.357330322265625,30.788022994995117,21.92074966430664,147.13894653320312,60.34628677368164,141.18817138671875,40.42012023925781,84.63597869873047,250.5,711.41455078125,17.897035598754883,33.31848907470703,107.13999938964844,77.46907806396484,49.0254020690918,42.27000045776367,350.0199890136719,37.343692779541016,53.47902297973633,37.447303771972656,10.559822082519531,76.9334716796875,153.67247009277344
2021-11-24,20.56713104248047,230.30812072753906,30.22705078125,30.928579330444336,22.072425842285156,149.5342559814453,60.410804748535156,142.1288299560547,40.307437896728516,84.16551208496094,255.10000610351562,728.0551147460938,17.84843635559082,33.398136138916016,108.27999877929688,77.72306823730469,49.01804733276367,42.90999984741211,348.489990234375,37.479244232177734,53.55540466308594,37.48586654663086,10.6289701461792,78.09041595458984,154.49285888671875
2021-11-26,19.826644897460938,228.04396057128906,29.868751525878906,30.46906280517578,20.723329544067383,147.00277709960938,59.41876220703125,140.88890075683594,42.126766204833984,83.40936279296875,247.4199981689453,724.6322021484375,17.168100357055664,32.73642349243164,105.91999816894531,76.72488403320312,49.08424758911133,40.25,341.44000244140625,35.640869140625,52.655738830566406,35.98149871826172,11.063612937927246,73.47154998779297,152.39527893066406
2021-11-29,19.65192222595215,231.5747528076172,30.717782974243164,31.161914825439453,20.89894676208496,148.8693389892578,60.0236701965332,144.33502197265625,41.3081169128418,84.19911193847656,256.7099914550781,748.511474609375,17.348600387573242,33.189823150634766,106.8499984741211,79.01534271240234,49.09895706176758,41.619998931884766,347.2099914550781,35.962799072265625,53.31775665283203,35.87350082397461,11.113003730773926,73.57915496826172,155.5276336669922
2021-11-30,19.452239990234375,227.70562744140625,30.405757904052734,30.998252868652344,20.723329544067383,145.52072143554688,57.426570892333984,143.4371337890625,41.2118034362793,81.50225830078125,250.0,741.3916625976562,17.39719581604004,32.30752944946289,103.5999984741211,77.33983612060547,48.59877014160156,39.849998474121094,327.760009765625,35.615455627441406,51.85791778564453,35.48004150390625,10.96483039855957,71.40876770019531,149.7849884033203
2021-12-01,19.61863899230957,224.64329528808594,29.773502349853516,30.60544776916504,20.54770851135254,144.64756774902344,57.14427185058594,139.24708557128906,40.537620544433594,81.17459106445312,236.86000061035156,733.4042358398438,17.09867286682129,32.03794479370117,101.63999938964844,78.28451538085938,48.54727554321289,36.709999084472656,315.04998779296875,35.23422622680664,51.891876220703125,35.780921936035156,10.57957935333252,71.17557525634766,149.63580322265625
2021-12-02,20.034645080566406,230.96746826171875,29.33831787109375,30.638179779052734,21.6014404296875,148.71714782714844,58.46261215209961,141.69271850585938,39.815284729003906,82.03993225097656,235.0,728.9861450195312,17.674884796142578,32.423954010009766,102.04000091552734,78.97967529296875,49.158958435058594,36.41999816894531,318.5400085449219,37.1657829284668,52.630287170410156,37.10784912109375,10.34250259399414,73.61505126953125,153.19583129882812
2021-12-03,19.768402099609375,231.59205627441406,28.377614974975586,30.752742767333984,21.481698989868164,148.09230041503906,59.43915557861328,141.33358764648438,38.274295806884766,83.9134521484375,217.10000610351562,724.8056030273438,17.355541229248047,32.31365966796875,98.25,78.45387268066406,49.85524368286133,33.459999084472656,307.0,36.92010498046875,53.32625198364258,36.93812561035156,10.036275863647461,72.10830688476562,152.7093048095703
2021-12-06,20.267602920532227,233.85633850097656,28.77996063232422,30.97641944885254,21.816974639892578,150.46353149414062,60.45640182495117,141.22235107421875,39.85380935668945,85.03085327148438,212.94000244140625,727.03271484375,17.744300842285156,32.79769515991211,99.11000061035156,79.45203399658203,50.529056549072266,34.04999923706055,307.6300048828125,37.691043853759766,54.87944412231445,37.90247344970703,10.095545768737793,74.47602844238281,152.95252990722656
2021-12-07,20.65032958984375,240.1371307373047,29.395782470703125,31.811126708984375,21.984617233276367,153.9323272705078,61.408538818359375,143.16346740722656,40.97102355957031,84.99723052978516,222.55999755859375,741.993896484375,18.292736053466797,33.03663635253906,101.19999694824219,80.574951171875,50.87346267700195,36.41999816894531,325.8299865722656,37.64867401123047,54.718177795410156,38.14162063598633,10.648727416992188,76.0365982055664,153.6729278564453
2021-12-08,20.700246810913086,239.30430603027344,28.656795501708984,31.63654899597168,21.952686309814453,153.45166015625,61.13996887207031,143.75350952148438,40.81210708618164,84.72840118408203,225.61000061035156,743.4544677734375,18.68844985961914,32.73642349243164,100.70999908447266,80.49473571777344,51.48738098144531,36.599998474121094,330.55999755859375,37.78422546386719,54.9558219909668,38.704811096191406,10.668482780456543,76.86170196533203,152.99929809570312
2021-12-09,20.42568016052246,235.14889526367188,28.361190795898438,31.374675750732422,21.6812686920166,151.90550231933594,62.00260925292969,142.22288513183594,40.37870788574219,84.24951934814453,216.35000610351562,729.15966796875,18.278854370117188,32.558738708496094,96.63999938964844,80.12935638427734,51.771888732910156,34.41999816894531,313.3800048828125,37.30133819580078,54.80305099487305,38.26505661010742,10.391894340515137,75.4715805053711,152.3069305419922
2021-12-10,20.31752586364746,236.4589080810547,27.720720291137695,31.336477279663086,21.880834579467773,154.781494140625,61.81543731689453,142.889892578125,40.21016311645508,85.28291320800781,215.02000427246094,728.3291015625,18.32744598388672,33.030513763427734,97.19999694824219,80.45909118652344,52.063873291015625,33.220001220703125,309.0899963378906,37.40299606323242,55.235904693603516,38.62765884399414,10.21408462524414,74.18006134033203,154.1126708984375
2021-12-13,19.901525497436523,239.45175170898438,27.942426681518555,30.98188591003418,21.226247787475586,159.12347412109375,62.45830535888672,146.58396911621094,39.718971252441406,86.56829833984375,213.52000427246094,745.0153198242188,17.87620735168457,33.17143249511719,97.06999969482422,81.76026916503906,51.869205474853516,32.22999954223633,303.6700134277344,36.284725189208984,56.169525146484375,38.04905319213867,10.154815673828125,74.83480072021484,153.65423583984375
2021-12-14,19.64360237121582,237.18753051757812,27.753570556640625,31.047348022460938,21.19431495666504,157.29949951171875,62.336246490478516,143.98394775390625,39.198890686035156,86.34146881103516,202.32000732421875,735.5767822265625,17.73042106628418,32.99375534057617,95.31999969482422,80.2363052368164,52.108795166015625,30.549999237060547,298.29998779296875,36.157649993896484,55.99129104614258,37.98733901977539,9.641148567199707,73.7137222290039,152.11048889160156
2021-12-15,20.076242446899414,238.0030059814453,28.10664939880371,31.423778533935547,21.250202178955078,158.99436950683594,63.63831329345703,146.67864990234375,39.91159439086914,87.22362518310547,204.0399932861328,745.8551635742188,18.14695167541504,33.50840759277344,95.18000030517578,81.99199676513672,52.58795166015625,31.360000610351562,305.5,36.284725189208984,56.65331268310547,38.64308166503906,9.759686470031738,74.39530181884766,152.063720703125
2021-12-16,20.018003463745117,242.44471740722656,28.911338806152344,31.391040802001953,21.33800506591797,161.794921875,63.93939971923828,148.0734100341797,40.3738899230957,87.82852935791016,190.85000610351562,751.15869140625,18.535717010498047,33.30622482299805,91.19999694824219,82.19697570800781,52.086334228515625,29.649999618530273,287.0299987792969,36.31012725830078,57.3322868347168,38.735652923583984,9.749808311462402,74.52985382080078,155.34764099121094
2021-12-17,20.0429630279541,241.91551208496094,29.880250930786133,31.374675750732422,20.994747161865234,162.49705505371094,62.36066436767578,147.6859893798828,40.07532501220703,86.56829833984375,189.11000061035156,750.574462890625,18.389930725097656,32.791561126708984,93.16000366210938,81.04730224609375,52.7302131652832,29.75,288.8500061035156,35.67475509643555,56.72968292236328,38.087623596191406,9.601634979248047,74.61955261230469,150.92227172851562
2021-12-20,19.31911849975586,241.56849670410156,29.149459838867188,31.123722076416016,20.47586441040039,163.13467407226562,63.44300842285156,147.3502197265625,40.19089889526367,87.09760284423828,178.72999572753906,750.6565551757812,18.299680709838867,32.718040466308594,85.76000213623047,80.1561050415039,53.31418991088867,27.329999923706055,258.3599853515625,35.52225875854492,56.96734619140625,37.848472595214844,9.413948059082031,72.0455322265625,150.24864196777344
2021-12-21,19.726802825927734,241.03933715820312,29.445058822631836,31.49469757080078,21.098522186279297,160.26951599121094,62.77568817138672,146.25682067871094,40.9421272277832,86.55150604248047,189.0,734.4358520507812,19.382667541503906,33.04890060424805,89.12000274658203,80.61061096191406,53.5238151550293,28.959999084472656,281.1000061035156,36.471092224121094,56.34775924682617,38.997962951660156,9.552244186401367,74.11730194091797,149.72467041015625
2021-12-22,19.610322952270508,243.98892211914062,29.584653854370117,31.887500762939453,21.36994171142578,161.0766143798828,62.783836364746094,147.57408142089844,41.548892974853516,86.66911315917969,189.3300018310547,747.3523559570312,19.347959518432617,33.312355041503906,87.91999816894531,80.92253112792969,54.107791900634766,28.8799991607666,284.010009765625,36.86927795410156,56.56843185424805,39.12910461425781,9.690539360046387,74.40428924560547,150.31411743164062
2021-12-23,19.59368133544922,243.012451171875,30.093738555908203,32.05116271972656,21.52959442138672,160.9232635498047,62.938446044921875,146.19654846191406,41.433319091796875,86.50950622558594,188.1699981689453,747.3795166015625,19.049440383911133,33.38587951660156,87.37000274658203,80.83340454101562,54.18267822265625,29.399999618530273,283.2900085449219,37.140380859375,56.475067138671875,39.40684127807617,9.789320945739746,74.25183868408203,151.51170349121094
2021-12-27,19.693525314331055,249.13265991210938,30.110157012939453,32.39486312866211,21.665306091308594,165.24920654296875,63.0117073059082,149.37342834472656,40.605037689208984,86.77835845947266,188.69000244140625,762.3043212890625,19.049440383911133,33.58193588256836,87.86000061035156,81.385986328125,54.369842529296875,29.600000381469727,285.6000061035156,37.55548858642578,56.831539154052734,39.35283660888672,9.907858848571777,75.3729019165039,153.24256896972656
2021-12-28,19.751766204833984,251.51271057128906,29.929515838623047,32.70582580566406,21.60942268371582,166.50015258789062,63.402305603027344,150.5443115234375,40.730247497558594,87.85372924804688,186.7899932861328,764.9513549804688,18.882831573486328,34.07209777832031,87.3499984741211,81.88504791259766,54.3997917175293,28.329999923706055,278.82000732421875,37.292869567871094,57.48507308959961,39.51485061645508,9.621390342712402,75.99176788330078,154.505615234375
2021-12-29,19.7850399017334,251.8527374267578,29.21515655517578,32.809471130371094,21.545555114746094,167.30726623535156,63.81734085083008,150.88868713378906,40.70134735107422,88.01336669921875,185.47000122070312,768.5935668945312,18.72315216064453,34.70930480957031,87.18000030517578,81.98309326171875,54.983768463134766,27.959999084472656,278.0400085449219,37.004817962646484,57.77364730834961,39.32198715209961,9.739930152893066,76.33255767822266,155.665771484375
2021-12-30,20.10952377319336,253.82313537597656,29.535383224487305,32.831295013427734,21.306076049804688,167.80763244628906,63.85803985595703,151.60325622558594,40.75913619995117,88.0385513305664,186.41000366210938,771.7792358398438,18.521833419799805,35.138187408447266,88.04000091552734,82.67823791503906,54.62439727783203,28.84000015258789,282.3500061035156,36.767616271972656,58.019771575927734,39.12467956542969,10.006643295288086,77.04109954833984,155.05764770507812
2021-12-31,20.217683792114258,255.00877380371094,30.24154281616211,33.17500305175781,21.258176803588867,168.469482421875,63.931270599365234,152.27479553222656,41.154014587402344,88.1309814453125,182.94000244140625,772.0986938476562,18.278854370117188,35.389400482177734,87.16000366210938,83.20404815673828,54.145233154296875,28.229999542236328,280.57000732421875,36.767616271972656,58.20649719238281,38.72536087036133,10.046154975891113,76.92451477050781,156.15228271484375
2022-01-03,20.284244537353516,249.6732177734375,30.101945877075195,33.327754974365234,21.848905563354492,167.662353515625,63.76038360595703,150.7423095703125,41.75114822387695,86.94636535644531,184.4499969482422,763.2169189453125,18.54960060119629,34.966636657714844,88.58000183105469,81.68898010253906,54.13774490356445,28.790000915527344,282.45001220703125,37.818115234375,57.8585090637207,39.915462493896484,9.897981643676758,76.73616027832031,152.2601776123047
2022-01-04,20.34248924255371,246.52587890625,29.584653854370117,33.22955322265625,22.790874481201172,163.1508026123047,63.556922912597656,145.57666015625,40.01753616333008,86.8791732788086,178.27999877929688,743.6097412109375,18.7300968170166,34.92987823486328,87.27999877929688,80.81558227539062,54.242557525634766,28.149999618530273,273.1000061035156,38.94486618041992,57.8585090637207,40.11903762817383,9.91773796081543,79.05008697509766,153.71969604492188
2022-01-05,19.410642623901367,230.6587371826172,28.76353645324707,32.4930534362793,22.647184371948242,152.1019287109375,64.46024322509766,140.23023986816406,38.9292106628418,87.0723876953125,157.1999969482422,720.3052978515625,19.042497634887695,34.90536880493164,83.51000213623047,79.96894836425781,53.718475341796875,26.270000457763672,249.80999755859375,38.96181869506836,57.92641067504883,40.236480712890625,9.68066120147705,78.00970458984375,151.41812133789062
2022-01-06,19.335763931274414,230.9376983642578,28.024538040161133,31.99660301208496,22.998428344726562,155.3624725341797,64.33817291259766,138.43948364257812,37.118553161621094,86.92958068847656,151.49000549316406,707.507568359375,19.334075927734375,34.75831604003906,83.97000122070312,76.4397201538086,53.17942428588867,25.219999313354492,248.24000549316406,39.597198486328125,57.8585090637207,40.79238510131836,9.325044631958008,78.59266662597656,152.36309814453125
2022-01-07,19.219280242919922,232.41102600097656,28.517194747924805,32.12753677368164,23.684951782226562,157.1623077392578,65.2740249633789,138.66331481933594,35.90502166748047,87.79491424560547,145.1300048828125,707.3798828125,19.31324577331543,34.70317459106445,84.68000030517578,77.01010131835938,53.61366271972656,24.959999084472656,248.91000366210938,40.04619598388672,58.257415771484375,41.47356414794922,9.147236824035645,78.77205657958984,151.3433074951172
2022-01-10,19.102798461914062,230.5192108154297,28.229822158813477,32.41122817993164,23.597137451171875,153.8855438232422,64.96479797363281,137.0963897705078,36.29027557373047,87.84532165527344,147.1300048828125,697.6949462890625,19.000843048095703,34.81346893310547,84.30000305175781,75.12071990966797,53.56125259399414,24.75,255.47000122070312,39.825931549072266,58.16404724121094,41.65364074707031,9.068211555480957,78.51195526123047,149.14462280273438
2022-01-11,19.418960571289062,227.1016387939453,29.009870529174805,32.70036697387695,24.379457473754883,151.3997344970703,64.3951416015625,136.91558837890625,36.001338958740234,86.72795104980469,148.50999450683594,700.0225830078125,19.34101676940918,34.07822036743164,84.44999694824219,75.56631469726562,53.62863540649414,25.100000381469727,261.0899963378906,41.07975769042969,57.41716003417969,42.83592224121094,9.1669921875,77.4267349243164,149.19139099121094
2022-01-12,19.493844985961914,226.14266967773438,28.303707122802734,32.52033996582031,24.89833641052246,152.87669372558594,64.54975891113281,136.8467559814453,36.62736511230469,87.05559539794922,149.27999877929688,697.8134765625,19.59093475341797,34.30492401123047,84.12000274658203,75.83368682861328,53.93560791015625,24.649999618530273,261.0199890136719,41.76597213745117,57.527503967285156,43.86943435668945,9.275652885437012,77.40880584716797,149.16336059570312
2022-01-13,19.3607234954834,222.6989288330078,28.098438262939453,32.3566780090332,24.92228126525879,151.2302703857422,64.89968872070312,135.70164489746094,36.584022521972656,87.50088500976562,143.49000549316406,682.8980102539062,19.64647102355957,34.611270904541016,82.77999877929688,75.66435241699219,54.669307708740234,23.90999984741211,260.42999267578125,41.715145111083984,58.01127243041992,43.470115661621094,9.364557266235352,78.66442108154297,147.31080627441406
2022-01-14,19.186002731323242,218.4967498779297,27.343013763427734,32.49851989746094,25.576873779296875,148.62339782714844,64.42767333984375,134.20361328125,35.79907989501953,87.40845489501953,142.83999633789062,681.6566162109375,20.333751678466797,34.458106994628906,83.0199966430664,74.14927673339844,55.1409912109375,23.440000534057617,253.8300018310547,42.401371002197266,58.274383544921875,44.70719528198242,9.236140251159668,78.48503112792969,146.56231689453125
2022-01-18,18.794958114624023,218.15670776367188,27.21163558959961,32.38941192626953,25.848289489746094,148.50233459472656,63.84988784790039,134.1950225830078,35.433101654052734,85.58533477783203,135.9199981689453,678.1697387695312,20.15325355529785,34.33555603027344,81.5,72.4113998413086,55.2532958984375,22.829999923706055,238.8000030517578,43.163818359375,57.722713470458984,45.16132736206055,9.008941650390625,78.1890869140625,145.3460693359375
2022-01-19,19.194320678710938,217.08438110351562,27.441543579101562,32.93495178222656,25.624767303466797,147.84860229492188,64.31375885009766,133.38572692871094,35.933921813964844,85.83738708496094,134.5800018310547,666.8049926757812,19.896394729614258,34.611270904541016,81.37000274658203,73.60562133789062,55.46292495727539,20.989999771118164,232.08999633789062,43.036746978759766,57.99430465698242,45.717220306396484,9.097846031188965,76.70923614501953,145.09347534179688
2022-01-20,19.460561752319336,214.4166259765625,27.408702850341797,32.945865631103516,25.034042358398438,146.60569763183594,64.3625717163086,133.7904052734375,37.09447479248047,85.9549789428711,134.69000244140625,666.8233032226562,19.88945198059082,34.9114990234375,81.48999786376953,74.4255599975586,55.37308883666992,21.600000381469727,231.32000732421875,41.92693328857422,57.61237335205078,44.72286605834961,9.216383934020996,77.11283874511719,143.3625946044922
2022-01-21,19.094480514526367,213.38784790039062,26.6943302154541,32.973140716552734,24.515155792236328,147.08993530273438,64.54161834716797,133.40296936035156,35.69314193725586,86.51790618896484,126.0199966430664,658.6719360351562,19.382667541503906,34.782833099365234,76.81999969482422,73.61454772949219,55.088584899902344,21.059999465942383,220.30999755859375,41.21531677246094,57.55295944213867,43.556251525878906,8.77186393737793,78.48503112792969,141.65045166015625
2022-01-24,18.794958114624023,216.56126403808594,27.014572143554688,32.62399673461914,23.932415008544922,148.18756103515625,63.86616897583008,132.50759887695312,34.79744338989258,86.18184661865234,128.10000610351562,667.1246337890625,19.570104598999023,34.372318267822266,77.93000030517578,73.00852966308594,54.60942077636719,20.700000762939453,225.8699951171875,40.664642333984375,57.179534912109375,43.38399887084961,8.76198673248291,77.1487045288086,140.1441192626953
2022-01-25,18.44551658630371,218.41824340820312,26.218095779418945,32.48760223388672,25.06597137451172,147.033447265625,63.45927429199219,131.44000244140625,33.13509750366211,85.96338653564453,122.6500015258789,656.9284057617188,20.111602783203125,33.980194091796875,75.94000244140625,66.930419921875,54.6917724609375,19.729999542236328,212.74000549316406,42.138736724853516,57.07767105102539,44.14346694946289,8.297708511352539,76.70923614501953,138.478759765625
2022-01-26,18.653520584106445,211.5047149658203,26.801076889038086,32.367576599121094,25.145801544189453,142.77207946777344,63.036109924316406,127.18695068359375,33.8487663269043,85.65254974365234,121.75,635.166748046875,19.750606536865234,34.12724304199219,76.37000274658203,64.738037109375,53.913143157958984,19.469999313354492,214.1300048828125,43.12993240356445,56.88246536254883,44.730690002441406,8.77186393737793,75.20249938964844,138.43199157714844
2022-01-27,18.36231803894043,206.12554931640625,26.579381942749023,31.882036209106445,25.169750213623047,138.47039794921875,63.64644241333008,125.0604248046875,33.80542755126953,86.74474334716797,119.97000122070312,623.4735107421875,19.500682830810547,34.39070129394531,72.22000122070312,64.6221694946289,54.886444091796875,18.260000228881836,209.82000732421875,43.29937744140625,57.73969268798828,45.278770446777344,8.63356876373291,74.81684112548828,136.8321075439453
2022-01-28,18.428876876831055,215.1402130126953,27.42512321472168,31.778385162353516,24.802541732788086,145.82281494140625,64.66368865966797,128.17703247070312,32.89046859741211,87.98814392089844,123.86000061035156,645.8741455078125,19.070268630981445,35.125938415527344,73.41999816894531,64.61325073242188,55.24580764770508,18.760000228881836,212.07000732421875,43.240074157714844,58.562957763671875,44.87163162231445,8.327343940734863,75.39083099365234,138.37579345703125
2022-01-31,18.586416244506836,219.26393127441406,28.098438262939453,32.20936965942383,24.682798385620117,147.29977416992188,65.6402359008789,128.47836303710938,34.026947021484375,88.26541137695312,140.47000122070312,661.7023315429688,19.125804901123047,35.50580978393555,78.37999725341797,69.62188720703125,54.79659652709961,21.8700008392334,238.22000122070312,43.54505157470703,58.978843688964844,44.47230529785156,8.831132888793945,77.69580078125,140.7522735595703
2022-02-01,18.569660186767578,218.0869598388672,27.827470779418945,32.247562408447266,25.353355407714844,145.73406982421875,65.12755584716797,127.19556427001953,33.67059326171875,86.91276550292969,142.6699981689453,652.9301147460938,19.57705307006836,35.432289123535156,77.69999694824219,68.8287124633789,55.59020233154297,22.899999618530273,242.22999572753906,44.62944030761719,57.70574188232422,45.33357238769531,8.465638160705566,75.92896270751953,140.1160430908203
2022-02-02,18.695358276367188,219.99627685546875,27.646827697753906,32.667640686035156,25.513011932373047,148.50233459472656,66.17735290527344,128.47836303710938,34.91301345825195,88.2149887084961,139.50999450683594,654.080322265625,19.79920196533203,36.816810607910156,76.37000274658203,69.27433776855469,56.06187438964844,21.84000015258789,238.3000030517578,45.11233139038086,58.40170669555664,44.855960845947266,8.613812446594238,76.09938049316406,138.58163452148438
2022-02-03,18.234464645385742,218.56649780273438,26.653282165527344,32.85311508178711,25.664684295654297,146.62994384765625,65.92505645751953,126.5584945678711,34.431453704833984,88.57624053955078,132.91000366210938,650.7576293945312,19.9102783203125,37.615684509277344,71.27999877929688,67.52754974365234,55.844749450683594,20.920000076293945,231.1999969482422,45.671478271484375,58.77515411376953,44.79332733154297,8.40636920928955,74.22492218017578,137.00047302246094
2022-02-04,18.36016082763672,214.8437957763672,27.23626708984375,32.82584762573242,26.247421264648438,145.51612854003906,65.24961853027344,124.9743423461914,33.79579544067383,87.58487701416016,141.22999572753906,640.935791015625,20.3406925201416,37.38376235961914,71.0,67.7414321899414,54.74418258666992,21.43000030517578,238.25999450683594,46.679622650146484,58.29985427856445,45.70157241821289,8.426126480102539,72.13520812988281,135.69064331054688
2022-02-07,18.267982482910156,214.69557189941406,27.769990921020508,32.70582580566406,26.61463165283203,145.99229431152344,65.2414779663086,125.74059295654297,33.747642517089844,87.66049194335938,140.77000427246094,637.284423828125,20.660032272338867,37.48683547973633,69.73999786376953,67.44732666015625,54.71422576904297,21.459999084472656,240.97000122070312,47.19640350341797,57.41716003417969,45.87381362915039,8.347100257873535,72.40428161621094,135.74679565429688
2022-02-08,18.84619140625,213.87606811523438,28.032751083374023,32.58034896850586,26.191543579101562,143.248291015625,65.3716812133789,123.61404418945312,32.54374313354492,87.71931457519531,144.5,630.31982421875,20.15325355529785,36.95425796508789,70.38999938964844,67.25125885009766,54.893924713134766,21.959999084472656,248.7100067138672,46.29838943481445,57.62086486816406,46.069557189941406,8.169292449951172,71.74057006835938,135.80288696289062
2022-02-09,19.256803512573242,217.86032104492188,29.100194931030273,33.26228332519531,26.33523941040039,144.98348999023438,65.3635482788086,126.48957824707031,34.15214920043945,87.97134399414062,161.88999938964844,655.9608154296875,20.542016983032227,36.59346389770508,74.16999816894531,68.32073974609375,54.908897399902344,23.0,265.9800109863281,46.39158630371094,57.782135009765625,47.00128173828125,8.554542541503906,73.3639144897461,137.1969451904297
2022-02-10,18.7288761138916,211.4262237548828,28.640369415283203,33.31684112548828,26.3911190032959,139.66485595703125,63.67899703979492,120.71269226074219,33.034934997558594,83.83784484863281,154.63999938964844,627.763671875,21.062685012817383,36.1124382019043,71.22000122070312,67.24234008789062,55.03617477416992,22.270000457763672,264.5,46.188262939453125,55.97431182861328,46.22615051269531,8.169292449951172,72.35943603515625,134.55856323242188
2022-02-11,18.058488845825195,206.53530883789062,28.435096740722656,33.469600677490234,26.526824951171875,136.29933166503906,64.35446166992188,117.3377685546875,32.08144760131836,83.80424499511719,145.69000244140625,612.9761962890625,22.298789978027344,36.18973922729492,69.30999755859375,66.8056640625,55.29072952270508,21.290000915527344,250.08999633789062,46.77280807495117,56.687255859375,45.920799255371094,8.218682289123535,71.84821319580078,133.45452880859375
2022-02-14,17.98307228088379,204.2598419189453,28.369401931762695,33.180450439453125,25.904165267944336,135.2501220703125,64.08589172363281,117.20863342285156,31.973581314086914,83.9722671508789,143.92999267578125,611.0225830078125,21.551536560058594,36.249874114990234,68.2300033569336,66.77000427246094,54.549522399902344,21.469999313354492,249.22000122070312,46.06965255737305,55.88943862915039,45.670249938964844,8.1495361328125,71.45357513427734,132.64056396484375
2022-02-15,18.066871643066406,203.4751739501953,28.952388763427734,32.836753845214844,25.67266082763672,133.65211486816406,63.613887786865234,117.54440307617188,33.29497528076172,83.42617797851562,154.2899932861328,614.6739501953125,20.622713088989258,35.854736328125,72.0999984741211,66.9215087890625,54.27250671386719,23.770000457763672,262.1600036621094,45.2987174987793,55.18498229980469,44.97340774536133,8.86076831817627,72.7899398803711,133.4919891357422
2022-02-16,18.343406677246094,202.55105590820312,28.7963809967041,32.6021728515625,25.928112030029297,132.9015655517578,64.02078247070312,115.88278198242188,32.986778259277344,83.60260772705078,154.02999877929688,614.8565063476562,20.566843032836914,36.07807540893555,71.66999816894531,67.0462875366211,55.096073150634766,23.899999618530273,266.7200012207031,45.7816162109375,55.05767822265625,45.482330322265625,8.702716827392578,75.2383804321289,133.38906860351562
2022-02-17,17.991453170776367,199.36021423339844,28.681425094604492,32.58034896850586,26.03940200805664,131.85232543945312,64.40327453613281,118.60336303710938,32.717105865478516,83.77656555175781,148.3699951171875,631.3146362304688,20.9788818359375,35.86331558227539,69.94999694824219,67.1799545288086,55.126014709472656,23.149999618530273,263.260009765625,45.434261322021484,54.989784240722656,45.01256561279297,8.623690605163574,73.66886138916016,133.84750366210938
2022-02-18,17.815473556518555,199.15966796875,28.541839599609375,32.6021728515625,25.620059967041016,131.02102661132812,64.41143035888672,116.39932250976562,32.798973083496094,84.69297790527344,140.35000610351562,632.5287475585938,20.96491241455078,35.76024627685547,68.56999969482422,66.08377838134766,55.29072952270508,22.06999969482422,257.9100036621094,45.1038703918457,54.681087493896484,45.08302307128906,8.37673568725586,74.31459045410156,133.16452026367188
2022-02-22,17.605981826782227,199.0985870361328,28.254451751708984,32.37303161621094,25.047500610351562,131.6747589111328,64.59043884277344,117.08809661865234,32.26443862915039,84.38751220703125,133.02999877929688,621.419677734375,21.1464900970459,35.77742385864258,65.8499984741211,65.7540054321289,54.549522399902344,20.739999771118164,246.07000732421875,44.62096405029297,55.12697219848633,43.963382720947266,8.169292449951172,74.40428924560547,132.4160614013672
2022-02-23,17.22050666809082,198.29653930664062,27.811046600341797,32.132991790771484,25.10394859313965,129.0759735107422,63.18259811401367,113.84234619140625,32.33185958862305,82.87710571289062,126.55999755859375,615.3585815429688,21.816917419433594,35.19330596923828,64.9000015258789,64.45283508300781,54.48213577270508,19.809999465942383,236.11000061035156,44.58708572387695,53.883628845214844,44.073001861572266,8.01124095916748,72.54776763916016,131.54591369628906
2022-02-24,17.530563354492188,202.04539489746094,28.927757263183594,32.067527770996094,23.523361206054688,133.16787719726562,62.7919807434082,115.65895080566406,38.197242736816406,82.34252166748047,147.35000610351562,643.984619140625,21.733118057250977,35.771881103515625,69.04000091552734,67.23345184326172,53.37409210205078,21.8700008392334,271.19000244140625,43.706016540527344,53.917938232421875,41.63798522949219,9.334922790527344,73.56121826171875,132.7715606689453
2022-02-25,17.68977928161621,203.71060180664062,29.54095458984375,32.458457946777344,24.78137969970703,135.2501220703125,64.85086822509766,118.72389221191406,37.76384353637695,85.0408935546875,153.72999572753906,653.341064453125,21.837865829467773,36.89788055419922,70.68000030517578,68.76632690429688,55.56025314331055,22.59000015258789,277.92999267578125,45.92562484741211,55.770076751708984,42.82809066772461,9.423826217651367,75.61506652832031,135.8123016357422
2022-02-28,17.790334701538086,197.79090881347656,30.966203689575195,32.65668487548828,23.555618286132812,134.4511260986328,64.72065734863281,116.15828704833984,41.760780334472656,85.20211029052734,166.6999969482422,647.8550415039062,21.97055435180664,36.86323547363281,75.29000091552734,70.14191436767578,56.585968017578125,25.290000915527344,319.4200134277344,44.383766174316406,55.538551330566406,39.563133239746094,10.707996368408203,75.24467468261719,135.1011962890625
2022-03-01,17.32106590270996,199.25558471679688,30.81705665588379,32.77230453491211,22.974990844726562,135.59719848632812,64.52533721923828,115.46951293945312,38.40913009643555,84.70996856689453,170.60000610351562,648.8316650390625,23.513940811157227,36.5774040222168,75.62000274658203,69.39810943603516,56.72072219848633,24.850000381469727,324.6300048828125,43.85850524902344,54.964046478271484,38.592262268066406,10.530186653137207,74.38643646240234,137.1407928466797
2022-03-02,17.941173553466797,201.39154052734375,31.115367889404297,33.19627380371094,24.281394958496094,139.78590393066406,65.23334503173828,116.49403381347656,38.438026428222656,85.5245590209961,163.88999938964844,647.6085205078125,23.65361213684082,37.036460876464844,69.51000213623047,69.49669647216797,56.44370651245117,25.270000457763672,314.4599914550781,46.27296829223633,55.36705780029297,41.716285705566406,9.947372436523438,76.20226287841797,140.4902801513672
2022-03-03,17.98307228088379,205.0880889892578,31.28937339782715,32.315303802490234,23.176599502563477,141.9165802001953,66.2410659790039,118.15568542480469,35.99170684814453,87.09435272216797,159.02999877929688,657.9783325195312,22.70383644104004,37.356929779052734,67.37000274658203,70.60791778564453,55.90464782714844,23.719999313354492,301.82000732421875,43.502689361572266,56.93623352050781,39.87631607055664,9.443584442138672,77.1237564086914,142.96966552734375
2022-03-04,18.28474235534668,207.73843383789062,32.07658004760742,32.86040496826172,22.58791160583496,144.54766845703125,67.86591339111328,119.87761688232422,36.848880767822266,89.31752014160156,158.14999389648438,660.9116821289062,23.492998123168945,38.35300064086914,71.8499984741211,71.88046264648438,55.46292495727539,23.06999969482422,293.2300109863281,41.84222412109375,57.94805145263672,38.521785736083984,9.43370532989502,78.66856384277344,147.65701293945312
2022-03-07,18.326644897460938,202.28082275390625,32.872074127197266,32.761295318603516,22.983057022094727,142.6752166748047,68.39933013916016,117.19139099121094,39.93085861206055,90.53943634033203,158.80999755859375,644.5474853515625,23.451091766357422,37.9632453918457,75.0,75.43818664550781,54.77413558959961,23.239999771118164,297.8900146484375,43.680606842041016,59.362892150878906,38.216434478759766,10.243719100952148,78.52403259277344,145.81385803222656
2022-03-08,18.066871643066406,198.74990844726562,33.634422302246094,32.827362060546875,23.991086959838867,140.3105010986328,66.9303970336914,114.92713928222656,43.56180953979492,89.4957275390625,175.99000549316406,624.6996459960938,23.58378028869629,37.66875457763672,79.5199966430664,73.43975067138672,54.81156921386719,25.579999923706055,328.9100036621094,44.84971237182617,58.15385055541992,39.2734375,11.508131980895996,79.79783630371094,138.43199157714844
2022-03-09,18.402061462402344,203.2310791015625,34.74480056762695,33.26784896850586,23.410459518432617,140.3992919921875,66.47085571289062,116.61457061767578,42.1123161315918,89.37692260742188,179.8699951171875,645.58349609375,23.19968032836914,37.72071838378906,78.88999938964844,71.97903442382812,56.20412826538086,26.190000534057617,326.9800109863281,43.807682037353516,57.553619384765625,39.67274856567383,10.727752685546875,80.18630981445312,140.32188415527344
2022-03-10,18.7288761138916,202.96084594726562,35.532005310058594,33.26784896850586,23.410459518432617,142.1829376220703,67.46379852294922,116.47685241699219,40.48946762084961,90.10667419433594,178.72000122070312,647.6735229492188,23.129844665527344,37.76401901245117,76.5,71.83566284179688,55.73244857788086,25.889999389648438,315.1300048828125,43.790733337402344,58.83125686645508,39.76670837402344,10.164693832397461,81.70404052734375,141.6971893310547
2022-03-11,18.603174209594727,204.73931884765625,35.6728630065918,33.44404602050781,22.797578811645508,140.1329345703125,67.50482940673828,116.81261444091797,41.009552001953125,90.06426239013672,171.07000732421875,635.8200073242188,22.550201416015625,37.79000473022461,75.38999938964844,71.06494903564453,54.444705963134766,24.440000534057617,317.92999267578125,43.146873474121094,58.89984893798828,38.87412643432617,10.273354530334473,82.39964294433594,141.7159423828125
2022-03-14,18.200946807861328,204.8178253173828,34.678504943847656,33.251338958740234,22.466947555541992,140.6294708251953,66.73345947265625,115.18803405761719,40.431678771972656,90.20002746582031,157.63999938964844,626.6981811523438,22.389577865600586,37.7467041015625,71.98999786376953,71.04705047607422,54.571983337402344,22.489999771118164,298.510009765625,42.325111389160156,58.87412643432617,39.12467956542969,9.76956558227539,82.18283081054688,144.5040283203125
2022-03-15,18.720491409301758,205.93373107910156,34.92710494995117,33.0421028137207,22.62016487121582,140.62135314941406,66.48724365234375,117.41201782226562,39.61302947998047,90.53095245361328,164.63999938964844,643.236572265625,22.480365753173828,37.902610778808594,74.95999908447266,73.46665954589844,56.6009407043457,23.09000015258789,315.75,42.655513763427734,58.87412643432617,38.96025466918945,9.651025772094727,81.4871826171875,145.17764282226562
2022-03-16,18.98026466369629,208.9154052734375,35.266849517822266,33.4055061340332,23.07176399230957,141.1422882080078,66.2739028930664,118.2113037109375,38.52470397949219,89.92000579833984,177.2100067138672,645.455078125,22.53623390197754,37.62543869018555,77.58999633789062,73.94159698486328,55.3880615234375,24.0,334.1600036621094,42.55385208129883,58.75407409667969,39.234291076660156,10.026397705078125,81.94794464111328,145.1588592529297
2022-03-17,19.617136001586914,213.7191162109375,35.88832473754883,34.110294342041016,23.418529510498047,144.0074462890625,67.85769653320312,120.07911682128906,39.17962646484375,90.3697280883789,180.85000610351562,659.9400024414062,23.849157333374023,37.63410568237305,78.22000122070312,74.1029281616211,56.30894470214844,25.65999984741211,314.6000061035156,43.94322204589844,58.659767150878906,39.76670837402344,10.283231735229492,83.12236022949219,146.22055053710938
2022-03-18,19.851770401000977,211.44366455078125,35.3248405456543,34.53425979614258,23.176599502563477,142.34693908691406,66.69241333007812,120.74807739257812,38.9484748840332,89.13935089111328,184.52000427246094,671.3079223632812,24.00978660583496,37.460872650146484,77.5999984741211,73.816162109375,56.136741638183594,26.149999618530273,312.510009765625,43.341732025146484,58.33392333984375,39.58317184448242,10.115303039550781,83.26690673828125,146.2581329345703
2022-03-21,19.675790786743164,210.66773986816406,35.05968475341797,35.475807189941406,24.031408309936523,142.52601623535156,67.1519546508789,119.17559051513672,38.48617935180664,90.08123016357422,185.4499969482422,658.005615234375,25.427461624145508,37.81599044799805,77.38999938964844,73.30535125732422,55.89716720581055,25.809999465942383,312.0799865722656,45.2733039855957,59.07134246826172,39.980438232421875,9.888104438781738,83.74571990966797,146.5963592529297
2022-03-22,19.876909255981445,208.95025634765625,35.5568733215332,35.018798828125,23.926570892333984,141.6469268798828,67.01246643066406,120.25288391113281,38.30318832397461,90.10667419433594,189.25,659.2431030273438,25.203981399536133,37.79000473022461,79.08000183105469,74.24629211425781,55.799835205078125,27.25,325.1099853515625,44.9598503112793,59.01132583618164,40.33796691894531,9.838711738586426,83.67344665527344,145.46890258789062
2022-03-23,19.60875129699707,204.00697326660156,35.36627197265625,34.616851806640625,24.805570602416992,141.1585693359375,66.98783874511719,118.71516418457031,36.72367477416992,90.64974975585938,190.19000244140625,648.9021606445312,25.76268196105957,37.850643157958984,77.98999786376953,73.9953842163086,55.021202087402344,27.639999389648438,327.2699890136719,46.37464141845703,58.985595703125,40.536598205566406,9.38431453704834,83.8631820678711,144.26632690429688
2022-03-24,20.312658309936523,205.30601501464844,34.9933967590332,34.68292999267578,24.789443969726562,142.69692993164062,67.53766632080078,119.58393096923828,36.48289489746094,91.19281768798828,197.83999633789062,652.39501953125,25.692842483520508,38.517574310302734,79.52999877929688,75.00804138183594,55.4778938293457,28.459999084472656,337.739990234375,46.611846923828125,59.42291259765625,40.989471435546875,9.374435424804688,85.51641082763672,145.6662139892578
2022-03-25,20.42159652709961,209.83953857421875,34.2890510559082,35.27208709716797,25.039438247680664,144.544677734375,68.90811920166016,120.08778381347656,37.426753997802734,92.60137939453125,193.80999755859375,651.029052734375,26.335338592529297,39.41836929321289,79.6500015258789,75.2231216430664,56.06936264038086,27.950000762939453,335.2699890136719,47.09474182128906,60.82060623168945,41.69660186767578,9.255897521972656,86.92570495605469,146.8312530517578
2022-03-28,20.65622901916504,213.6232452392578,34.92710494995117,35.25004959106445,24.136240005493164,147.19004821777344,69.12967681884766,122.39866638183594,37.8023681640625,93.37356567382812,195.52000427246094,670.0792846679688,25.623001098632812,39.8600959777832,84.08999633789062,75.66223907470703,55.80732345581055,28.079999923706055,333.07000732421875,45.73078155517578,60.88060760498047,40.759056091308594,8.999063491821289,86.96186065673828,148.59759521484375
2022-03-29,21.326614379882812,218.4357147216797,35.15912628173828,35.4923210144043,23.87818717956543,149.66453552246094,69.6630859375,125.71732330322266,38.30318832397461,94.1626968383789,202.36000061035156,698.00390625,25.197006225585938,40.70027160644531,84.58999633789062,75.83250427246094,56.541038513183594,29.649999618530273,324.5,45.28177261352539,61.7895393371582,41.076873779296875,9.285531044006348,88.81382751464844,148.21237182617188
2022-03-30,21.326614379882812,218.71469116210938,35.95460891723633,35.94381332397461,24.2491397857666,150.22618103027344,70.10623168945312,125.2395248413086,39.555240631103516,94.59547424316406,196.64999389648438,691.0640258789062,26.684518814086914,40.908138275146484,81.94000244140625,76.62110900878906,57.53680419921875,28.389999389648438,314.2300109863281,47.11168670654297,62.166831970214844,41.48208236694336,9.81895637512207,88.40729522705078,149.80960083007812
2022-03-31,21.561250686645508,219.01983642578125,36.294349670410156,36.466896057128906,23.70883560180664,150.2587127685547,69.72874450683594,123.18927001953125,40.605037689208984,94.74820709228516,201.77999877929688,679.888671875,26.19566535949707,41.254600524902344,83.73999786376953,75.91315460205078,57.55177307128906,28.610000610351562,322.3699951171875,46.535606384277344,62.1754035949707,40.15522384643555,9.739930152893066,86.85343170166016,148.9170379638672
2022-04-01,21.971860885620117,224.01539611816406,36.07061767578125,37.034019470214844,24.06366539001465,153.87274169921875,70.84479522705078,126.75113677978516,39.51671600341797,95.73249816894531,205.88999938964844,699.489013671875,26.300426483154297,41.280582427978516,84.01000213623047,76.80931091308594,57.6640739440918,28.34000015258789,322.8299865722656,47.204864501953125,63.55592346191406,41.4741325378418,10.154815673828125,88.37116241455078,150.14784240722656
2022-04-04,21.92158317565918,224.7825927734375,35.49057388305664,37.188201904296875,24.02334213256836,153.91346740722656,70.04057312011719,127.3158187866211,39.06405258178711,94.8585205078125,216.3800048828125,700.8275756835938,26.314390182495117,41.00341796875,83.95999908447266,76.72865295410156,57.566749572753906,31.75,335.30999755859375,47.28959274291992,62.69845962524414,41.251670837402344,9.739930152893066,88.23564147949219,149.75323486328125
2022-04-05,21.737224578857422,229.22023010253906,34.67022705078125,37.397430419921875,23.950761795043945,157.1855926513672,70.6478500366211,127.19422149658203,40.25831604003906,95.47793579101562,211.22999572753906,698.93896484375,25.832521438598633,41.40185546875,80.33000183105469,77.36491394042969,58.86946487426758,30.440000534057617,328.69000244140625,46.51865005493164,63.7531623840332,39.87714385986328,10.40177059173584,86.44690704345703,150.88070678710938
2022-04-06,21.35175323486328,234.18954467773438,34.628787994384766,36.75872039794922,23.862056732177734,160.81593322753906,72.08393859863281,129.50511169433594,40.605037689208984,97.70963287353516,203.99000549316406,702.761962890625,26.125823974609375,43.056182861328125,78.12999725341797,77.50830078125,59.902652740478516,28.290000915527344,320.1600036621094,46.84905242919922,65.60530090332031,39.320980072021484,10.27213191986084,87.68456268310547,151.35984802246094
2022-04-07,21.142261505126953,231.67005920410156,34.72822189331055,36.79726791381836,24.07979393005371,159.9612274169922,71.93622589111328,128.72320556640625,39.85380935668945,97.46355438232422,206.9499969482422,696.0327758789062,26.279470443725586,43.32469177246094,78.54000091552734,78.03703308105469,59.61815643310547,27.31999969482422,314.92999267578125,46.95071029663086,64.96218872070312,39.3607063293457,9.89608097076416,86.98895263671875,153.8778076171875
2022-04-08,20.807064056396484,232.26287841796875,34.487918853759766,36.95143508911133,24.57170867919922,161.18218994140625,72.52706146240234,130.29563903808594,40.08495330810547,97.87933349609375,195.13999938964844,704.7879638671875,27.23622703552246,43.41997146606445,77.61000061035156,77.14982604980469,59.767887115478516,26.020000457763672,301.5799865722656,47.51832962036133,65.58815002441406,39.376590728759766,10.183067321777344,87.6123046875,155.16497802734375
2022-04-11,20.68975067138672,229.5601806640625,33.41069030761719,36.648597717285156,24.168493270874023,159.58685302734375,71.82135009765625,126.3775863647461,39.206321716308594,96.928955078125,187.8800048828125,689.0471801757812,26.118846893310547,41.782955169677734,78.86000061035156,75.79666137695312,59.213863372802734,26.229999542236328,300.0299987792969,46.866004943847656,63.86463165283203,40.075775146484375,10.163275718688965,87.06122589111328,154.2348175048828
2022-04-12,20.488637924194336,225.41441345214844,32.996368408203125,36.461395263671875,24.628164291381836,157.98330688476562,71.71466064453125,126.4210433959961,38.7420768737793,97.93872833251953,185.9499969482422,679.9161987304688,26.34231948852539,41.61838150024414,79.0999984741211,75.1783218383789,58.135746002197266,25.920000076293945,301.45001220703125,47.43361282348633,64.77355194091797,39.64673614501953,9.717951774597168,87.23286437988281,152.06448364257812
2022-04-13,20.505393981933594,225.39688110351562,33.012943267822266,37.02301788330078,25.168458938598633,157.47048950195312,71.55052185058594,127.8370590209961,38.087257385253906,97.67567443847656,193.22999572753906,689.3405151367188,26.880062103271484,42.12941360473633,79.69999694824219,74.87364196777344,58.33788299560547,26.75,308.0,48.32314682006836,64.61920166015625,40.552490234375,9.609095573425293,87.54003143310547,150.08204650878906
2022-04-14,20.455116271972656,223.9770050048828,32.333465576171875,36.742210388183594,25.23297691345215,156.8355712890625,71.72284698486328,125.98664855957031,37.87223815917969,97.45503997802734,190.50999450683594,674.0396728515625,26.754356384277344,42.46720886230469,78.12000274658203,74.21045684814453,58.01595687866211,25.770000457763672,300.6600036621094,48.3824577331543,65.159423828125,40.441261291503906,9.500238418579102,86.75404357910156,149.53712463378906
2022-04-18,20.195341110229492,222.54833984375,31.944005966186523,36.50544357299805,25.200721740722656,155.4274139404297,71.25509643554688,126.0040054321289,37.398223876953125,96.93743896484375,190.02999877929688,669.841064453125,27.124486923217773,42.64043426513672,78.66000366210938,73.22467803955078,57.76140213012695,25.549999237060547,302.2699890136719,48.56883239746094,65.02220916748047,40.66372299194336,9.460654258728027,87.16963958740234,148.45664978027344
2022-04-19,20.4634952545166,226.8080291748047,32.316890716552734,36.43936538696289,25.329748153686523,157.80421447753906,71.3699951171875,130.6171112060547,38.429325103759766,97.13260650634766,195.60000610351562,691.43994140625,26.663570404052734,42.874298095703125,78.7300033569336,73.33222961425781,57.19239044189453,28.049999237060547,304.82000732421875,49.21268844604492,65.39948272705078,40.671669006347656,9.609095573425293,87.4316177368164,149.46197509765625
2022-04-20,20.874107360839844,234.5386505126953,31.985427856445312,37.43597412109375,25.321680068969727,161.10894775390625,71.38639831542969,132.63259887695312,39.064605712890625,97.94720458984375,178.52999877929688,704.228759765625,26.86609649658203,43.52391052246094,76.93000030517578,73.04547882080078,57.881187438964844,26.6299991607666,281.6099853515625,49.026309967041016,65.59671783447266,40.44920349121094,9.89608097076416,88.09110260009766,150.88070678710938
2022-04-21,19.281946182250977,233.80235290527344,31.115367889404297,36.8413200378418,24.84589385986328,159.86355590820312,71.02533721923828,130.6083984375,38.68343734741211,97.81993103027344,156.55999755859375,694.5661010742188,25.748714447021484,43.08217239379883,74.43000030517578,68.26895141601562,56.44370651245117,22.850000381469727,254.14999389648438,48.0435791015625,65.56243133544922,39.8215217590332,9.599198341369629,87.90138244628906,151.41624450683594
2022-04-22,18.84619140625,229.55145263671875,30.81705665588379,35.36567687988281,24.095918655395508,158.02401733398438,69.6630859375,130.10452270507812,38.194766998291016,96.97138214111328,153.6300048828125,683.3632202148438,25.07828140258789,42.13806915283203,72.37000274658203,66.27053833007812,56.49611282348633,22.040000915527344,251.5800018310547,47.01001739501953,65.0908203125,39.01111602783203,9.252836227416992,85.76934051513672,147.9868621826172
2022-04-25,18.50261878967285,227.4654083251953,30.79219627380371,35.48681640625,23.168533325195312,156.990234375,69.39227294921875,131.66830444335938,39.152565002441406,96.53862762451172,157.60000610351562,689.8814697265625,24.12850570678711,42.24199676513672,72.44999694824219,66.35120391845703,56.92287063598633,22.75,253.49000549316406,45.561336517333984,64.28478240966797,38.351661682128906,8.955953598022461,86.3294677734375,146.53060913085938
2022-04-26,17.88251304626465,223.34591674804688,30.52702522277832,34.11579895019531,22.862091064453125,153.5308837890625,68.57986450195312,129.97422790527344,37.9797477722168,96.30952453613281,153.8300018310547,677.7435302734375,25.273828506469727,41.93886184692383,71.44000244140625,65.93000030517578,56.234073638916016,22.31999969482422,244.75999450683594,44.94289779663086,63.2301025390625,37.82727813720703,8.362188339233398,86.05844116210938,154.22544860839844
2022-04-27,17.681400299072266,221.6192626953125,30.22043228149414,34.572811126708984,23.06369972229004,153.62855529785156,68.42394256591797,128.78404235839844,36.552818298339844,95.96160888671875,165.7100067138672,658.1431884765625,24.715131759643555,41.3931884765625,72.13999938964844,65.6611557006836,56.65333938598633,22.1299991607666,249.47999572753906,45.578285217285156,63.00714874267578,38.30398178100586,8.302812576293945,84.23355102539062,157.325927734375
2022-04-28,17.764141082763672,221.03199768066406,30.411020278930664,35.029815673828125,23.66851806640625,156.33908081054688,68.82604217529297,131.61618041992188,36.4355354309082,96.56407928466797,164.47000122070312,693.4841918945312,24.358966827392578,41.86956024169922,72.26000213623047,65.8582992553711,57.29721450805664,21.739999771118164,254.41000366210938,46.569488525390625,64.80784606933594,39.45604705810547,8.184059143066406,85.31764221191406,159.39291381835938
2022-04-29,17.240673065185547,211.2504119873047,29.748111724853516,34.37459182739258,23.16046714782715,150.75523376464844,66.99603271484375,126.94225311279297,36.347572326660156,93.47538757324219,161.39999389648438,659.22509765625,23.80027198791504,40.518375396728516,73.02999877929688,63.644813537597656,55.52281951904297,21.020000457763672,250.41000366210938,45.264835357666016,62.92998123168945,38.70124816894531,8.471046447753906,82.03827667236328,154.49789428710938
2022-05-02,17.39264678955078,207.68313598632812,29.358652114868164,33.21829605102539,23.273372650146484,147.1819305419922,66.51188659667969,122.73748016357422,34.53948211669922,92.23651123046875,168.3300018310547,643.9241943359375,23.632665634155273,40.4057731628418,73.63999938964844,62.61423110961914,55.193397521972656,21.700000762939453,255.30999755859375,45.51898956298828,62.77564239501953,39.76591110229492,7.887176513671875,81.4149398803711,149.4243927001953
2022-05-03,17.493961334228516,211.2416534423828,29.424942016601562,33.47708511352539,25.144271850585938,149.53428649902344,66.65959167480469,123.58885192871094,34.21207046508789,91.947998046875,174.52999877929688,661.2785034179688,24.23326301574707,40.4404182434082,75.11000061035156,63.41181182861328,55.51533508300781,21.540000915527344,262.6700134277344,47.137088775634766,62.69845962524414,40.86235046386719,8.075201988220215,81.92988586425781,149.6968536376953
2022-05-04,18.50712776184082,215.29977416992188,31.13193702697754,34.176361083984375,25.684574127197266,150.12850952148438,67.71000671386719,125.67386627197266,35.11611557006836,93.77237701416016,191.94000244140625,671.1978149414062,25.12716293334961,41.505775451660156,78.69999694824219,65.47295379638672,56.15919876098633,23.399999618530273,284.6000061035156,48.26384353637695,63.941802978515625,41.919071197509766,8.273122787475586,81.5052719116211,152.5154571533203
2022-05-05,18.008989334106445,211.65359497070312,30.08785629272461,33.66429901123047,25.17652702331543,147.80868530273438,68.14492797851562,122.80699920654297,33.190738677978516,93.3820571899414,181.13999938964844,654.0084838867188,24.317068099975586,40.622314453125,76.41000366210938,64.37964630126953,55.53779983520508,21.260000228881836,266.2300109863281,48.238426208496094,63.504486083984375,41.70454788208008,8.03561782836914,81.27942657470703,149.04855346679688
2022-05-06,17.679710388183594,213.92372131347656,29.8475399017334,33.70834732055664,25.69264030456543,148.63079833984375,68.94914245605469,122.56375885009766,33.786922454833984,94.45970916748047,165.88999938964844,654.0543823242188,24.938608169555664,40.76089859008789,72.13999938964844,64.9442367553711,54.931358337402344,19.40999984741211,251.80999755859375,48.882286071777344,64.02754211425781,42.69770431518555,7.590294361114502,79.88817596435547,151.99874877929688
2022-05-09,16.936721801757812,202.54693603515625,28.87803840637207,32.5190315246582,23.93463706970215,142.7539520263672,68.74398040771484,115.87435913085938,31.890869140625,94.01847076416016,150.50999450683594,599.7361450195312,22.675905227661133,40.47506332397461,68.25,63.367008209228516,54.736698150634766,16.6299991607666,225.36000061035156,46.04423522949219,63.65024948120117,40.11550521850586,7.154866695404053,78.6505126953125,149.61231994628906
2022-05-10,16.852293014526367,196.989990234375,28.67916488647461,32.304290771484375,24.103988647460938,138.61082458496094,67.2586441040039,109.98419952392578,32.467506408691406,92.41471862792969,151.64999389648438,577.6056518554688,23.129844665527344,40.50104904174805,67.58000183105469,62.72178268432617,54.856483459472656,15.710000038146973,233.8000030517578,46.5440673828125,62.767051696777344,40.60810470581055,7.154866695404053,77.51222229003906,147.4607391357422
2022-05-11,16.852293014526367,196.9636993408203,28.803464889526367,32.38138198852539,24.37010383605957,138.94454956054688,68.12852478027344,110.33169555664062,32.39908981323242,93.26326751708984,137.5500030517578,572.215087890625,23.423160552978516,41.245941162109375,61.720001220703125,62.90996170043945,54.54203414916992,13.449999809265137,216.52000427246094,47.33195114135742,63.43587875366211,41.768104553222656,7.075698375701904,78.58726501464844,148.24057006835938
2022-05-12,16.421695709228516,197.64736938476562,28.372575759887695,32.23271179199219,24.140199661254883,140.04342651367188,68.03004455566406,110.42726135253906,31.420761108398438,93.19903564453125,140.94000244140625,577.44970703125,23.854299545288086,39.99674987792969,61.400001525878906,61.39546585083008,54.736698150634766,13.579999923706055,211.9199981689453,46.78128433227539,63.52162551879883,41.06892013549805,6.689751148223877,78.66856384277344,146.07962036132812
2022-05-13,17.08869743347168,203.92300415039062,28.79517364501953,32.80534744262695,24.857637405395508,143.6574249267578,68.6126937866211,113.97178649902344,31.93484878540039,93.58432006835938,157.7899932861328,604.8792114257812,23.9532470703125,40.764404296875,64.25,62.55149459838867,56.15919876098633,15.029999732971191,232.25,48.03510665893555,63.73799133300781,42.50701904296875,6.778815746307373,79.83397674560547,148.3533172607422
2022-05-16,16.936721801757812,201.78439331054688,28.322853088378906,33.27336883544922,25.289730072021484,143.00628662109375,68.67833709716797,111.556640625,32.82912063598633,94.2093734741211,151.02999877929688,592.6129150390625,23.8189640045166,40.88652801513672,62.77000045776367,62.838287353515625,56.57848358154297,14.5,222.7899932861328,49.18727493286133,64.25723266601562,43.17442321777344,6.848088264465332,80.26761627197266,147.9117431640625
2022-05-17,17.527738571166992,204.22100830078125,29.375226974487305,33.565189361572266,25.664756774902344,143.90975952148438,69.13787841796875,111.76514434814453,33.57190704345703,93.62714385986328,158.11000061035156,595.827880859375,24.271310806274414,41.47100067138672,65.4000015258789,64.54096221923828,57.90365219116211,16.530000686645508,239.35000610351562,49.59392547607422,64.17070007324219,43.82592010498047,7.105386257171631,80.99937438964844,147.7238006591797
2022-05-18,17.080251693725586,202.1437530517578,29.40008544921875,33.504615783691406,25.36310577392578,142.81907653808594,67.83309173583984,108.84612274169922,32.94640350341797,93.2418441772461,156.1699981689453,587.1964111328125,24.01686668395996,41.113346099853516,65.36000061035156,63.62688446044922,57.30470275878906,15.880000114440918,238.8000030517578,49.49226760864258,63.88510513305664,43.22209167480469,7.075698375701904,79.6984634399414,143.805908203125
2022-05-19,17.45174789428711,204.4401397705078,30.18728256225586,33.38348388671875,25.297887802124023,145.19583129882812,67.46379852294922,110.91375732421875,34.72517776489258,93.28466033935547,165.5399932861328,585.0316772460938,24.257173538208008,41.30525207519531,66.47000122070312,63.14297103881836,56.86297607421875,16.56999969482422,252.17999267578125,50.03059387207031,63.4610710144043,43.58756637573242,7.362684726715088,79.06607818603516,143.53347778320312
2022-05-20,17.33354377746582,214.10777282714844,30.319873809814453,33.69734191894531,25.50170135498047,148.30519104003906,67.73460388183594,113.89359283447266,35.89799499511719,94.03813171386719,168.25,600.4154052734375,24.01686668395996,41.13079071044922,65.7699966430664,63.82404327392578,57.05763244628906,16.450000762939453,256.80999755859375,49.851139068603516,63.53028106689453,43.46044158935547,7.313203811645508,79.59909057617188,145.1588592529297
2022-05-23,17.840126037597656,218.61293029785156,30.75904083251953,34.176361083984375,26.17837905883789,150.75523376464844,68.1695556640625,115.99597930908203,36.288936614990234,94.87720489501953,169.5500030517578,611.22998046875,24.886220932006836,41.77631378173828,66.05999755859375,65.01593780517578,57.6640739440918,16.639999389648438,255.6300048828125,51.27814483642578,64.17070007324219,45.033599853515625,7.748631477355957,79.79012298583984,146.64332580566406
2022-05-24,17.933002471923828,226.58889770507812,31.073925018310547,34.0276985168457,26.15392303466797,155.9646453857422,69.68769836425781,118.69779205322266,35.46796417236328,96.7352066040039,162.50999450683594,618.8574829101562,25.15480613708496,42.596317291259766,64.58999633789062,66.91577911376953,58.18815994262695,15.180000305175781,248.22999572753906,51.21833038330078,65.5034408569336,45.06538391113281,7.986137390136719,80.4360122680664,148.07144165039062
2022-05-25,18.09341812133789,228.1403045654297,31.082218170166016,33.598228454589844,26.39034652709961,154.80067443847656,69.47433471679688,119.75768280029297,36.943756103515625,96.23004150390625,169.27999877929688,632.4171142578125,26.123111724853516,42.762062072753906,66.04000091552734,67.0233154296875,58.24056625366211,15.760000228881836,253.4499969482422,51.57721710205078,65.5034408569336,46.30484390258789,7.956449031829834,80.91814422607422,146.57757568359375
2022-05-26,18.57467269897461,223.2319793701172,31.189939498901367,33.33393478393555,26.634931564331055,152.64364624023438,69.40870666503906,118.8367919921875,36.89488983154297,96.94926452636719,178.77999877929688,617.18994140625,26.419967651367188,42.884193420410156,68.08000183105469,67.24735260009766,56.18166732788086,17.059999465942383,266.44000244140625,51.37213897705078,65.15727233886719,46.92456817626953,8.025721549987793,80.5815658569336,148.43788146972656
2022-05-27,18.937719345092773,228.7275390625,31.31529998779297,33.49504470825195,26.545249938964844,157.4135284423828,69.8846435546875,122.93730926513672,37.30537414550781,97.9510269165039,188.9499969482422,639.0035400390625,26.61787223815918,43.48609924316406,72.01000213623047,69.78437042236328,55.51533508300781,19.059999465942383,280.3599853515625,51.28669738769531,65.83231353759766,46.741825103759766,8.31270694732666,82.02800750732422,151.265869140625
2022-05-31,18.608444213867188,224.49412536621094,30.23719596862793,33.14504623413086,26.39034652709961,154.3693084716797,69.11326599121094,121.26931762695312,36.259613037109375,96.34133911132812,186.19000244140625,632.9330444335938,26.61787223815918,42.87546920776367,70.61000061035156,68.2161865234375,55.68752670288086,18.479999542236328,272.7900085449219,50.60309982299805,65.47747802734375,46.71799087524414,8.34239673614502,81.0455093383789,148.92640686035156
2022-06-01,18.473352432250977,221.3650360107422,29.59367561340332,33.46171188354492,26.651235580444336,153.09950256347656,68.69474792480469,119.4014892578125,35.66929244995117,95.61357116699219,182.49000549316406,625.4805908203125,26.094839096069336,42.91035842895508,70.87000274658203,68.6488037109375,54.27250671386719,17.920000076293945,272.4800109863281,51.03889465332031,65.38229370117188,46.26511001586914,8.233538627624512,80.19949340820312,148.94522094726562
2022-06-02,18.692873001098633,229.95460510253906,30.638355255126953,34.67284393310547,26.757221221923828,152.38316345214844,69.05709075927734,120.20944213867188,35.6732063293457,95.71630859375,198.92999267578125,639.8880615234375,25.97468376159668,42.735897064208984,74.23999786376953,70.76675415039062,55.0286865234375,18.290000915527344,300.489990234375,50.62018966674805,65.72846221923828,46.30484390258789,8.41166877746582,80.84539031982422,150.36033630371094
2022-06-03,18.80263328552246,233.7848663330078,30.58820915222168,34.78950881958008,26.887662887573242,148.9888916015625,68.42010498046875,116.83869171142578,35.75139617919922,95.1769027709961,196.33999633789062,624.96484375,26.22913360595703,42.50908660888672,74.93000030517578,70.91997528076172,54.62255859375,17.899999618530273,298.3399963378906,50.97907638549805,65.13131713867188,46.694156646728516,8.253332138061523,80.0539321899414,150.11502075195312
2022-06-06,19.17412757873535,234.33700561523438,31.273515701293945,35.05617904663086,26.98549461364746,150.40521240234375,68.43666076660156,117.20352935791016,36.38666915893555,95.13410186767578,206.97000122070312,637.78759765625,26.200857162475586,42.352073669433594,71.98999786376953,72.27183532714844,54.83063888549805,18.579999923706055,306.8800048828125,51.37213897705078,65.2092056274414,47.266212463378906,8.31270694732666,79.2715835571289,149.0018310546875
2022-06-07,19.157243728637695,233.27645874023438,30.83057975769043,35.1839599609375,27.874143600463867,151.36572265625,68.74272918701172,117.50760650634766,36.7385139465332,96.1872329711914,209.6300048828125,637.0415649414062,26.773366928100586,42.788230895996094,72.0,71.90235137939453,54.42219543457031,18.850000381469727,306.4200134277344,52.59407043457031,65.5034408569336,47.941558837890625,8.59969425201416,81.23656463623047,150.7565460205078
2022-06-08,18.760417938232422,231.7952117919922,31.081295013427734,34.722843170166016,27.81707191467285,150.13662719726562,67.1627197265625,115.4139175415039,36.455081939697266,94.60324096679688,204.77000427246094,615.9556274414062,26.681480407714844,42.02056884765625,71.69000244140625,70.73971557617188,53.135231018066406,18.540000915527344,298.44000244140625,52.37189865112305,64.58607482910156,48.585121154785156,8.550214767456055,78.21633911132812,148.17161560058594
2022-06-09,18.194732666015625,228.0614471435547,31.24844741821289,34.2506103515625,27.327909469604492,146.2133026123047,65.6323471069336,115.73534393310547,34.969512939453125,92.2400894165039,200.50999450683594,606.5228881835938,26.066570281982422,40.70334243774414,69.83000183105469,69.7032699584961,51.963871002197266,16.920000076293945,291.6700134277344,50.86798858642578,63.08028030395508,47.0040168762207,8.292916297912598,75.71465301513672,144.6715850830078
2022-06-10,17.468637466430664,220.0065155029297,30.964290618896484,33.500606536865234,26.463722229003906,140.53179931640625,65.60753631591797,114.11947631835938,34.930423736572266,92.27433013916016,196.19000244140625,598.001953125,25.366838455200195,40.136322021484375,68.0,68.41445922851562,51.902217864990234,15.960000038146973,284.3599853515625,49.54352951049805,62.431217193603516,45.85990905761719,8.1345796585083,74.65937805175781,142.84136962890625
2022-06-13,16.345712661743164,210.38272094726562,29.368022918701172,33.00059127807617,25.452787399291992,135.15142822265625,63.134124755859375,110.48808288574219,32.604331970214844,88.558349609375,178.24000549316406,567.7044067382812,24.045137405395508,38.10377502441406,63.130001068115234,65.26007080078125,50.468841552734375,14.199999809265137,264.3399963378906,47.78327178955078,59.4974479675293,44.31852722167969,7.521021366119385,70.82044982910156,139.4922637939453
2022-06-14,15.965775489807129,205.52694702148438,28.98358154296875,32.83391189575195,25.159290313720703,129.6902313232422,61.71128845214844,109.26880645751953,31.86154556274414,86.42638397216797,179.52000427246094,569.7586059570312,24.61763572692871,36.908668518066406,61.95000076293945,64.42189025878906,49.07398986816406,14.199999809265137,264.6300048828125,46.945865631103516,57.792572021484375,44.29469299316406,7.580398082733154,70.4565658569336,137.3790283203125
2022-06-15,16.506126403808594,211.58351135253906,29.685609817504883,33.108924865722656,25.289730072021484,131.6036834716797,61.94291305541992,113.09327697753906,32.27203369140625,85.7756576538086,188.47999572753906,590.7062377929688,25.345632553100586,36.86503982543945,64.02999877929688,66.86431121826172,49.9448127746582,15.220000267028809,274.1300048828125,46.96295928955078,57.6108283996582,44.461544036865234,7.54081392288208,71.36627197265625,137.18093872070312
2022-06-16,15.991105079650879,206.47837829589844,28.356773376464844,31.83390235900879,24.11573600769043,127.28398895263672,61.52928161621094,109.91791534423828,31.568342208862305,85.22767639160156,169.60000610351562,569.6849365234375,24.32785415649414,35.957820892333984,62.0099983215332,63.87213897705078,49.69050216674805,14.25,253.97999572753906,44.77545166015625,57.359859466552734,43.34572219848633,7.54081392288208,70.68397521972656,134.28466796875
2022-06-17,16.252836227416992,208.23297119140625,28.565706253051758,31.38389015197754,22.631946563720703,128.23660278320312,60.726871490478516,111.5582275390625,31.851774215698242,83.75496673583984,184.75,582.9312744140625,24.059268951416016,35.68739318847656,66.70999908447266,63.81806182861328,48.858219146728516,15.829999923706055,275.4100036621094,42.66485595703125,56.589637756347656,41.2701416015625,7.521021366119385,70.63851165771484,132.69029235839844
2022-06-21,16.79319190979004,217.649658203125,28.62421417236328,30.51720428466797,23.74071502685547,133.0080108642578,61.69474411010742,112.40029907226562,33.14187240600586,84.94512176513672,193.2899932861328,589.7205810546875,24.6671142578125,36.289302825927734,68.19999694824219,65.5484848022461,48.72721481323242,16.579999923706055,283.1000061035156,44.81816864013672,58.11277389526367,42.79867172241211,8.015826225280762,71.57551574707031,135.84127807617188
2022-06-22,17.097139358520508,222.19924926757812,28.331703186035156,30.37554168701172,22.900985717773438,138.02578735351562,62.38959503173828,116.0405502319336,32.496822357177734,85.75851440429688,193.42999267578125,606.0900268554688,23.324207305908203,36.36781692504883,67.5999984741211,67.31494140625,49.33600616455078,16.889999389648438,280.3999938964844,43.43389892578125,58.58011245727539,41.59194564819336,8.104889869689941,72.56706237792969,136.709228515625
2022-06-23,17.477079391479492,227.75399780273438,29.050437927246094,30.69222068786621,22.305837631225586,140.9083709716797,63.82072448730469,119.85623931884766,32.605308532714844,88.54122924804688,200.6699981689453,624.0252685546875,22.83652114868164,36.83888626098633,69.5999984741211,69.57708740234375,48.8813362121582,17.8700008392334,291.5299987792969,42.015445709228516,59.95611572265625,40.35303497314453,7.837696552276611,74.3318862915039,138.8601837158203
2022-06-24,18.084976196289062,230.6989288330078,30.446121215820312,30.90888786315918,23.015121459960938,143.70877075195312,64.6396713256836,121.75092315673828,34.08012771606445,89.50018310546875,198.38999938964844,634.84912109375,22.99907875061035,37.763553619384766,70.06999969482422,70.31613159179688,50.307010650634766,18.229999542236328,286.3399963378906,43.50225067138672,60.432098388671875,42.1068115234375,7.7783203125,75.83290100097656,141.80361938476562
2022-06-27,18.11030387878418,228.6533660888672,30.479555130004883,31.38389015197754,23.398305892944336,142.4522705078125,65.03675079345703,120.39131164550781,33.94329833984375,90.0738525390625,206.1699981689453,631.5328369140625,24.144088745117188,38.28696060180664,70.62000274658203,70.198974609375,50.692325592041016,18.100000381469727,298.5199890136719,44.296939849853516,60.899417877197266,42.420555114746094,7.798112392425537,75.66006469726562,141.06776428222656
2022-06-28,17.89078712463379,223.01040649414062,29.59367561340332,30.992219924926758,23.699949264526367,138.4528350830078,64.96228790283203,118.03170013427734,34.099674224853516,90.501953125,190.64999389648438,616.3610229492188,25.00637435913086,38.278236389160156,67.75,68.89215087890625,50.36866760253906,17.1299991607666,279.239990234375,45.41632080078125,61.115779876708984,42.87910842895508,7.659566402435303,75.39625549316406,140.45457458496094
2022-06-29,17.190017700195312,223.2132110595703,29.944683074951172,30.867225646972656,23.455366134643555,137.4016571044922,65.36763000488281,111.7511978149414,34.0019416809082,90.76738739013672,184.63999938964844,598.3059692382812,24.652978897094727,38.67951583862305,66.83999633789062,68.49559020996094,50.8926887512207,16.350000381469727,262.9599914550781,44.94635009765625,61.15904998779297,42.61363983154297,7.283515930175781,75.71465301513672,142.6904296875
2022-06-30,17.738811492919922,225.3557891845703,29.76081657409668,31.850568771362305,23.112953186035156,138.28038024902344,66.0211410522461,113.88270568847656,34.15831756591797,91.79483032226562,195.24000549316406,605.2332153320312,24.568164825439453,39.53440856933594,68.12999725341797,69.81143188476562,49.852333068847656,16.56999969482422,273.67999267578125,44.68145751953125,61.71290969848633,42.3481559753418,6.947049140930176,74.91410827636719,144.32249450683594
2022-07-01,18.135631561279297,227.8333740234375,30.178691864013672,32.442256927490234,23.055885314941406,141.5489501953125,67.20407104492188,115.41775512695312,36.4355354309082,93.85832977294922,195.72000122070312,619.9813232421875,23.91084861755371,40.188663482666016,68.1500015258789,72.60533142089844,50.8387451171875,17.18000030517578,276.29998779296875,44.348209381103516,63.29662322998047,42.50101089477539,7.144970417022705,75.69645690917969,146.8414306640625
2022-07-05,17.882343292236328,225.66436767578125,29.727392196655273,31.49223518371582,22.134632110595703,140.86729431152344,65.70679473876953,112.76871490478516,35.42886734008789,91.04994201660156,192.58999633789062,614.5740356445312,23.70587730407715,38.051429748535156,66.2300033569336,71.29850006103516,49.89086151123047,17.600000381469727,271.2699890136719,41.52838134765625,61.288856506347656,41.149471282958984,7.164762496948242,74.92320251464844,143.11495971679688
2022-07-06,17.764141082763672,227.68348693847656,29.8026123046875,31.26722526550293,21.784059524536133,141.0644073486328,66.20314025878906,112.62835693359375,35.74161911010742,92.11163330078125,194.92999267578125,610.3087768554688,23.246456146240234,38.6097297668457,66.16000366210938,71.71308135986328,50.314720153808594,17.579999923706055,269.7900085449219,41.02422332763672,61.85139083862305,39.46809768676758,7.105386257171631,74.2955093383789,145.8131103515625
2022-07-07,18.076534271240234,226.75765991210938,30.38762855529785,31.908906936645508,22.64825439453125,140.95761108398438,66.02941131591797,112.6546859741211,36.376895904541016,91.46949005126953,206.83999633789062,608.659912109375,24.144088745117188,38.72313690185547,70.63999938964844,72.4430923461914,50.229949951171875,19.139999389648438,286.8599853515625,41.82745361328125,61.69561004638672,40.44956588745117,7.4814372062683105,74.34099578857422,144.86968994140625
2022-07-08,18.15252113342285,224.8443603515625,30.37091827392578,31.850568771362305,22.69717025756836,140.7605438232422,65.66542053222656,110.8126220703125,35.800262451171875,90.6817626953125,216.4499969482422,599.24560546875,23.67760467529297,38.635902404785156,72.51000213623047,72.32592010498047,49.81380081176758,19.770000457763672,295.1099853515625,41.912899017333984,61.60906219482422,40.32889175415039,7.639774322509766,74.69579315185547,144.1149444580078
2022-07-11,17.98365592956543,227.47183227539062,29.99483299255371,31.967239379882812,22.387361526489258,141.466796875,65.99632263183594,111.15473175048828,36.4355354309082,92.43700408935547,206.05999755859375,596.2885131835938,23.621063232421875,38.758026123046875,69.29000091552734,72.71347045898438,50.17599868774414,18.459999084472656,279.6700134277344,41.30620193481445,62.11100387573242,39.781837463378906,7.610086441040039,74.69579315185547,143.94512939453125
2022-07-12,17.789464950561523,225.26760864257812,29.99483299255371,31.90057373046875,21.914506912231445,140.3827667236328,65.55789184570312,109.07584381103516,36.484405517578125,92.18869018554688,189.47000122070312,578.7308349609375,23.28886604309082,38.583560943603516,68.41999816894531,72.05554962158203,50.10664367675781,18.020000457763672,265.3699951171875,40.75078582763672,62.29274368286133,38.89691162109375,7.7189435958862305,74.99598693847656,142.4828643798828
2022-07-13,17.65437889099121,225.64671325683594,29.986474990844727,31.825576782226562,22.020492553710938,140.35809326171875,65.0698471069336,107.76885986328125,36.09346389770508,91.82051086425781,192.6300048828125,576.5568237304688,23.741212844848633,38.03398895263672,69.16000366210938,72.33495330810547,50.561317443847656,18.25,269.0299987792969,40.82768630981445,61.617706298828125,39.40373229980469,7.639774322509766,74.51384735107422,141.91683959960938
2022-07-14,17.325101852416992,226.16693115234375,29.685609817504883,31.583900451660156,21.213376998901367,140.44845581054688,65.16081237792969,106.16364288330078,35.61456298828125,91.57221221923828,196.9199981689453,563.6971435546875,22.37003517150879,38.51376724243164,71.04000091552734,72.21778106689453,50.56903076171875,17.75,269.0199890136719,39.42632293701172,62.18888854980469,37.247711181640625,7.471541404724121,72.86727142333984,142.5206298828125
2022-07-15,17.181570053100586,226.77529907226562,29.911252975463867,31.45056915283203,21.73514747619629,142.40298461914062,65.51653289794922,106.11978912353516,35.82958221435547,91.98322296142578,194.91000366210938,570.9008178710938,22.871856689453125,38.583560943603516,65.2699966430664,70.93798828125,51.08534622192383,15.460000038146973,265.8500061035156,40.56279754638672,62.595638275146484,38.55902862548828,7.194451332092285,73.88615417480469,143.40740966796875
2022-07-18,17.12247085571289,219.76573181152344,30.68850326538086,31.208890914916992,22.281381607055664,139.71755981445312,64.53214263916016,105.25138092041016,36.82647705078125,90.27078247070312,206.42999267578125,566.4976806640625,23.9532470703125,38.17355728149414,67.01000213623047,69.85648345947266,51.123878479003906,16.420000076293945,280.67999267578125,41.49420166015625,62.04176712036133,39.55659484863281,7.402268886566162,73.49495697021484,140.82244873046875
2022-07-19,17.409534454345703,226.74005126953125,31.240093231201172,31.225555419921875,22.87652587890625,142.50978088378906,64.34185791015625,108.44427490234375,36.562591552734375,90.3649673461914,213.33999633789062,587.1411743164062,24.363191604614258,38.1212158203125,70.6500015258789,71.13626861572266,51.547725677490234,17.299999237060547,290.29998779296875,42.323055267333984,62.09370422363281,40.859867095947266,7.521021366119385,74.71398162841797,143.53005981445312
2022-07-20,16.869176864624023,220.1977996826172,31.86689567565918,31.750566482543945,22.94174575805664,140.04603576660156,62.67913818359375,108.17235565185547,35.75139617919922,88.18162536621094,218.8300018310547,587.1411743164062,24.808473587036133,37.59780502319336,72.9800033569336,70.58650207519531,51.05452346801758,18.100000381469727,295.8599853515625,42.126522064208984,61.392696380615234,40.393253326416016,7.590294361114502,74.04078674316406,144.10552978515625
2022-07-21,16.810075759887695,225.188232421875,31.47409439086914,32.55058670043945,22.64825439453125,142.0827178955078,62.83631896972656,109.73371124267578,35.419097900390625,88.65254211425781,219.77999877929688,598.9414672851562,24.20769691467285,37.737388610839844,73.26000213623047,71.08219146728516,50.13747024536133,18.31999969482422,292.9800109863281,41.85308837890625,61.3148193359375,39.645076751708984,7.570502281188965,73.98622131347656,146.46405029296875
2022-07-22,16.658103942871094,228.8914031982422,31.75824546813965,32.45057678222656,22.460737228393555,141.95953369140625,63.98615646362305,111.76874542236328,36.562591552734375,89.88546752929688,211.5399932861328,602.2486572265625,24.172359466552734,38.40037536621094,72.58999633789062,72.32592010498047,51.29342269897461,17.639999389648438,288.92999267578125,41.690731048583984,62.25813293457031,39.66117477416992,7.788215637207031,75.35077667236328,146.16217041015625
2022-07-25,16.886062622070312,226.8987579345703,31.942113876342773,32.592247009277344,22.925445556640625,140.8426513671875,65.02019500732422,111.50559997558594,35.875518798828125,90.74169921875,218.5500030517578,598.2874145507812,25.119464874267578,38.749298095703125,74.1500015258789,72.98385620117188,52.0717658996582,17.489999771118164,299.3800048828125,42.88702392578125,62.90719223022461,40.61046600341797,7.6496710777282715,76.5242919921875,147.07725524902344
2022-07-26,17.004262924194336,228.34475708007812,31.47409439086914,32.17557907104492,22.88467788696289,143.4049072265625,65.55789184570312,111.84769439697266,35.55592346191406,91.63216400146484,216.10000610351562,591.1207885742188,25.635419845581055,38.993560791015625,73.56999969482422,72.01950073242188,52.49561309814453,16.3799991607666,296.4800109863281,42.77592468261719,63.61683654785156,39.95079040527344,7.144970417022705,77.25204467773438,146.23760986328125
2022-07-27,17.181570053100586,227.72756958007812,31.340370178222656,32.575584411621094,23.447219848632812,142.51797485351562,65.51653289794922,113.3388671875,35.921451568603516,91.20405578613281,254.77000427246094,600.8023071289062,26.094839096069336,38.78418731689453,76.76000213623047,72.4430923461914,52.40313720703125,17.18000030517578,325.19000244140625,43.938053131103516,63.40047836303711,40.89203643798828,7.293411731719971,76.89725494384766,150.28488159179688
2022-07-28,18.811071395874023,237.09127807617188,32.70263671875,32.967262268066406,23.210786819458008,148.81686401367188,67.270263671875,120.11061096191406,38.09702682495117,93.28466033935547,274.17999267578125,655.2440185546875,26.271535873413086,40.36312484741211,88.5,76.19232940673828,52.94257354736328,21.6299991607666,341.19000244140625,43.99786376953125,65.63324737548828,39.38764953613281,8.401772499084473,78.21633911132812,155.25662231445312
2022-07-29,18.894407272338867,238.79298400878906,32.694278717041016,33.192264556884766,23.952686309814453,148.365234375,67.81623077392578,116.1808853149414,37.80382537841797,94.1237564086914,284.17999267578125,648.2706298828125,27.147960662841797,40.555049896240234,99.16999816894531,76.14726257324219,53.64385223388672,21.34000015258789,360.1300048828125,45.612857818603516,66.54193115234375,41.07707214355469,8.560110092163086,78.5438232421875,155.24717712402344
2022-08-01,19.013456344604492,236.84439086914062,32.410118103027344,33.22559356689453,23.683645248413086,147.79855346679688,68.27947235107422,114.5055160522461,38.05793380737305,94.05525970458984,280.8900146484375,639.6944580078125,26.68854522705078,40.22355651855469,99.48999786376953,76.88629150390625,53.466609954833984,21.239999771118164,358.5899963378906,44.741275787353516,66.36022186279297,40.66677474975586,8.322604179382324,78.21633911132812,154.11509704589844
2022-08-02,18.902912139892578,235.08982849121094,32.761146545410156,33.12559127807617,23.936384201049805,146.0574951171875,67.96514129638672,113.39151000976562,37.666996002197266,93.85832977294922,292.260009765625,634.4254150390625,26.716815948486328,39.97929763793945,99.72000122070312,77.21073913574219,53.998348236083984,23.229999542236328,365.4100036621094,45.04888916015625,65.71112823486328,39.30719757080078,8.401772499084473,76.11493682861328,154.08677673339844
2022-08-03,19.17501449584961,237.0295867919922,32.92829132080078,33.167259216308594,24.205421447753906,146.59132385253906,68.82545471191406,113.48799896240234,37.11967849731445,94.8857650756836,290.25,641.2880249023438,26.214996337890625,38.653350830078125,97.88999938964844,77.9227523803711,53.81339645385742,23.559999465942383,295.5199890136719,44.741275787353516,66.86215209960938,39.620948791503906,8.31270694732666,74.96868896484375,156.7754669189453
2022-08-04,19.55767250061035,239.18093872070312,33.59687805175781,33.742271423339844,23.92823028564453,146.46810913085938,68.56900787353516,113.5406265258789,37.808712005615234,93.9525146484375,295.82000732421875,642.0618286132812,25.267892837524414,39.30760192871094,99.16999816894531,79.29266357421875,53.64385223388672,24.110000610351562,309.2200012207031,43.65606689453125,67.47660064697266,39.773799896240234,8.54031753540039,73.68601989746094,159.5585479736328
2022-08-05,20.595077514648438,239.99209594726562,33.68882369995117,34.18395233154297,24.18096160888672,146.50918579101562,68.3042984008789,113.56693267822266,36.82647705078125,93.46446990966797,300.9100036621094,642.5316772460938,25.7343692779541,39.05461502075195,101.9000015258789,79.29266357421875,52.82698440551758,25.190000534057617,315.5,44.339664459228516,66.87080383300781,39.96687698364258,8.59969425201416,73.39490509033203,159.2755584716797
2022-08-08,20.297454833984375,240.706298828125,35.06779479980469,33.96727752685547,24.588600158691406,147.1990509033203,67.32817840576172,114.89146423339844,37.090362548828125,93.3617172241211,287.739990234375,642.0802612304688,25.776782989501953,39.23780822753906,106.73999786376953,78.8780746459961,53.420372009277344,25.6200008392334,303.1099853515625,44.40802001953125,66.80158233642578,40.79550552368164,8.322604179382324,74.23182678222656,159.90760803222656
2022-08-09,20.271949768066406,243.5100860595703,35.00093078613281,33.64227294921875,24.9228572845459,147.70822143554688,68.14712524414062,114.18973541259766,37.76472854614258,94.02099609375,290.82000732421875,642.7528076171875,26.271535873413086,39.60419845581055,109.01000213623047,80.13983917236328,54.006046295166016,24.670000076293945,312.6300048828125,44.87799072265625,67.71891784667969,41.69652557373047,8.193954467773438,75.19612884521484,160.28497314453125
2022-08-10,20.773645401000977,244.92970275878906,35.2432975769043,34.17561721801758,25.11037254333496,149.30142211914062,67.94857788085938,116.22476959228516,38.644344329833984,94.23504638671875,303.25,653.539794921875,26.455305099487305,39.717594146728516,114.51000213623047,80.9149169921875,54.12934875488281,28.780000686645508,323.739990234375,45.399234771728516,67.75350952148438,42.187255859375,8.856992721557617,75.78742980957031,160.44537353515625
2022-08-11,20.70561981201172,241.54393005371094,35.101219177246094,34.61729431152344,25.91878890991211,146.90341186523438,67.63423156738281,113.18097686767578,35.42886734008789,93.76410675048828,292.8999938964844,634.97802734375,27.398347854614258,39.86589431762695,114.58000183105469,80.59947967529297,53.53596878051758,27.739999771118164,319.0199890136719,46.5206298828125,67.416015625,43.22504425048828,8.965849876403809,73.89524841308594,160.13404846191406
2022-08-12,21.164798736572266,244.86795043945312,34.90900802612305,34.58395004272461,26.125015258789062,149.20286560058594,68.51937866210938,115.27742004394531,34.84246063232422,95.26766204833984,299.260009765625,649.0260009765625,27.119722366333008,40.57599639892578,117.97000122070312,81.53677368164062,54.26807403564453,29.540000915527344,330.5199890136719,46.8311653137207,68.20175170898438,43.45834732055664,8.767927169799805,75.22341918945312,162.02081298828125
2022-08-15,21.411396026611328,248.21849060058594,34.62484359741211,34.358943939208984,25.539325714111328,151.22311401367188,70.02494049072266,116.75104522705078,35.74161911010742,95.8984603881836,301.1300048828125,658.44970703125,26.526752471923828,41.04178237915039,118.22000122070312,82.01445007324219,54.460731506347656,29.959999084472656,324.17999267578125,45.74427032470703,68.42003631591797,41.72066116333008,8.579902648925781,74.31370544433594,162.926513671875
2022-08-16,21.309354782104492,245.5115966796875,34.39918899536133,34.50061798095703,25.514577865600586,149.72027587890625,70.68672943115234,118.0053939819336,35.63410949707031,96.87490844726562,292.94000244140625,658.7733764648438,26.62677001953125,41.03299331665039,116.98999786376953,81.59086608886719,55.123470306396484,29.190000534057617,311.2699890136719,45.49412155151367,69.0311279296875,42.356204986572266,8.461149215698242,73.37671661376953,164.91709899902344
2022-08-17,21.266841888427734,244.63876342773438,34.24876022338867,34.43394470214844,25.811553955078125,149.03042602539062,70.82733154296875,115.97036743164062,35.82469177246094,96.80577850341797,293.1300048828125,654.01806640625,26.933971405029297,40.64630126953125,116.30000305175781,81.29344177246094,55.03099822998047,28.469999313354492,310.6199951171875,45.64076232910156,69.18829345703125,42.33207321166992,8.758031845092773,74.20454406738281,165.36990356445312
2022-08-18,22.12567710876465,242.9017791748047,34.70841979980469,34.90062713623047,26.33124351501465,148.6855010986328,70.85215759277344,114.95285034179688,34.7935905456543,97.28103637695312,294.0,648.9480590820312,27.169734954833984,40.69903564453125,117.81999969482422,81.32948303222656,54.55320739746094,28.43000030517578,317.2200012207031,46.31360626220703,69.5986099243164,43.16069030761719,8.570006370544434,72.77632141113281,165.08689880371094
2022-08-19,21.751529693603516,241.949462890625,34.05654525756836,35.375640869140625,25.993030548095703,147.93814086914062,70.82733154296875,114.3388442993164,34.392879486083984,97.85133361816406,283.70001220703125,644.6642456054688,27.462646484375,40.54962921142578,115.41000366210938,80.8518295288086,54.090824127197266,26.81999969482422,300.3299865722656,45.59764099121094,69.98274993896484,42.65386199951172,8.362188339233398,72.39423370361328,164.45484924316406
2022-08-22,21.23282241821289,237.8407440185547,33.42137145996094,35.26729202270508,26.15801239013672,145.35948181152344,69.95875549316406,111.06700134277344,33.52303695678711,96.82305145263672,280.760009765625,624.8280639648438,28.43427085876465,39.8553466796875,114.4800033569336,79.79736328125,54.12934875488281,26.3799991607666,288.8399963378906,45.58900451660156,69.06607055664062,42.64581298828125,8.223644256591797,72.55007934570312,164.37936401367188
2022-08-23,21.096773147583008,233.85545349121094,33.68882369995117,35.800636291503906,26.850940704345703,142.1648712158203,69.42932891845703,109.8214111328125,33.30802536010742,95.94166564941406,285.4100036621094,617.8245239257812,29.23442840576172,39.609275817871094,114.41999816894531,79.29266357421875,53.3818359375,26.1200008392334,288.4599914550781,47.48675537109375,68.78670501708984,44.0295295715332,8.223644256591797,70.72577667236328,163.61517333984375
2022-08-24,21.743024826049805,233.19419860839844,33.59687805175781,35.96731185913086,26.63646125793457,143.58558654785156,69.74365997314453,110.20738983154297,33.36666488647461,95.8552474975586,293.0899963378906,621.238525390625,29.963146209716797,39.978389739990234,118.44000244140625,79.9505615234375,52.92716598510742,27.520000457763672,294.6099853515625,46.960548400878906,68.85653686523438,43.16069030761719,8.322604179382324,71.0558090209961,163.662353515625
2022-08-25,22.338260650634766,236.5093994140625,33.705528259277344,36.058982849121094,26.94993019104004,145.70437622070312,69.73539733886719,112.70731353759766,34.59812545776367,95.65650177001953,299.80999755859375,637.9473876953125,29.863126754760742,40.268409729003906,121.69000244140625,80.56342315673828,52.8423957824707,30.0,300.739990234375,47.21935272216797,69.07479858398438,43.42616653442383,8.500733375549316,72.27505493164062,164.74732971191406
2022-08-26,21.794044494628906,230.29331970214844,32.84470748901367,35.84230422973633,26.669462203979492,142.4112091064453,68.72618103027344,109.8828353881836,33.35689163208008,93.95423126220703,288.5899963378906,620.5631103515625,29.684518814086914,39.29288101196289,121.75,79.36476135253906,52.06405258178711,28.940000534057617,287.92999267578125,47.34011459350586,68.27159118652344,43.24113464355469,8.263228416442871,70.89077758789062,161.8038787841797
2022-08-29,21.666494369506836,228.99722290039062,32.98678970336914,35.875648498535156,26.784950256347656,142.44406127929688,69.16461944580078,108.74252319335938,32.45772933959961,94.36034393310547,284.82000732421875,610.006591796875,29.277297973632812,39.547752380371094,121.69000244140625,78.80780029296875,52.433963775634766,28.5,279.4599914550781,48.01294708251953,68.69065856933594,43.796226501464844,8.094995498657227,70.4966049194336,162.01144409179688
2022-08-30,21.632484436035156,223.42483520507812,32.363285064697266,35.522682189941406,25.91878890991211,139.7504119873047,68.1140365600586,108.60216522216797,32.57501220703125,93.04690551757812,285.7699890136719,606.8240966796875,28.12706756591797,38.72164535522461,122.30999755859375,77.61236572265625,50.87727355957031,28.190000534057617,275.5,46.926055908203125,67.7303237915039,41.88959884643555,8.233538627624512,69.77236938476562,161.0679931640625
2022-08-31,21.640987396240234,223.9979248046875,32.346435546875,35.28738021850586,25.440336227416992,140.29238891601562,67.6673355102539,108.44427490234375,31.920188903808594,92.38155364990234,286.44000244140625,608.1931762695312,27.712697982788086,38.58981704711914,127.55000305175781,77.03276062011719,48.69637680053711,28.040000915527344,275.9700012207031,45.70114517211914,67.28504943847656,40.63460159301758,8.203851699829102,70.26741027832031,159.46420288085938
2022-09-01,21.981117248535156,227.1632843017578,32.22846984863281,34.74113464355469,25.234107971191406,141.25323486328125,68.69153594970703,107.01449584960938,31.382648468017578,93.48760986328125,281.8599853515625,604.4277954101562,26.933971405029297,39.06439208984375,127.83999633789062,78.11951446533203,48.5962028503418,26.940000534057617,269.32000732421875,45.20083236694336,68.76923370361328,40.13581466674805,7.738735675811768,70.20323944091797,160.4170684814453
2022-09-02,22.236221313476562,221.1764678955078,32.48124313354492,34.60667419433594,25.6795597076416,137.77120971679688,68.2494888305664,103.75142669677734,31.23604393005371,92.4593276977539,279.07000732421875,583.94384765625,27.784135818481445,38.739227294921875,126.41000366210938,77.07804107666016,47.894927978515625,25.8700008392334,267.1199951171875,45.91680145263672,67.98348236083984,40.90008544921875,7.7189435958862305,69.51569366455078,158.91702270507812
2022-09-06,22.151185989379883,224.11251831054688,32.354862213134766,34.76634216308594,25.6795597076416,138.97842407226562,67.9742431640625,104.64614868164062,30.033906936645508,92.2519302368164,292.82000732421875,584.5731811523438,26.9196834564209,38.57224655151367,127.5999984741211,79.12476348876953,48.34189224243164,25.850000381469727,278.3800048828125,45.545875549316406,67.9049072265625,40.82768249511719,7.629878520965576,69.92823028564453,159.58685302734375
2022-09-07,23.112062454223633,228.80325317382812,32.92781066894531,34.90080261230469,25.300098419189453,142.63296508789062,69.55059051513672,106.96186828613281,32.0276985168457,95.26766204833984,316.30999755859375,598.783935546875,25.35508155822754,39.64442825317383,134.8000030517578,81.72390747070312,48.30336380004883,27.469999313354492,311.364990234375,45.01967239379883,69.62481689453125,39.87033462524414,7.897072792053223,71.2024917602539,163.898193359375
2022-09-08,23.27362823486328,230.71658325195312,33.37437438964844,35.06888198852539,25.324848175048828,143.08465576171875,69.03348541259766,107.59342956542969,32.017921447753906,94.36034393310547,317.4100036621094,602.207275390625,25.39080810546875,39.872920989990234,137.52999877929688,81.7510757446289,47.7562141418457,29.1200008392334,314.1600036621094,44.993797302246094,69.32797241210938,39.733577728271484,7.986137390136719,70.01073455810547,164.37171936035156
2022-09-09,23.324644088745117,230.64599609375,33.55131149291992,35.505882263183594,26.141510009765625,143.34744262695312,69.35875701904297,109.1635513305664,31.929960250854492,94.94794464111328,305.70001220703125,608.6744995117188,25.71230125427246,40.28598403930664,135.82000732421875,81.416015625,48.43436813354492,29.920000076293945,313.0,46.27909851074219,69.42400360107422,40.7713623046875,8.085098266601562,71.12913513183594,164.20123291015625
2022-09-12,23.4606990814209,233.73199462890625,33.702980041503906,35.86723327636719,26.504474639892578,145.21986389160156,70.22615814208984,111.18104553222656,32.14497756958008,95.81204986572266,308.92999267578125,615.6874389648438,26.06236457824707,40.52326583862305,136.7899932861328,82.24012756347656,49.004642486572266,30.030000686645508,316.20001220703125,46.55513000488281,69.9740219116211,40.964439392089844,8.21374797821045,71.74333953857422,164.4948272705078
2022-09-13,22.8144474029541,224.5093231201172,33.4080810546875,35.43864440917969,26.20750617980957,138.8963165283203,68.59143829345703,105.4092788696289,31.421743392944336,93.48760986328125,305.5,588.6718139648438,25.533695220947266,38.686500549316406,136.75999450683594,80.47416687011719,48.102989196777344,28.90999984741211,313.17999267578125,45.86503982543945,68.29779052734375,39.99100875854492,7.669463157653809,68.94732666015625,162.12742614746094
2022-09-14,22.98451042175293,222.03172302246094,34.04843521118164,35.547889709472656,26.46323013305664,137.93531799316406,68.75825500488281,102.86598205566406,31.978830337524414,94.42084503173828,320.6199951171875,579.7991333007812,26.198104858398438,38.97650909423828,135.75999450683594,80.49224853515625,47.5327262878418,29.59000015258789,322.70001220703125,46.762149810791016,69.34542846679688,41.1977424621582,7.6496710777282715,67.81975555419922,162.61984252929688
2022-09-15,22.695398330688477,216.07138061523438,34.02315902709961,34.615081787109375,25.984779357910156,133.8759765625,67.4905014038086,99.15294647216797,30.962387084960938,91.837158203125,312.17999267578125,570.214111328125,25.45510482788086,38.00100326538086,132.02000427246094,77.89311218261719,46.1070556640625,29.299999237060547,313.25,45.80466079711914,67.47713470458984,40.2725830078125,7.412164211273193,66.68299865722656,161.95701599121094
2022-09-16,22.04064178466797,216.80316162109375,33.89677047729492,34.077232360839844,25.58057403564453,135.21804809570312,67.40711212158203,99.32133483886719,30.981935501098633,91.69025421142578,318.010009765625,578.0135498046875,25.062170028686523,37.974639892578125,135.80999755859375,76.78824615478516,46.21493911743164,28.25,310.510009765625,45.321598052978516,67.44219970703125,40.35303497314453,7.1845550537109375,66.75633239746094,160.35662841796875
2022-09-19,22.618867874145508,218.2227325439453,33.77880859375,34.49742126464844,25.489830017089844,135.3837127685547,67.70736694335938,98.49720001220703,30.512805938720703,92.29513549804688,316.2300109863281,579.133056640625,24.82640838623047,38.1328239440918,137.0399932861328,78.64476776123047,46.25347137451172,27.709999084472656,307.95001220703125,45.278465270996094,68.33270263671875,39.91829299926758,6.867880821228027,65.30789947509766,161.84335327148438
2022-09-20,22.015132904052734,209.7583465576172,33.35752487182617,34.480621337890625,25.572328567504883,133.6605682373047,66.74822235107422,97.2565689086914,29.652740478515625,91.28413391113281,304.7099914550781,570.380615234375,24.72638511657715,37.59673309326172,133.30999755859375,77.60331726074219,45.42889404296875,26.0,294.3599853515625,45.58900451660156,67.416015625,39.19235610961914,6.620478630065918,63.767784118652344,160.69754028320312
2022-09-21,21.598466873168945,206.45193481445312,32.826698303222656,34.47221374511719,25.17636489868164,131.21665954589844,65.83077239990234,96.40584564208984,30.463939666748047,90.1175765991211,304.55999755859375,573.8038940429688,24.36917495727539,36.99912643432617,135.57000732421875,76.04562377929688,45.282470703125,25.520000457763672,287.9599914550781,45.14044952392578,66.46440887451172,38.988433837890625,6.7194390296936035,63.24525833129883,159.9304962158203
2022-09-22,21.283845901489258,205.2440185546875,31.369049072265625,34.35456466674805,25.399093627929688,130.13970947265625,65.42208862304688,95.18294525146484,29.291122436523438,90.45458984375,283.6300048828125,563.682373046875,24.497772216796875,36.630008697509766,131.77000427246094,75.65621185302734,45.20541000366211,23.940000534057617,270.94000244140625,45.149078369140625,66.29853820800781,39.12710952758789,6.511621475219727,62.56688690185547,158.0176239013672
2022-09-23,20.654598236083984,201.7436065673828,30.40851593017578,33.28728103637695,23.1635799407959,127.29814910888672,64.84660339355469,91.57625579833984,28.606979370117188,89.61639404296875,279.489990234375,548.7589721679688,22.968889236450195,36.62122344970703,129.85000610351562,74.73247528076172,43.40212631225586,22.6299991607666,258.79998779296875,41.50022888183594,65.46913146972656,36.65565872192383,6.392868518829346,61.15510940551758,156.94761657714844
2022-09-26,19.523656845092773,195.1837158203125,29.161500930786133,32.10235595703125,22.48714828491211,124.89568328857422,63.253597259521484,90.19383239746094,27.238691329956055,87.13641357421875,274.9200134277344,538.082275390625,22.625967025756836,35.66328811645508,128.2100067138672,73.49176025390625,41.259761810302734,21.690000534057617,247.64999389648438,40.37020492553711,63.862762451171875,36.59041213989258,6.224635124206543,60.29337692260742,156.45523071289062
2022-09-27,18.91141700744629,194.5048065185547,28.571697235107422,31.20315170288086,22.726369857788086,122.72514343261719,61.74397277832031,86.6048583984375,26.35907745361328,84.95887756347656,284.80999755859375,525.2220458984375,23.583293914794922,35.2853889465332,132.30999755859375,73.4283676147461,39.679962158203125,21.850000381469727,249.5800018310547,41.46573257446289,62.61431121826172,37.12057876586914,6.194947242736816,58.954952239990234,154.56129455566406
2022-09-28,19.583179473876953,194.91036987304688,28.28522300720215,30.766159057617188,23.559532165527344,124.32404327392578,62.43622970581055,88.41262817382812,27.121410369873047,86.0735855102539,292.30999755859375,533.3729858398438,23.99052619934082,34.8723258972168,136.19000244140625,74.59663391113281,40.7357292175293,22.5,256.7900085449219,42.79414749145508,63.31273651123047,37.699703216552734,6.353283882141113,59.972530364990234,155.9343719482422
2022-09-29,19.34508514404297,188.43861389160156,27.19830322265625,30.001415252685547,23.71626853942871,119.50253295898438,59.266868591308594,85.87821197509766,25.75800895690918,82.17646789550781,277.8399963378906,519.3934936523438,23.6047306060791,33.176170349121094,130.92999267578125,72.4231185913086,39.872623443603516,21.040000915527344,235.55999755859375,43.1995735168457,60.57138442993164,38.050437927246094,5.987129211425781,58.05656051635742,153.32078552246094
2022-09-30,19.217533111572266,189.30271911621094,27.535335540771484,30.169492721557617,23.551284790039062,119.75106811523438,57.64049530029297,87.88980102539062,25.86063003540039,80.37911987304688,277.4700012207031,526.2860717773438,23.654741287231445,32.92129898071289,132.27000427246094,71.01033020019531,39.710784912109375,21.010000228881836,231.4600067138672,42.92353820800781,59.366607666015625,37.944400787353516,6.0267133712768555,58.96411895751953,151.71099853515625
2022-10-03,20.033855438232422,191.4805450439453,28.25994873046875,30.841781616210938,24.82990264892578,122.36893463134766,59.29189682006836,89.01522827148438,27.844646453857422,82.37519073486328,286.6099853515625,535.593505859375,24.697811126708984,33.81771469116211,136.6199951171875,73.5279769897461,40.74343490600586,21.81999969482422,236.83999633789062,45.14044952392578,60.876949310302734,40.15482711791992,6.115777969360352,59.93585205078125,156.3321075439453
2022-10-04,21.487926483154297,194.04629516601562,28.4368953704834,31.270383834838867,25.803300857543945,124.56427764892578,59.63386154174805,90.57486724853516,27.82509994506836,83.92195892333984,288.25,543.8555297851562,25.347936630249023,35.1623420715332,143.05999755859375,75.00416564941406,41.50636291503906,23.389999389648438,246.1699981689453,46.30497741699219,61.715087890625,41.9248046875,6.521517753601074,59.01912307739258,159.2581787109375
2022-10-05,21.615476608276367,188.80894470214844,28.318925857543945,30.85860824584961,25.88578987121582,120.76175689697266,57.557090759277344,87.73029327392578,26.78911018371582,81.24322509765625,261.6000061035156,535.1400756835938,25.262205123901367,34.01106262207031,134.58999633789062,74.0532455444336,40.46600341796875,21.969999313354492,234.24000549316406,46.59825897216797,60.00392150878906,41.81877136230469,6.284011363983154,57.13066864013672,157.79042053222656
2022-10-06,21.598466873168945,179.04844665527344,27.661720275878906,29.808128356933594,25.68781089782715,114.07624816894531,55.013267517089844,83.65393829345703,26.319984436035156,78.43488311767578,257.45001220703125,515.7296142578125,25.226486206054688,33.184959411621094,132.05999755859375,71.46314239501953,39.132808685302734,21.09000015258789,220.27000427246094,44.571128845214844,57.38481140136719,41.36200714111328,6.036609649658203,54.78382873535156,150.94393920898438
2022-10-07,21.1903076171875,172.85812377929688,27.442649841308594,28.934139251708984,25.638317108154297,111.30097198486328,53.703826904296875,81.92591094970703,25.03965950012207,76.96589660644531,255.14999389648438,501.32452392578125,25.17647361755371,32.48189163208008,129.4199981689453,69.4888916015625,38.80144119262695,19.899999618530273,209.6199951171875,44.82991027832031,55.979217529296875,41.5251350402832,5.87827205657959,53.720420837402344,147.00462341308594
2022-10-10,21.164798736572266,168.37301635742188,26.01027488708496,28.522356033325195,25.036128997802734,109.87604522705078,53.79557418823242,79.47124481201172,25.054319381713867,77.03502655029297,258.17999267578125,488.4364929199219,25.097890853881836,33.22890853881836,131.05999755859375,69.4979248046875,38.1232795715332,19.850000381469727,207.83999633789062,44.13119888305664,55.865718841552734,40.37505340576172,5.838687896728516,52.59284210205078,147.2508544921875
2022-10-11,20.986228942871094,168.0977325439453,25.53843116760254,27.86686134338379,24.590675354003906,109.79319763183594,54.0708122253418,79.79911804199219,24.55098533630371,77.3633804321289,255.8000030517578,485.0780029296875,24.73352813720703,32.93009567260742,131.32000732421875,68.85493469238281,37.48365783691406,19.790000915527344,203.58999633789062,43.28583526611328,55.560157775878906,39.80409240722656,5.710038661956787,53.326229095458984,147.97999572753906
2022-10-12,20.51854705810547,163.230712890625,24.66215705871582,27.60634422302246,24.706165313720703,106.8936538696289,52.26095199584961,79.06360626220703,24.66826629638672,74.28719329833984,248.1300048828125,473.5686340332031,24.583498001098633,31.603050231933594,126.87999725341797,65.88446807861328,36.42018127441406,18.93000030517578,200.60000610351562,43.4066047668457,53.691856384277344,39.41257858276367,5.710038661956787,53.08787536621094,146.16184997558594
2022-10-13,20.748138427734375,168.6128692626953,24.94862937927246,28.169397354125977,25.696060180664062,108.6250991821289,54.2459602355957,81.6157455444336,24.692699432373047,76.03266906738281,248.6999969482422,483.4218444824219,25.376516342163086,32.719173431396484,126.54000091552734,66.19239044189453,37.98456954956055,19.229999542236328,200.07000732421875,45.01967239379883,55.91810607910156,41.13362503051758,5.907960414886475,54.242958068847656,149.0310821533203
2022-10-14,19.821271896362305,164.99813842773438,24.552621841430664,27.555919647216797,25.01963233947754,105.75040435791016,53.63710403442383,80.49918365478516,25.04943084716797,75.02166748046875,237.8699951171875,467.5826416015625,24.11911964416504,32.156715393066406,123.36000061035156,64.99695587158203,37.491355895996094,18.030000686645508,193.38999938964844,43.58774948120117,55.4466667175293,41.59854507446289,5.927752494812012,53.02370834350586,146.52169799804688
2022-10-17,20.305957794189453,170.95751953125,25.251956939697266,28.673620223999023,25.143369674682617,110.15770721435547,54.446128845214844,84.31855010986328,25.782442092895508,76.99182891845703,242.2899932861328,487.5020446777344,24.662086486816406,32.604923248291016,118.27999877929688,66.69953155517578,39.579776763916016,18.6200008392334,197.2899932861328,44.34685134887695,56.118896484375,42.08793640136719,6.115777969360352,54.985511779785156,149.44776916503906
2022-10-18,20.748138427734375,175.15838623046875,26.00185203552246,29.4971923828125,25.143369674682617,110.49737548828125,55.49701690673828,85.8161849975586,26.100080490112305,78.46944427490234,251.4199981689453,499.7978210449219,24.3120174407959,33.009193420410156,121.30999755859375,67.97647857666016,39.58748245239258,19.110000610351562,207.4199981689453,44.37272644042969,57.08796691894531,42.0226936340332,6.24442720413208,55.6180534362793,152.57269287109375
2022-10-19,20.51854705810547,169.6253204345703,25.9344425201416,28.892122268676758,25.489830017089844,108.27713775634766,54.788082122802734,84.3717269897461,25.459917068481445,77.156005859375,243.19000244140625,486.20672607421875,24.39775276184082,32.385215759277344,120.20999908447266,66.69048309326172,39.194461822509766,16.950000762939453,199.4600067138672,44.631507873535156,56.47684860229492,42.4631462097168,6.175154209136963,54.38964080810547,152.93252563476562
2022-10-20,19.9658260345459,166.9697723388672,24.965478897094727,28.39630126953125,25.539325714111328,105.04623413085938,53.72051239013672,84.25653076171875,25.215579986572266,75.3759536743164,244.2899932861328,486.8358459472656,24.562068939208984,31.233938217163086,118.72000122070312,63.97361373901367,38.7783203125,16.329999923706055,197.83999633789062,44.873043060302734,55.43792724609375,42.29185104370117,6.036609649658203,54.06877517700195,150.830322265625
2022-10-21,20.816162109375,166.5789794921875,24.679006576538086,28.18620491027832,25.869291305541992,102.38693237304688,54.65463638305664,85.8338851928711,24.981016159057617,76.43878936767578,252.0,494.6074523925781,24.59778594970703,32.27097702026367,122.5999984741211,64.88829040527344,39.22528839111328,16.489999771118164,202.66000366210938,45.70977020263672,56.31096267700195,42.56101608276367,6.165258884429932,53.06037521362305,151.3511199951172
2022-10-24,20.918201446533203,164.66062927246094,24.46836280822754,28.446720123291016,26.232250213623047,101.44252014160156,55.05498504638672,86.34788513183594,25.880176544189453,76.63753509521484,253.3000030517578,491.4248046875,24.269155502319336,32.40278625488281,124.56999969482422,66.36445617675781,40.04986572265625,15.729999542236328,203.74000549316406,45.66664505004883,56.3895378112793,42.976993560791016,6.254323482513428,52.72118377685547,154.0594482421875
2022-10-25,21.419898986816406,173.65745544433594,26.00185203552246,29.934185028076172,26.46323013305664,104.73973846435547,55.81394958496094,89.99000549316406,27.473255157470703,77.9769058227539,265.5899963378906,513.379638671875,24.39775276184082,33.184959411621094,127.1500015258789,68.70098114013672,41.383060455322266,16.56999969482422,215.61000061035156,45.55450439453125,57.376075744628906,43.042259216308594,6.293907642364502,55.3338623046875,156.294189453125
2022-10-26,21.640987396240234,174.89198303222656,25.909160614013672,30.40479278564453,26.652965545654297,106.29718017578125,55.98076248168945,88.855712890625,28.19649314880371,78.46944427490234,291.8699951171875,513.6109008789062,25.255064010620117,33.05313491821289,131.39999389648438,68.46550750732422,41.45241165161133,16.420000076293945,225.67999267578125,45.98582077026367,57.30624008178711,43.849761962890625,6.669958591461182,55.37054443359375,151.48370361328125
2022-10-27,21.91309356689453,176.45509338378906,25.5805606842041,30.38798713684082,27.411884307861328,106.04036712646484,56.189266204833984,88.53670501708984,27.7987117767334,78.6681900024414,306.0799865722656,513.4166259765625,25.626562118530273,33.132232666015625,131.17999267578125,68.3477783203125,41.80691146850586,16.06999969482422,228.8300018310547,48.31485366821289,56.895904541015625,44.24943161010742,6.590789794921875,54.94884490966797,149.90231323242188
2022-10-28,22.49982261657715,181.81056213378906,26.043975830078125,30.682117462158203,27.345890045166016,109.76834106445312,57.89072036743164,89.84822845458984,27.551443099975586,81.22594451904297,305.25,525.5552368164062,26.298133850097656,34.06380081176758,132.6699981689453,71.57182312011719,42.6160774230957,16.09000015258789,231.72000122070312,48.46150207519531,57.91736602783203,44.6735725402832,6.570997714996338,56.378936767578125,149.53298950195312
2022-10-31,22.378347396850586,184.01312255859375,26.145084381103516,30.572874069213867,27.453123092651367,110.39796447753906,58.357784271240234,88.8379898071289,26.867298126220703,80.51737213134766,307.0,524.065673828125,25.919485092163086,33.91439437866211,145.57000732421875,70.18621063232422,42.092044830322266,15.979999542236328,230.02999877929688,47.98707580566406,57.16654968261719,44.6735725402832,6.432453155517578,55.957244873046875,149.96856689453125
2022-11-01,22.532329559326172,184.6259307861328,26.19563865661621,30.682117462158203,27.387134552001953,109.56951904296875,58.14925765991211,85.84275817871094,26.759790420532227,81.00127410888672,299.4800109863281,513.0281372070312,26.57675552368164,34.06380081176758,148.57000732421875,70.37639617919922,42.3848876953125,15.6899995803833,225.25,48.168209075927734,57.21019744873047,45.554481506347656,6.521517753601074,55.09552764892578,148.21670532226562
2022-11-02,22.096054077148438,182.23687744140625,25.757497787475586,30.28714370727539,27.024173736572266,106.73625946044922,57.58211898803711,83.5032958984375,26.701148986816406,80.2581558227539,289.5,508.16156005859375,26.398149490356445,33.43103790283203,150.07000732421875,69.98696899414062,42.35406494140625,14.720000267028809,217.5800018310547,47.36598205566406,56.57288360595703,44.68989181518555,6.679854869842529,53.958778381347656,146.98568725585938
2022-11-03,22.40401268005371,178.8086700439453,25.909160614013672,29.421554565429688,27.255149841308594,107.13390350341797,57.74058532714844,84.1413345336914,26.65228271484375,80.55192565917969,296.1099853515625,541.560791015625,26.57675552368164,32.48189163208008,157.72999572753906,70.80204010009766,41.72985076904297,14.609999656677246,224.9499969482422,48.07332992553711,56.61653518676758,45.366878509521484,6.838191986083984,53.537078857421875,148.79437255859375
2022-11-04,22.634979248046875,181.10891723632812,26.532665252685547,30.41320037841797,27.98107147216797,107.73867797851562,55.98910140991211,85.75413513183594,27.131183624267578,80.8889389038086,282.44000244140625,565.3754272460938,27.134016036987305,32.67523956298828,153.6199951171875,71.36351776123047,42.5621337890625,14.789999961853027,219.0,49.22059631347656,56.66893005371094,46.851375579833984,6.818399906158447,55.87473678588867,147.50653076171875
2022-11-07,22.908721923828125,179.42147827148438,26.313600540161133,30.228322982788086,28.319284439086914,107.56468963623047,52.49447250366211,86.15292358398438,27.981475830078125,79.69647979736328,268.8299865722656,561.1472778320312,27.28404426574707,32.235809326171875,147.25,69.99602508544922,42.53131103515625,14.979999542236328,211.3000030517578,49.04808044433594,55.31570816040039,47.20211410522461,7.17465877532959,56.3422737121582,149.00270080566406
2022-11-08,22.66064453125,180.30960083007812,26.6843318939209,30.472028732299805,27.824338912963867,107.54813385009766,52.22758102416992,87.24291229248047,28.519018173217773,80.53465270996094,280.07000732421875,551.6455078125,26.591049194335938,33.141014099121094,147.25999450683594,70.883544921875,43.30965042114258,14.8100004196167,251.72999572753906,48.48737716674805,55.83080291748047,46.76980972290039,7.422060966491699,60.971771240234375,151.17120361328125
2022-11-09,22.45533561706543,178.5510711669922,26.67591094970703,30.085447311401367,26.957176208496094,105.75040435791016,50.39268493652344,86.03770446777344,27.83487319946289,80.75069427490234,284.75,553.2183227539062,25.062170028686523,33.123435974121094,151.16000366210938,70.8201675415039,42.89350891113281,14.609999656677246,249.22000122070312,46.22446060180664,55.38554763793945,45.92152786254883,7.323100566864014,60.96259689331055,149.8076171875
2022-11-10,24.14055633544922,196.18951416015625,27.661720275878906,31.547706604003906,27.474140167236328,114.87155151367188,52.01906967163086,96.2286148071289,30.757143020629883,83.90467071533203,309.25,599.5242919921875,25.484975814819336,34.27471923828125,157.02000427246094,75.34829711914062,45.90668487548828,17.010000228881836,283.6700134277344,46.894630432128906,57.367340087890625,46.62299728393555,8.322604179382324,64.22613525390625,152.66738891601562
2022-11-11,24.020797729492188,198.28550720214844,26.987659454345703,31.89225959777832,28.216230392456055,116.37102508544922,51.42689895629883,98.87824249267578,30.190282821655273,82.23694610595703,292.010009765625,611.181640625,25.67450714111328,34.371395111083984,150.4199981689453,75.4478988647461,45.77568435668945,17.889999389648438,288.9100036621094,48.53960037231445,56.82605743408203,48.01776885986328,8.292916297912598,65.61959075927734,149.7697296142578
2022-11-14,23.55030632019043,191.28697204589844,26.692760467529297,31.547706604003906,27.974422454833984,111.93057250976562,48.3409538269043,95.1917953491211,29.30089569091797,82.4789047241211,297.94000244140625,591.1420288085938,25.2735652923584,33.74020767211914,153.6300048828125,73.95364379882812,45.4520149230957,17.299999237060547,284.010009765625,47.57350540161133,56.345890045166016,47.34893035888672,7.9465532302856445,64.43700408935547,149.22994995117188
2022-11-15,23.7641658782959,195.01715087890625,27.189878463745117,31.808223724365234,28.274595260620117,112.66790008544922,49.1082763671875,99.13522338867188,29.84821128845215,83.93058013916016,300.7300109863281,611.0283203125,26.308712005615234,33.8997802734375,159.6300048828125,75.0856704711914,45.69861602783203,17.559999465942383,287.9700012207031,48.983482360839844,57.52448654174805,48.58056640625,8.154370307922363,64.08865356445312,148.75648498535156
2022-11-16,23.91814422607422,194.63526916503906,27.071916580200195,31.4300594329834,28.32462501525879,112.34478759765625,49.71712875366211,97.34516906738281,29.335102081298828,84.63053131103516,305.17999267578125,602.3449096679688,25.514129638671875,33.74020767211914,158.5800018310547,76.36258697509766,46.261173248291016,16.709999084472656,289.760009765625,48.583126068115234,57.472110748291016,49.012874603271484,7.926761627197266,62.52103805541992,149.69398498535156
2022-11-17,23.498973846435547,192.1395721435547,26.355730056762695,30.925823211669922,28.641469955444336,110.69619750976562,48.68291091918945,96.84892272949219,28.88063621520996,83.39513397216797,312.9599914550781,594.9537353515625,25.441238403320312,33.226036071777344,164.97999572753906,74.57849884033203,45.72944259643555,16.299999237060547,299.2099914550781,49.34032440185547,56.67764663696289,49.045501708984375,7.956449031829834,61.71628952026367,150.650390625
2022-11-18,23.66151237487793,191.77545166015625,25.976572036743164,31.21995735168457,28.38299560546875,112.53534698486328,49.34180450439453,97.88573455810547,28.782901763916016,84.5039291381836,311.94000244140625,601.8986206054688,24.71225929260254,34.2011833190918,166.60000610351562,75.34829711914062,46.56172561645508,15.84000015258789,306.3900146484375,48.68756103515625,57.851070404052734,48.596885681152344,7.817904472351074,62.69678497314453,152.62948608398438
2022-11-21,24.012245178222656,195.3102569580078,26.43155860900879,31.438461303710938,27.624221801757812,115.24432373046875,49.65874481201172,98.00093841552734,28.303998947143555,84.72219848632812,308.1000061035156,608.8529052734375,24.6029109954834,34.30756378173828,165.38999938964844,75.71053314208984,46.816036224365234,15.1899995803833,301.4100036621094,47.5996208190918,57.992244720458984,47.29999542236328,7.6496710777282715,63.06678009033203,154.16357421875
2022-11-22,24.020797729492188,193.72935485839844,26.87812614440918,31.68216896057129,29.091733932495117,115.24432373046875,50.25090408325195,97.03501892089844,28.401735305786133,85.28094482421875,320.44000244140625,609.9500122070312,25.871328353881836,34.97243881225586,167.66000366210938,76.17240142822266,47.216766357421875,15.180000305175781,309.17999267578125,49.45347213745117,58.18634033203125,48.996551513671875,7.857488632202148,63.686527252197266,154.58023071289062
2022-11-23,24.36297035217285,193.83590698242188,27.097190856933594,31.808223724365234,29.166776657104492,116.08106231689453,50.901458740234375,98.35540771484375,28.538564682006836,86.03178405761719,315.7799987792969,624.54638671875,26.228527069091797,35.34476852416992,169.47000122070312,77.29654693603516,48.18949508666992,15.479999542236328,306.25,49.462181091308594,58.54808807373047,49.15152359008789,8.094995498657227,64.1490478515625,155.3093719482422
2022-11-25,24.47418212890625,195.461181640625,27.23200798034668,31.73259162902832,29.408586502075195,116.9675064086914,51.3184700012207,98.60353088378906,28.734033584594727,86.97469329833984,319.4200134277344,627.2330932617188,26.83358383178711,35.522071838378906,171.42999267578125,77.67884826660156,48.36193084716797,15.729999542236328,301.9100036621094,49.45347213745117,59.0333366394043,49.437015533447266,8.154370307922363,64.3155517578125,155.73550415039062
2022-11-28,23.98657989501953,189.97254943847656,26.86969757080078,31.303997039794922,28.958322525024414,113.9271240234375,50.559505462646484,95.24497985839844,27.57098960876465,86.09290313720703,312.2099914550781,616.030029296875,26.39619255065918,35.66391372680664,165.6199951171875,76.21337890625,47.75054931640625,14.920000076293945,295.45001220703125,49.166255950927734,58.08928298950195,48.61319351196289,7.926761627197266,61.64228820800781,155.8585968017578
2022-11-29,24.174779891967773,192.92112731933594,26.690963745117188,31.337936401367188,29.441932678222656,115.24432373046875,49.85057067871094,96.37042236328125,27.297332763671875,85.5079574584961,303.3900146484375,623.7930908203125,27.438627243041992,35.460018157958984,161.80999755859375,75.08468627929688,47.51539993286133,14.899999618530273,290.8500061035156,50.14975357055664,57.992244720458984,49.74695587158203,7.956449031829834,64.01029968261719,156.32261657714844
2022-11-30,24.73936653137207,196.5003204345703,27.754859924316406,31.830108642578125,29.933883666992188,117.16630554199219,50.96818542480469,99.65806579589844,28.343093872070312,87.24535369873047,320.5899963378906,642.09912109375,28.050966262817383,36.67452621459961,172.52999877929688,77.0963134765625,48.283546447753906,15.960000038146973,298.8599853515625,50.889556884765625,59.67739486694336,50.91334533691406,8.362188339233398,65.70303344726562,158.8225860595703
2022-12-01,24.568283081054688,196.5447540283203,27.610170364379883,30.574214935302734,29.783796310424805,117.3982925415039,50.907466888427734,98.98458099365234,30.483488082885742,87.57711029052734,314.0,649.0717163085938,27.781246185302734,36.81635665893555,168.5399932861328,77.21463012695312,49.2554931640625,15.75,295.7699890136719,50.524009704589844,59.747989654541016,50.326080322265625,8.372084617614746,65.66604614257812,159.5355224609375
2022-12-02,24.5255069732666,194.83065795898438,27.831462860107422,29.99718475341797,29.483627319335938,116.12249755859375,50.99178695678711,98.23133850097656,29.838438034057617,86.88738250732422,336.0,642.861328125,26.8773136138916,36.74544143676758,168.32000732421875,77.5514144897461,48.95763397216797,15.8100004196167,308.7699890136719,50.23679733276367,59.41271209716797,50.301185607910156,8.579902648925781,65.74932098388672,161.4273223876953
2022-12-05,24.268878936767578,191.49127197265625,27.720813751220703,29.640790939331055,29.183460235595703,114.83840942382812,49.97988510131836,96.73372650146484,30.102319717407227,86.54688262939453,335.82000732421875,636.1675415039062,26.556564331054688,37.011390686035156,167.13999938964844,77.50591278076172,49.067378997802734,14.960000038146973,314.05999755859375,49.95827865600586,59.53623580932617,49.60404968261719,8.69865608215332,64.92605590820312,159.50698852539062
2022-12-06,24.063570022583008,188.74693298339844,26.24838638305664,28.74978256225586,28.65814971923828,113.72000122070312,49.119754791259766,95.75007629394531,30.561676025390625,87.7517318725586,309.7300109863281,638.5846557617188,26.21394920349121,38.004276275634766,157.47000122070312,77.53321075439453,48.75384521484375,13.819999694824219,298.9800109863281,49.33162307739258,60.418514251708984,49.8945198059082,8.609590530395508,63.08528518676758,157.38710021972656
2022-12-07,23.935253143310547,187.49464416503906,26.22285270690918,28.656436920166016,28.274595260620117,114.92124938964844,48.9089469909668,96.41471862792969,30.004587173461914,86.93978118896484,317.04998779296875,636.9578247070312,26.235820770263672,37.50783157348633,154.74000549316406,77.63333129882812,48.5892448425293,13.680000305175781,310.7900085449219,49.04440689086914,60.436161041259766,49.17250442504883,8.560110092163086,60.12527847290039,157.0543975830078
2022-12-08,24.243215560913086,188.5071258544922,26.29945182800293,29.72564697265625,28.291275024414062,115.32720184326172,49.15349197387695,95.10318756103516,29.584327697753906,87.6993408203125,319.8699951171875,635.3029174804688,26.250396728515625,37.02912521362305,152.7100067138672,78.0611343383789,49.22413635253906,13.779999732971191,315.510009765625,49.25328826904297,60.594970703125,49.59575271606445,8.837200164794922,60.77277374267578,157.81488037109375
2022-12-09,24.397192001342773,189.91925048828125,26.282432556152344,29.42864227294922,28.107833862304688,115.83252716064453,49.14505386352539,94.78414916992188,29.398630142211914,87.61204528808594,319.54998779296875,628.2929077148438,25.973388671875,36.71884536743164,150.9600067138672,76.9233627319336,48.85573959350586,13.359999656677246,314.79998779296875,48.40034484863281,60.31263732910156,48.82392883300781,9.39138126373291,61.67002487182617,158.59442138671875
2022-12-12,24.901897430419922,191.72216796875,26.46967315673828,29.43712615966797,28.433021545410156,116.58639526367188,50.5786018371582,95.99820709228516,29.711381912231445,89.33197021484375,320.8599853515625,632.5416870117188,26.38161277770996,37.676273345947266,150.27999877929688,78.78022003173828,48.95763397216797,13.930000305175781,314.9100036621094,49.053104400634766,62.668331146240234,49.59575271606445,9.470549583435059,60.8005256652832,158.55638122558594
2022-12-13,25.03877067565918,198.40097045898438,27.337810516357422,29.649269104003906,29.19179344177246,120.09901428222656,50.5786018371582,98.44402313232422,30.678955078125,90.01295471191406,325.989990234375,657.3087768554688,27.60628890991211,37.71172332763672,157.0800018310547,79.32634735107422,49.18495178222656,14.109999656677246,327.6400146484375,49.94086837768555,62.827125549316406,51.17259216308594,9.569511413574219,61.2907829284668,158.5183868408203
2022-12-14,25.013107299804688,195.25694274902344,27.329301834106445,28.80918312072754,29.016687393188477,115.13691711425781,49.97988510131836,93.75791931152344,30.884199142456055,90.18757629394531,332.79998779296875,653.9805297851562,27.037691116333008,37.9599494934082,160.08999633789062,79.23533630371094,49.490638732910156,15.210000038146973,335.6099853515625,49.40125274658203,62.73891830444336,50.35097122192383,9.658575057983398,62.299041748046875,158.31874084472656
2022-12-15,24.559720993041992,193.8092803955078,26.3930721282959,28.020004272460938,28.583106994628906,115.5724105834961,49.617286682128906,93.43535614013672,30.082775115966797,89.49786376953125,314.05999755859375,642.7590942382812,26.950212478637695,37.56989288330078,159.41000366210938,78.10664367675781,48.746002197265625,14.420000076293945,327.30999755859375,48.870338439941406,62.086029052734375,50.09370422363281,9.401276588439941,62.0862922668457,155.3052215576172
2022-12-16,24.243215560913086,189.57289123535156,25.916452407836914,27.16294288635254,28.082815170288086,112.86736297607422,49.431766510009766,90.98029327392578,28.773128509521484,87.6032943725586,303.3900146484375,620.892578125,26.308712005615234,37.17095947265625,155.0800018310547,76.5865707397461,47.60162353515625,14.020000457763672,320.5299987792969,47.83462142944336,61.25667190551758,49.46296691894531,9.035122871398926,59.49626922607422,153.80320739746094
2022-12-19,24.12345314025879,186.17127990722656,24.844045639038086,26.365280151367188,28.307947158813477,111.5608901977539,49.963016510009766,89.05389404296875,29.154293060302734,87.50727081298828,305.010009765625,611.9207763671875,26.439931869506836,37.02912521362305,156.77000427246094,76.02220916748047,47.429176330566406,12.90999984741211,309.5799865722656,48.3220100402832,60.79789733886719,49.75343704223633,9.134082794189453,58.92276382446289,149.810546875
2022-12-20,24.26032066345215,185.3453369140625,24.648290634155273,26.22102165222168,28.416345596313477,112.06336975097656,50.24129867553711,88.47149658203125,28.99791717529297,87.48982238769531,302.07000732421875,606.305419921875,26.578432083129883,37.28621292114258,156.58999633789062,76.02220916748047,47.538917541503906,12.720000267028809,309.8999938964844,48.852928161621094,61.2919807434082,50.4588623046875,8.896576881408691,58.78401565551758,150.0006561279297
2022-12-21,24.58538818359375,187.04168701171875,24.665311813354492,26.97625732421875,29.208465576171875,112.64125061035156,50.63762283325195,90.003662109375,29.193387985229492,88.9827651977539,317.1000061035156,619.1353149414062,27.07413673400879,37.79151153564453,162.05999755859375,77.05078887939453,47.58594512939453,13.079999923706055,323.1600036621094,50.132347106933594,62.403656005859375,52.39257049560547,9.025225639343262,59.172523498535156,151.4076385498047
2022-12-22,24.217548370361328,187.04168701171875,23.856752395629883,26.271934509277344,28.69150161743164,113.56248474121094,51.0086555480957,89.47502899169922,29.35953712463379,89.00892639160156,298.8699951171875,609.0294799804688,26.760677337646484,37.69399642944336,156.88999938964844,75.85838317871094,47.28025817871094,12.550000190734863,311.4599914550781,49.38385009765625,62.43010711669922,51.58755111694336,9.193459510803223,59.69052505493164,149.94363403320312
2022-12-23,24.534059524536133,188.6847381591797,23.941864013671875,26.58591079711914,29.19179344177246,114.7181625366211,51.26164245605469,90.3799819946289,28.919729232788086,89.91692352294922,293.95001220703125,611.4467163085938,26.986661911010742,38.15497970581055,156.75,76.6138687133789,47.68784713745117,12.34000015258789,310.1499938964844,50.28901290893555,63.29473876953125,52.458961486816406,9.292420387268066,60.190025329589844,151.35060119628906
2022-12-27,24.65382194519043,188.6936798095703,23.524818420410156,26.16162109375,29.216806411743164,114.67630004882812,52.096466064453125,89.91404724121094,29.06633186340332,90.51061248779297,274.5400085449219,608.5645751953125,27.066850662231445,38.252498626708984,150.22000122070312,76.45913696289062,47.562435150146484,11.720000267028809,293.0400085449219,50.367340087890625,63.7623405456543,52.60005187988281,9.450757026672363,60.994789123535156,151.6262664794922
2022-12-28,24.226104736328125,187.9779052734375,23.15883445739746,25.652477264404297,28.833253860473633,112.9427261352539,51.82661819458008,89.06285095214844,28.87086296081543,89.83833312988281,267.3800048828125,606.6680297851562,26.447221755981445,38.06632614135742,146.1699981689453,75.69454193115234,46.97456741333008,11.710000038146973,275.8399963378906,49.22718048095703,63.21533966064453,51.861419677734375,9.341900825500488,59.97727584838867,149.6013946533203
2022-12-29,24.64527130126953,193.02406311035156,23.66950798034668,26.55196762084961,28.933307647705078,115.91578674316406,51.97840118408203,90.7652816772461,29.437725067138672,90.65904235839844,265.489990234375,618.5960693359375,26.37432098388672,38.234764099121094,148.77999877929688,76.53196716308594,47.60946273803711,12.229999542236328,280.6600036621094,49.322914123535156,63.6917724609375,52.18801498413086,9.57940673828125,60.89303207397461,151.02734375
2022-12-30,24.602495193481445,189.5526123046875,23.439708709716797,26.29739761352539,29.125083923339844,113.59596252441406,51.708560943603516,89.84236907958984,29.506139755249023,89.91692352294922,264.9599914550781,608.9829711914062,26.1046085357666,38.32341384887695,149.7899932861328,76.09503936767578,47.28025817871094,12.369999885559082,283.2699890136719,49.56662368774414,63.00360107421875,52.12085723876953,9.500238418579102,60.634037017822266,149.13560485839844
2023-01-03,24.046463012695312,192.06671142578125,24.061019897460938,26.577425003051758,28.61646270751953,115.83203125,53.09994125366211,92.13616180419922,30.29779052734375,90.53678894042969,253.30999755859375,615.9371948242188,23.76459312438965,38.261356353759766,145.94000244140625,76.3044204711914,47.413509368896484,12.180000305175781,285.42999267578125,48.72237777709961,63.4359016418457,51.583518981933594,9.341900825500488,61.929012298583984,149.27821350097656
2023-01-04,23.336444854736328,195.94081115722656,24.554668426513672,27.38357162475586,28.166200637817383,120.05293273925781,53.30232238769531,92.87088012695312,30.864652633666992,91.50588989257812,251.63999938964844,632.3370361328125,23.225147247314453,38.766658782958984,146.77999877929688,76.90514373779297,48.636268615722656,13.0,290.55999755859375,48.243682861328125,63.97408676147461,51.281272888183594,9.0054349899292,63.67729187011719,149.1641082763672
2023-01-05,22.13027000427246,189.79417419433594,23.626953125,27.247800827026367,28.266263961791992,117.87548065185547,51.82661819458008,87.88013458251953,29.06633186340332,90.15263366699219,240.3699951171875,614.1799926757812,23.538610458374023,37.92448806762695,145.4600067138672,75.21212005615234,48.08759689331055,12.65999984741211,276.75,48.28719711303711,62.094844818115234,51.30646514892578,9.064809799194336,62.3360481262207,146.28369140625
2023-01-06,22.60931968688965,195.4934539794922,23.992929458618164,27.960607528686523,28.733192443847656,122.02938842773438,52.1723518371582,90.83694458007812,29.69183349609375,91.82894897460938,233.64999389648438,626.5635986328125,23.225147247314453,38.713470458984375,156.8000030517578,76.14054870605469,49.97661209106445,13.40999984741211,281.80999755859375,49.827728271484375,63.19768524169922,51.91095733642578,9.430965423583984,64.54679870605469,151.61676025390625
2023-01-09,23.310779571533203,196.209228515625,24.588712692260742,28.52914810180664,28.991674423217773,121.75303649902344,51.936241149902344,90.62191009521484,29.66251564025879,91.8376693725586,227.94000244140625,633.276123046875,23.480207443237305,39.13899612426758,159.1699981689453,76.52286529541016,49.27900695800781,14.220000267028809,284.1400146484375,50.541419982910156,63.08299255371094,52.24679183959961,9.529926300048828,64.0750503540039,150.428466796875
2023-01-10,23.293672561645508,198.58018493652344,24.47806739807129,28.3339786529541,29.05837631225586,123.1934814453125,52.13862991333008,91.6791763305664,30.219602584838867,92.04719543457031,229.8300018310547,646.2826538085938,23.37518310546875,38.731201171875,171.00999450683594,76.9506607055664,48.847900390625,14.949999809265137,285.4800109863281,50.802520751953125,62.73891830444336,53.01919174194336,9.450757026672363,63.8160400390625,147.26284790039062
2023-01-11,23.721393585205078,204.1005401611328,25.090869903564453,28.9110107421875,29.216806411743164,126.95379638671875,52.602420806884766,94.10736846923828,31.95928382873535,92.24801635742188,238.82000732421875,664.8488159179688,23.1351261138916,39.1301383972168,172.41000366210938,77.36936950683594,49.396583557128906,16.209999084472656,302.1499938964844,51.289920806884766,63.13592529296875,53.17871856689453,10.0841064453125,66.44306945800781,149.24017333984375
2023-01-12,23.687175750732422,207.7598876953125,25.661115646362305,29.038293838500977,29.441932678222656,126.66902923583984,53.04934310913086,96.1233901977539,32.702064514160156,91.74163055419922,241.72000122070312,674.350341796875,23.592729568481445,38.456390380859375,178.85000610351562,77.43309783935547,49.62388610839844,16.790000915527344,309.4599914550781,51.890464782714844,62.05955123901367,54.194602966308594,10.282028198242188,66.69279479980469,145.14292907714844
2023-01-13,23.832603454589844,208.2967071533203,26.069652557373047,29.30135154724121,29.650386810302734,126.34242248535156,53.057769775390625,94.97648620605469,31.57811737060547,91.6543197631836,245.8300018310547,671.1429443359375,23.570228576660156,38.456390380859375,180.19000244140625,77.07808685302734,49.498477935791016,16.489999771118164,315.0199890136719,51.88175964355469,62.04191970825195,54.26177215576172,10.252340316772461,65.81404876708984,146.57838439941406
2023-01-17,23.610185623168945,206.72203063964844,26.8271427154541,29.589868545532227,29.75878143310547,125.8818130493164,52.7204704284668,95.73808288574219,33.28847885131836,90.99079132080078,251.05999755859375,667.5263061523438,23.3676815032959,38.261356353759766,177.60000610351562,78.04293060302734,50.02363586425781,16.829999923706055,320.1700134277344,51.69898986816406,61.80368423461914,53.65727233886719,10.153379440307617,66.33206939697266,146.74951171875
2023-01-18,23.02848243713379,201.4790496826172,26.6398983001709,29.479555130004883,29.466951370239258,121.64417266845703,52.12176513671875,94.47471618652344,32.25248718261719,89.2708740234375,250.30999755859375,653.2833862304688,23.112627029418945,37.436912536621094,177.57000732421875,76.277099609375,49.97661209106445,16.700000762939453,319.70001220703125,50.8199348449707,59.747989654541016,53.10315704345703,9.925768852233887,66.27656555175781,143.4508056640625
2023-01-19,22.788959503173828,199.83279418945312,26.418607711791992,29.063753128051758,29.633710861206055,121.63579559326172,52.2904052734375,94.04463958740234,31.363100051879883,89.02639770507812,222.97000122070312,653.357666015625,23.285165786743164,37.26847839355469,165.00999450683594,75.17571258544922,50.36068344116211,15.3100004196167,286.7200012207031,51.463993072509766,58.627479553222656,53.371822357177734,9.628886222839355,66.27656555175781,143.06105041503906
2023-01-20,23.037036895751953,198.09706115722656,26.180294036865234,29.98870086669922,29.600353240966797,124.04772186279297,52.636146545410156,95.63953399658203,28.988143920898438,88.89543914794922,222.5399932861328,669.4415283203125,23.48770523071289,37.534427642822266,167.8699951171875,74.4748306274414,50.46257781982422,15.899999618530273,294.7300109863281,51.26380920410156,59.2186164855957,53.56491470336914,9.737744331359863,67.36804962158203,144.55352783203125
2023-01-23,23.01993179321289,192.96142578125,26.70798683166504,30.574214935302734,29.667062759399414,121.25054168701172,53.09994125366211,96.06961059570312,29.124971389770508,88.17079162597656,228.44000244140625,665.9644775390625,23.315170288085938,37.07345199584961,176.2100067138672,75.24854278564453,50.07067108154297,17.440000534057617,309.17999267578125,51.02881622314453,58.98921585083008,53.833587646484375,9.727848052978516,68.70932006835938,145.13340759277344
2023-01-24,23.088363647460938,192.51405334472656,26.937789916992188,30.438447952270508,29.42525863647461,121.69438934326172,52.68674087524414,95.87248992919922,28.87086296081543,88.50255584716797,219.47000122070312,669.0323486328125,22.94009017944336,36.79862594604492,171.49000549316406,76.36811065673828,50.18824005126953,16.739999771118164,308.3699951171875,50.47178268432617,58.848052978515625,53.63208770751953,9.698160171508789,69.26432800292969,144.75320434570312
2023-01-25,23.105478286743164,195.63661193847656,26.495208740234375,30.396018981933594,29.383569717407227,121.82839965820312,52.55181884765625,96.04271697998047,28.773128509521484,88.54621124267578,210.32000732421875,669.1719360351562,22.565004348754883,36.71884536743164,168.25999450683594,69.71434783935547,50.57231521606445,16.34000015258789,300.5199890136719,50.34123611450195,59.342132568359375,53.38861083984375,9.549717903137207,68.32081604003906,145.5517120361328
2023-01-26,23.627294540405273,197.75706481933594,26.427120208740234,30.497844696044922,30.225723266601562,124.05612182617188,52.77107238769531,97.94225311279297,28.597206115722656,88.47635650634766,208.02000427246094,677.9297485351562,22.820058822631836,36.87842559814453,175.42999267578125,69.54139709472656,50.36852264404297,15.369999885559082,303.3800048828125,50.93307876586914,59.57152557373047,54.14421844482422,9.529926300048828,68.6168212890625,144.97181701660156
2023-01-27,23.071256637573242,197.5423126220703,26.512229919433594,29.818992614746094,30.284086227416992,122.33088684082031,52.661441802978516,99.73426818847656,28.763355255126953,88.68590545654297,210.08999633789062,678.8872680664062,22.79005241394043,36.95820617675781,179.35000610351562,68.79501342773438,49.88254928588867,15.859999656677246,306.44000244140625,50.92436981201172,59.99501037597656,53.10315704345703,9.20335578918457,69.55107116699219,145.07640075683594
2023-01-30,22.626422882080078,195.0997772216797,26.554790496826172,29.632295608520508,30.159013748168945,121.22541809082031,52.863826751708984,99.48339080810547,28.62652587890625,88.73828125,212.22000122070312,673.904052734375,22.550003051757812,37.011390686035156,170.77999877929688,68.3125991821289,50.062828063964844,15.710000038146973,301.8699951171875,50.83733367919922,59.49211120605469,52.51544952392578,9.252836227416992,68.93131256103516,145.54222106933594
2023-01-31,23.595741271972656,199.86859130859375,26.8271427154541,29.98870086669922,30.209043502807617,124.0393295288086,53.6649284362793,102.70005798339844,28.841543197631836,89.44547271728516,221.3800048828125,686.2412109375,22.82756233215332,37.401451110839844,177.60000610351562,67.9302978515625,49.98444747924805,17.020000457763672,319.1300048828125,51.18547439575195,59.71269989013672,52.0872688293457,9.589302062988281,69.41232299804688,147.09173583984375
2023-02-01,23.07062339782715,203.22372436523438,26.57181167602539,29.23347282409668,30.38414192199707,124.87682342529297,53.209556579589844,104.0709457397461,29.770021438598633,89.5240478515625,227.13999938964844,686.2412109375,22.782554626464844,37.498966217041016,180.14999389648438,67.57530212402344,50.10986328125,17.68000030517578,327.69000244140625,50.759002685546875,60.7537727355957,51.264488220214844,9.70805549621582,69.26432800292969,146.7875518798828
2023-02-02,22.829586029052734,203.4473876953125,26.61436653137207,29.479555130004883,29.3502197265625,127.74940490722656,52.281978607177734,107.44886016845703,30.85487937927246,89.08750915527344,227.6999969482422,700.0472412109375,21.91986083984375,37.13550567626953,168.6699981689453,68.81321716308594,49.94525909423828,17.889999389648438,327.6099853515625,50.15845489501953,60.542030334472656,50.58442687988281,9.83670425415039,70.55007934570312,142.91844177246094
2023-02-03,22.588552474975586,198.67860412597656,25.695165634155273,29.62381362915039,29.30852508544922,122.24714660644531,50.8062744140625,103.22866821289062,30.444393157958984,87.8128433227539,222.92999267578125,681.4718627929688,21.837345123291016,36.257869720458984,168.19000244140625,67.96672058105469,48.86357498168945,17.3799991607666,316.0,50.74159240722656,59.35094451904297,50.87828063964844,9.559614181518555,70.13381958007812,143.60293579101562
2023-02-06,22.56272315979004,197.3455047607422,25.141939163208008,29.352275848388672,29.050046920776367,122.07123565673828,52.06273651123047,102.50292205810547,30.502056121826172,88.88670349121094,222.99000549316406,672.946533203125,21.67230796813965,36.31105041503906,167.47000122070312,68.73129272460938,49.30252456665039,16.479999542236328,319.54998779296875,50.349937438964844,59.90679168701172,50.58442687988281,9.490342140197754,68.93131256103516,144.3253936767578
2023-02-07,22.74350357055664,196.361328125,25.07384490966797,29.089208602905273,31.476438522338867,121.49341583251953,51.94466781616211,101.67859649658203,30.102319717407227,88.02238464355469,228.4600067138672,674.4805908203125,21.964872360229492,36.18695068359375,165.88999938964844,69.25013732910156,48.95763397216797,16.139999389648438,319.4100036621094,51.88175964355469,59.765628814697266,51.86897659301758,9.539822578430176,69.30133056640625,143.8595733642578
2023-02-08,22.519681930541992,195.4665985107422,25.167470932006836,28.486719131469727,32.22687530517578,120.11156463623047,50.23286819458008,100.89907836914062,30.141414642333984,86.59056091308594,218.8699951171875,679.6032104492188,23.525217056274414,35.672786712646484,165.5800018310547,68.29440307617188,48.52653121948242,15.899999618530273,323.6099853515625,51.759910583496094,58.627479553222656,51.146942138671875,9.83670425415039,69.37532806396484,143.41278076171875
2023-02-09,22.02039337158203,192.53199768066406,25.056825637817383,28.800697326660156,32.977298736572266,118.08486938476562,48.681270599365234,99.7253189086914,30.04368019104004,85.16744995117188,209.60000610351562,681.1930541992188,23.772769927978516,35.45115280151367,163.94000244140625,66.69239807128906,48.73816680908203,15.359999656677246,295.8699951171875,52.03842544555664,58.036354064941406,51.85218811035156,10.14348316192627,68.44105529785156,144.7626495361328
2023-02-10,22.476642608642578,193.90086364746094,24.861066818237305,29.00435447692871,33.894493103027344,118.50361633300781,50.20756912231445,99.8686752319336,29.618534088134766,86.5294418334961,212.07000732421875,678.4505004882812,24.777992248535156,36.08942794799805,163.3800048828125,68.03043365478516,49.14575958251953,15.359999656677246,300.7099914550781,53.753013610839844,59.00686264038086,53.50615310668945,10.054417610168457,69.63431549072266,146.46432495117188
2023-02-13,22.683242797851562,194.38400268554688,25.082359313964844,29.106189727783203,33.861148834228516,118.70460510253906,49.44862747192383,101.22162628173828,29.828664779663086,87.34138488769531,212.57000732421875,686.9292602539062,24.567949295043945,36.51495361328125,167.25999450683594,68.8314208984375,49.95309066772461,15.470000267028809,310.7099914550781,53.81393814086914,59.2274284362793,53.72443771362305,10.004938125610352,70.1985855102539,145.2379913330078
2023-02-14,22.631591796875,192.4961700439453,25.3802490234375,29.674734115600586,34.2030143737793,116.44339752197266,48.95954513549805,101.09619903564453,29.486591339111328,86.8437271118164,208.35000610351562,677.2139282226562,24.380409240722656,37.25960922241211,165.0399932861328,69.20462036132812,50.345008850097656,15.8100004196167,315.42999267578125,54.46671676635742,58.80393600463867,54.47166442871094,9.876288414001465,70.0690689086914,143.8690948486328
2023-02-15,22.97593116760254,193.79351806640625,25.729209899902344,29.513500213623047,34.08626937866211,117.35625457763672,49.119754791259766,101.81298065185547,29.271575927734375,86.660400390625,217.8699951171875,676.1260986328125,23.990318298339844,37.826969146728516,172.36000061035156,70.03294372558594,49.88254928588867,16.770000457763672,343.9800109863281,54.362266540527344,58.90980911254883,54.28696060180664,9.846600532531738,70.04131317138672,144.6295928955078
2023-02-16,22.700462341308594,189.6778564453125,25.24407196044922,29.191043853759766,34.47947692871094,117.04638671875,48.99327087402344,101.14099884033203,29.134746551513672,86.6912612915039,202.8000030517578,671.4218139648438,23.742765426635742,37.66740798950195,165.00999450683594,68.89513397216797,49.341712951660156,15.84000015258789,314.94000244140625,54.37544250488281,58.10694122314453,53.63208770751953,9.609095573425293,72.19658660888672,144.75320434570312
2023-02-17,22.57994270324707,188.12107849121094,25.54195785522461,29.589868545532227,33.696434020996094,117.81685638427734,49.499229431152344,99.24147033691406,29.506139755249023,87.7496566772461,204.99000549316406,666.37353515625,22.992599487304688,38.16384506225586,164.27999877929688,69.24103546142578,50.548797607421875,15.579999923706055,305.0400085449219,53.28617477416992,59.399593353271484,52.271976470947266,9.668471336364746,71.59532165527344,147.27235412597656
2023-02-21,22.01178741455078,183.1017303466797,24.63126564025879,29.140125274658203,33.48593521118164,114.45018768310547,48.99327087402344,97.13587188720703,29.70649528503418,86.15324401855469,201.64999389648438,653.6922607421875,23.000102996826172,37.436912536621094,160.99000549316406,67.0473861694336,50.4860954284668,14.430000305175781,294.510009765625,52.76790237426758,58.43678665161133,52.641387939453125,9.470549583435059,71.05882263183594,145.0098419189453
2023-02-22,21.856828689575195,178.29718017578125,24.75893211364746,29.11467170715332,32.778663635253906,112.40673065185547,48.664398193359375,95.54993438720703,28.92950439453125,85.96802520751953,203.57000732421875,649.3690795898438,22.96259117126465,37.09117889404297,163.61000061035156,67.06559753417969,50.392032623291016,14.539999961853027,295.7099914550781,51.78404235839844,58.16043472290039,51.877376556396484,9.193459510803223,69.9488296508789,144.6390838623047
2023-02-23,21.856828689575195,180.69497680664062,24.40146827697754,29.174072265625,33.410152435302734,112.44024658203125,48.31024169921875,97.44945526123047,28.773128509521484,85.41236114501953,204.7100067138672,656.6673583984375,23.397689819335938,37.09117889404297,165.5800018310547,66.32830810546875,50.149051666259766,14.649999618530273,301.8599853515625,52.93479919433594,57.71468734741211,53.161922454833984,9.39138126373291,70.45755767822266,143.52684020996094
2023-02-24,21.79657554626465,175.12098693847656,23.958885192871094,28.987380981445312,33.42699432373047,109.84403991699219,48.06569290161133,94.11631774902344,28.56788444519043,85.4829330444336,198.9600067138672,636.6603393554688,23.570228576660156,36.94810104370117,162.16000366210938,66.37381744384766,49.69443130493164,14.180000305175781,296.17999267578125,53.259822845458984,57.55421447753906,52.557430267333984,9.242939949035645,69.25506591796875,143.84060668945312
2023-02-27,21.417802810668945,174.53941345214844,24.146686553955078,28.792572021484375,33.86483383178711,110.25440979003906,47.500701904296875,93.97296142578125,28.773128509521484,84.50391387939453,210.77999877929688,644.4697265625,23.337675094604492,37.046470642089844,166.11000061035156,65.83147430419922,50.18824005126953,14.65999984741211,313.6300048828125,53.760528564453125,57.38484191894531,52.41469955444336,9.22314739227295,69.26439666748047,143.61239624023438
2023-02-28,21.245634078979492,177.16090393066406,23.991622924804688,28.329145431518555,33.342796325683594,109.50067901611328,46.90199661254883,93.39054870605469,28.32354736328125,83.1368179321289,210.52999877929688,639.8863525390625,22.8875732421875,36.11650848388672,169.13999938964844,65.07112121582031,49.31036376953125,14.869999885559082,317.9200134277344,53.382808685302734,56.21699523925781,51.978118896484375,9.33200454711914,69.12449645996094,142.36709594726562
2023-03-01,21.202590942382812,174.369384765625,24.15530014038086,28.509366989135742,33.62064743041992,108.00159454345703,46.1599235534668,90.34413146972656,27.981475830078125,81.06414031982422,212.9499969482422,628.460205078125,23.15013885498047,35.54422378540039,195.67999267578125,64.00843048095703,48.08759689331055,14.210000038146973,327.42999267578125,54.410579681396484,55.55729293823242,52.21320343017578,9.76743221282959,68.16392517089844,141.48297119140625
2023-03-02,21.211196899414062,176.73146057128906,24.844467163085938,28.620929718017578,33.89850616455078,108.2947006225586,46.943607330322266,92.37805938720703,27.991249084472656,82.70464324951172,211.55999755859375,639.6073608398438,23.337675094604492,36.10756301879883,198.22000122070312,66.15211486816406,48.518699645996094,13.329999923706055,323.4200134277344,54.83222961425781,56.76079559326172,52.52384948730469,9.559614181518555,69.33900451660156,142.59521484375
2023-03-03,21.607187271118164,181.17816162109375,25.24934959411621,28.86981201171875,33.86483383178711,110.13715362548828,47.75458908081055,94.97648620605469,28.31377410888672,84.13348388671875,217.16000366210938,655.8213500976562,23.42019271850586,37.001766204833984,210.11000061035156,67.63621520996094,48.83222198486328,13.84000015258789,326.8299865722656,54.72681427001953,57.7770881652832,52.6917610168457,9.57940673828125,70.23429870605469,142.67127990722656
2023-03-06,21.52110481262207,177.6619415283203,25.404417037963867,29.376148223876953,34.033226013183594,108.98980712890625,47.78020095825195,94.36719512939453,28.597206115722656,84.65385437011719,225.35000610351562,653.4202880859375,23.247657775878906,37.10012435913086,212.3000030517578,68.15839385986328,48.816551208496094,13.670000076293945,332.4800109863281,54.9640007019043,58.151519775390625,53.28786087036133,9.688263893127441,70.12239074707031,143.32720947265625
2023-03-07,21.09929084777832,172.11476135253906,25.56808853149414,28.337724685668945,33.511192321777344,105.9581298828125,46.661895751953125,92.24366760253906,28.303998947143555,82.4841537475586,224.2100067138672,640.4627685546875,22.580007553100586,36.66196823120117,214.2899932861328,67.56291198730469,47.83676528930664,13.399999618530273,328.3699951171875,54.111907958984375,57.34918212890625,52.38951110839844,9.450757026672363,68.98461151123047,142.0248565673828
2023-03-08,21.28006935119629,175.15676879882812,25.826526641845703,28.698169708251953,33.39331817626953,108.90607452392578,46.917991638183594,94.788330078125,28.239999771118164,83.49844360351562,218.30999755859375,648.3663330078125,22.377464294433594,36.88551330566406,214.3300018310547,68.0209732055664,48.64410400390625,13.779999732971191,324.92999267578125,53.90987014770508,57.705780029296875,52.02849578857422,9.549717903137207,69.6840591430664,142.50015258789062
2023-03-09,20.90990447998047,171.06793212890625,25.395795822143555,28.08026695251465,33.123878479003906,107.08036041259766,46.32895278930664,93.52495574951172,28.1200008392334,83.10155487060547,215.85000610351562,637.9591064453125,22.137407302856445,36.29534912109375,211.25,67.57208251953125,48.52653121948242,13.020000457763672,313.5299987792969,53.28617477416992,57.5452995300293,51.172122955322266,9.70805549621582,67.56705474853516,143.8563995361328
2023-03-10,20.023235321044922,171.13058471679688,24.663558959960938,27.53101921081543,32.84601593017578,106.2596206665039,45.42405700683594,91.87631225585938,27.5,81.87557220458984,210.22000122070312,621.843994140625,22.347454071044922,35.92873001098633,207.72999572753906,66.88499450683594,48.941959381103516,12.350000381469727,304.32000732421875,53.02263641357422,57.00149917602539,51.22250747680664,9.549717903137207,63.25843048095703,142.6243438720703
2023-03-13,19.713333129882812,175.65780639648438,25.309650421142578,27.51385498046875,32.0040283203125,109.35830688476562,46.26919937133789,94.91377258300781,27.985000610351562,83.05743408203125,211.52999877929688,637.7910766601562,21.754825592041016,37.010704040527344,203.5800018310547,67.14151000976562,50.548797607421875,12.399999618530273,316.2099914550781,51.91580581665039,58.080196380615234,49.66929244995117,9.450757026672363,64.5454330444336,144.4485626220703
2023-03-14,19.98880386352539,178.7892608642578,26.481239318847656,27.891464233398438,32.20610809326172,111.16801452636719,46.704566955566406,95.8111343383789,28.959999084472656,83.86886596679688,213.00999450683594,645.9840087890625,21.48476219177246,36.96599197387695,207.2899932861328,68.29580688476562,50.66637420654297,12.15999984741211,314.2699890136719,52.179344177246094,58.9984245300293,50.324161529541016,9.89608097076416,66.7370376586914,147.428466796875
2023-03-15,19.842456817626953,181.01712036132812,26.403705596923828,27.23923683166504,30.185335159301758,112.47338104248047,47.72898483276367,95.41231536865234,27.280000686645508,85.40354919433594,205.75999450683594,649.2725219726562,20.50954818725586,37.413089752197266,203.22000122070312,69.18443298339844,49.83552551269531,11.800000190734863,306.42999267578125,48.797340393066406,60.30889892578125,48.149662017822266,9.153875350952148,66.44793701171875,148.09703063964844
2023-03-16,20.014625549316406,183.4596405029297,26.584609985351562,27.98586654663086,29.991676330566406,112.32928466796875,47.703369140625,93.44532012939453,27.290000915527344,85.72988891601562,201.10000610351562,656.3633422851562,20.337013244628906,37.690284729003906,206.55999755859375,69.83486938476562,50.64285659790039,11.800000190734863,285.57000732421875,47.99797058105469,60.72791290283203,48.32596969604492,9.272627830505371,66.07489776611328,148.62232971191406
2023-03-17,19.27429962158203,180.14923095703125,26.868894577026367,27.857135772705078,29.612777709960938,110.41361236572266,47.293609619140625,91.27892303466797,26.649999618530273,85.0154800415039,183.63999938964844,645.40478515625,20.31450843811035,37.68135070800781,199.6199951171875,69.32185363769531,49.92173767089844,11.170000076293945,267.2099914550781,47.391841888427734,60.53178024291992,47.65430450439453,8.886680603027344,64.11642456054688,146.27279663085938
2023-03-20,19.498119354248047,180.68605041503906,27.067028045654297,28.003028869628906,30.143232345581055,111.24430847167969,47.481414794921875,92.14911651611328,26.739999771118164,85.82689666748047,192.50999450683594,644.0968627929688,20.50954818725586,37.395206451416016,204.67999267578125,69.59666442871094,50.72908401489258,10.84000015258789,272.30999755859375,48.525028228759766,61.11125564575195,48.61296081542969,9.20335578918457,64.47081756591797,147.91555786132812
2023-03-21,19.77358627319336,177.32196044921875,27.38576889038086,27.54818344116211,31.17046356201172,109.76094818115234,46.175289154052734,88.67742919921875,27.09000015258789,83.58663940429688,207.6300048828125,642.686279296875,20.94464683532715,36.375823974609375,209.25,69.03784942626953,50.10986328125,11.520000457763672,296.510009765625,50.17649459838867,59.8453254699707,50.0675163269043,9.411172866821289,64.71329498291016,147.57174682617188
2023-03-22,19.13656234741211,171.8910675048828,27.1704044342041,27.419452667236328,31.0020694732666,106.87047576904297,45.42405700683594,83.65571594238281,27.25,81.98140716552734,202.14999389648438,619.4149169921875,20.637073516845703,35.481624603271484,205.00999450683594,67.91104125976562,49.94525909423828,11.220000267028809,289.5199890136719,49.9393196105957,59.47091293334961,49.47208786010742,9.292420387268066,61.7103157043457,145.26040649414062
2023-03-23,18.904138565063477,171.4437255859375,27.179014205932617,26.99893569946289,30.715782165527344,104.89546966552734,44.57892608642578,84.76160430908203,27.170000076293945,80.7466049194336,204.66000366210938,622.5350952148438,20.59206771850586,35.05241012573242,210.19000244140625,67.61786651611328,50.392032623291016,11.489999771118164,291.5400085449219,49.166290283203125,59.141056060791016,48.53640365600586,9.213252067565918,61.32794952392578,143.9328155517578
2023-03-24,19.119346618652344,178.60137939453125,27.540828704833984,27.282140731811523,30.210590362548828,109.73551177978516,45.953338623046875,85.5411376953125,26.350000381469727,83.23384094238281,195.99000549316406,636.8567504882812,20.299503326416016,35.982383728027344,211.10000610351562,69.34016418457031,51.19937515258789,11.229999542236328,284.5199890136719,47.93648147583008,61.14688491821289,47.37955856323242,8.946057319641113,62.932037353515625,147.5239715576172
2023-03-27,19.455078125,172.81265258789062,27.842344284057617,27.58251190185547,31.052581787109375,108.04869842529297,46.209442138671875,85.20575714111328,27.1299991607666,83.51608276367188,195.8300018310547,642.3873291015625,20.674585342407227,36.23275375366211,210.13999938964844,69.11115264892578,51.442359924316406,10.720000267028809,284.5899963378906,49.05208969116211,60.834877014160156,48.655487060546875,8.97574520111084,63.30507278442383,146.68348693847656
2023-03-28,19.73915672302246,172.56211853027344,28.445362091064453,27.6683292388916,31.515670776367188,108.0656509399414,46.71310806274414,82.86711883544922,26.610000610351562,83.56900024414062,193.52000427246094,638.117919921875,21.289716720581055,36.501014709472656,210.00999450683594,68.92792510986328,51.771568298339844,10.399999618530273,277.79998779296875,49.34197998046875,60.96861267089844,49.21689987182617,8.926265716552734,64.13507843017578,147.86778259277344
2023-03-29,20.195404052734375,177.59039306640625,28.850250244140625,28.208995819091797,31.734588623046875,111.01544189453125,47.44727325439453,83.75543212890625,26.81999969482422,84.90962219238281,203.9499969482422,648.8240356445312,21.079675674438477,36.79609680175781,215.35000610351562,69.72493743896484,52.03806686401367,11.029999732971191,291.94000244140625,50.17649459838867,61.81550216674805,49.47208786010742,8.995537757873535,65.244873046875,149.9881134033203
2023-03-30,20.290096282958984,179.99708557128906,29.315431594848633,28.457874298095703,31.978771209716797,112.3377456665039,47.541175842285156,84.72533416748047,28.100000381469727,84.8126220703125,205.27000427246094,655.8306884765625,21.33473014831543,37.06435012817383,213.32000732421875,70.16465759277344,52.83757019042969,11.25,296.0299987792969,50.896820068359375,61.5659065246582,50.30569076538086,9.500238418579102,66.16812896728516,154.27650451660156
2023-03-31,20.7291316986084,182.8244171142578,30.10798454284668,28.981374740600586,31.945091247558594,113.44817352294922,47.72898483276367,89.11251831054688,28.239999771118164,85.08602905273438,210.27999877929688,673.6090087890625,21.32723045349121,37.45779800415039,217.5,70.61357879638672,53.29218292236328,11.720000267028809,303.95001220703125,50.545440673828125,62.02946853637695,50.2291374206543,9.510133743286133,66.85828399658203,155.8428497314453
2023-04-03,20.505306243896484,179.92555236816406,29.306825637817383,29.14443016052246,33.46067810058594,112.07498931884766,47.4387321472168,84.58936309814453,28.40999984741211,83.86886596679688,202.60000610351562,663.2484130859375,22.820058822631836,37.38626480102539,208.49000549316406,70.23796081542969,53.2373161315918,11.119999885559082,298.30999755859375,53.15441131591797,61.485652923583984,53.70817184448242,9.717951774597168,66.89558410644531,156.51141357421875
2023-04-04,20.505306243896484,182.02810668945312,29.151758193969727,28.732494354248047,33.115455627441406,113.32102966308594,48.070457458496094,84.09988403320312,28.329999923706055,84.87435150146484,202.5399932861328,663.7434692382812,22.01738166809082,37.43097686767578,208.13999938964844,70.68684387207031,54.09952163696289,10.579999923706055,292.7699890136719,52.267189025878906,62.07405471801758,52.80652618408203,9.460654258728027,65.6365737915039,156.18667602539062
2023-04-05,20.7463436126709,183.13755798339844,29.151758193969727,28.818317413330078,33.58696365356445,113.34645080566406,49.00949478149414,81.77032470703125,28.489999771118164,87.17635345458984,193.6699981689453,657.5216674804688,21.979873657226562,38.38776779174805,201.61000061035156,71.75869750976562,55.157691955566406,9.680000305175781,278.8999938964844,52.59220886230469,63.74110794067383,53.350914001464844,9.480445861816406,65.80443572998047,155.50856018066406
2023-04-06,21.004600524902344,184.92698669433594,28.712413787841797,29.092945098876953,33.26701736450195,113.9398193359375,49.56438446044922,82.42295837402344,28.559999465942383,87.97015380859375,191.0,664.4442138671875,21.54477882385254,38.50401306152344,204.50999450683594,72.34501647949219,55.89448165893555,9.270000457763672,280.239990234375,53.207115173339844,64.46321105957031,53.41897201538086,9.52003002166748,66.72772216796875,156.31085205078125
2023-04-10,21.43501853942871,186.41217041015625,28.08354949951172,29.153017044067383,33.42699432373047,113.60074615478516,49.479007720947266,83.96391296386719,28.559999465942383,87.43214416503906,195.8000030517578,659.7823486328125,21.634798049926758,38.68284606933594,212.02999877929688,71.85030364990234,55.85529327392578,9.359999656677246,283.19000244140625,53.40916061401367,64.22251892089844,53.84428024291992,9.490342140197754,67.9121322631836,154.99281311035156
2023-04-11,21.82240104675293,188.22845458984375,28.850250244140625,29.779504776000977,33.561710357666016,114.01607513427734,49.581459045410156,85.06070709228516,28.68000030517578,87.62616729736328,196.8800048828125,660.0535278320312,21.754825592041016,38.68284606933594,210.02999877929688,71.76785278320312,55.75338363647461,9.760000228881836,288.3500061035156,53.39158630371094,64.03532409667969,54.1505012512207,9.312211990356445,69.32966613769531,155.81419372558594
2023-04-12,21.7879638671875,189.01577758789062,28.781330108642578,29.736589431762695,33.84798812866211,113.37188720703125,49.41925811767578,84.11801147460938,29.3799991607666,87.6791000366211,196.02999877929688,664.2667846679688,22.039886474609375,38.52189254760742,207.88999938964844,71.99688720703125,56.2472038269043,9.390000343322754,284.9599914550781,53.91864776611328,64.29383850097656,54.490745544433594,9.470549583435059,69.60013580322266,158.06822204589844
2023-04-13,21.985958099365234,190.01625061035156,29.298200607299805,30.886579513549805,34.06690216064453,113.52444458007812,49.82048416137695,83.32942199707031,30.200000762939453,87.4409408569336,209.69000244140625,662.0900268554688,22.144912719726562,38.351993560791016,211.25999450683594,72.23506164550781,56.49018859863281,9.300000190734863,306.8900146484375,54.5247688293457,64.5969467163086,54.80548095703125,9.470549583435059,69.4789047241211,159.3575897216797
2023-04-14,21.400585174560547,186.4829559326172,29.177600860595703,30.800745010375977,34.16794967651367,109.57447052001953,49.45340347290039,81.38055419921875,29.90999984741211,86.11796569824219,208.89999389648438,643.3775634765625,22.159914016723633,37.67240524291992,208.39999389648438,71.47470092773438,54.561973571777344,9.039999961853027,300.4599914550781,54.515995025634766,64.13336944580078,55.24779510498047,9.421070098876953,69.09652709960938,157.87721252441406
2023-04-17,20.944337844848633,188.23159790039062,29.143144607543945,30.603374481201172,34.04164123535156,112.04107666015625,50.093658447265625,87.1999282836914,29.43000030517578,86.79708862304688,224.9199981689453,661.3706665039062,21.994876861572266,38.155269622802734,218.88999938964844,71.9510726928711,54.452247619628906,9.5,315.1600036621094,54.01528549194336,64.48995971679688,54.720420837402344,9.292420387268066,70.16902160644531,157.97271728515625
2023-04-18,21.02181053161621,187.6457061767578,28.945011138916016,30.672021865844727,34.22688293457031,112.22756958007812,48.96681213378906,88.44175720214844,28.799999237060547,85.91510772705078,227.8699951171875,659.1470947265625,21.799833297729492,38.31621551513672,219.47999572753906,71.73120880126953,54.32683181762695,9.020000457763672,316.3900146484375,54.38422393798828,64.70391845703125,54.6013298034668,9.401276588439941,70.36486053466797,157.95364379882812
2023-04-19,21.090681076049805,187.5916290283203,29.0139217376709,30.363073348999023,33.73011016845703,113.20236206054688,49.02656555175781,87.48091888427734,28.90999984741211,86.78828430175781,224.27000427246094,660.455078125,21.387245178222656,38.486122131347656,218.19000244140625,72.31751251220703,54.77361297607422,9.0,314.3599853515625,54.02406311035156,64.9089584350586,54.227054595947266,9.341900825500488,71.11095428466797,157.68618774414062
2023-04-20,20.548355102539062,185.31117248535156,28.68657112121582,30.354494094848633,33.561710357666016,107.59098052978516,48.83876037597656,85.432373046875,29.040000915527344,86.62952423095703,224.7899932861328,658.642822265625,21.43975257873535,38.450355529785156,215.52999877929688,72.14347076416016,55.29093551635742,8.850000381469727,318.20001220703125,54.15583419799805,65.09616088867188,54.0399169921875,9.015329360961914,70.765869140625,158.25924682617188
2023-04-21,20.66025733947754,184.0041961669922,29.24652099609375,30.200010299682617,33.376468658447266,106.7772445678711,49.265594482421875,87.59877014160156,29.799999237060547,86.75300598144531,223.61000061035156,666.09765625,21.33473014831543,38.64707565307617,216.88999938964844,72.36332702636719,55.917991638183594,9.050000190734863,319.20001220703125,53.98892593383789,65.62215423583984,53.97187042236328,9.084603309631348,70.53273010253906,157.73394775390625
2023-04-24,20.79799461364746,183.8238983154297,29.444656372070312,30.32016372680664,33.76378631591797,105.51425170898438,49.103397369384766,88.36923217773438,29.739999771118164,87.22929382324219,224.60000610351562,666.1259155273438,21.694808959960938,38.852745056152344,209.89999389648438,72.40912628173828,55.71421432495117,9.270000457763672,318.45001220703125,54.463287353515625,66.05897521972656,54.7629508972168,9.163771629333496,70.2529525756836,158.23060607910156
2023-04-25,20.548355102539062,181.8408966064453,28.988086700439453,29.625022888183594,33.317535400390625,103.60707092285156,48.924129486083984,88.50520324707031,29.299999237060547,87.97015380859375,220.60000610351562,663.360595703125,21.22970962524414,38.99581527709961,210.52999877929688,71.2914810180664,55.94934844970703,8.90999984741211,309.2099914550781,53.33009719848633,65.9520034790039,53.8017463684082,8.876785278320312,71.24150848388672,158.13507080078125
2023-04-26,19.85106658935547,180.57899475097656,28.255844116210938,29.625022888183594,33.19123840332031,101.83551025390625,47.90824890136719,88.53240966796875,29.3799991607666,86.74417877197266,163.8300018310547,660.2589111328125,21.124685287475586,38.262577056884766,199.50999450683594,67.8560791015625,55.70636749267578,8.470000267028809,276.9700012207031,53.1368408203125,64.71282958984375,53.91232681274414,8.688758850097656,71.03634643554688,156.2631072998047
2023-04-27,20.290096282958984,185.35623168945312,28.522891998291016,29.908231735229492,33.123878479003906,104.23431396484375,48.958274841308594,92.2306900024414,30.030000686645508,87.73200988769531,164.17999267578125,672.4879760742188,21.012163162231445,38.25362777709961,200.8300018310547,69.48674774169922,56.25503158569336,8.970000267028809,289.1499938964844,53.30374526977539,65.53299713134766,53.39344787597656,9.064809799194336,72.73368072509766,154.3719940185547
2023-04-28,20.512035369873047,184.22950744628906,28.781330108642578,29.89106559753418,33.91534423828125,104.3360366821289,48.77899932861328,89.87393951416016,29.850000381469727,87.2116470336914,164.1999969482422,676.4490356445312,21.55978012084961,37.94960403442383,182.5800018310547,70.20130920410156,56.16098403930664,9.029999732971191,285.6300048828125,54.44572067260742,65.56866455078125,54.380165100097656,9.064809799194336,73.88078308105469,158.59352111816406
2023-05-01,20.07855987548828,179.8218536376953,28.617656707763672,29.97688865661621,33.68800735473633,103.4460220336914,48.76192855834961,87.86163330078125,30.18000030517578,87.39685821533203,160.58999633789062,674.5149536132812,21.492263793945312,38.611305236816406,180.85000610351562,70.35706329345703,56.30207061767578,8.829999923706055,276.0,53.91864776611328,66.05005645751953,53.64012908935547,8.97574520111084,72.9854736328125,159.30027770996094
2023-05-02,19.59307098388672,176.7843017578125,28.26445770263672,29.358985900878906,30.968385696411133,100.46232604980469,47.40458679199219,85.88558959960938,29.860000610351562,86.08267211914062,152.8800048828125,656.9144287109375,20.667081832885742,38.06584167480469,176.39999389648438,69.56920623779297,56.051246643066406,8.59000015258789,263.6099853515625,52.04757308959961,65.21207427978516,51.615657806396484,9.054913520812988,72.1368179321289,159.22390747070312
2023-05-03,19.46302604675293,173.03457641601562,28.298917770385742,30.345911026000977,30.69894790649414,99.90287780761719,47.600929260253906,85.92183685302734,29.459999084472656,85.84454345703125,155.4199981689453,651.7388305664062,20.246994018554688,37.85124206542969,174.3300018310547,69.06534576416016,56.145301818847656,8.859999656677246,263.82000732421875,51.40632247924805,65.37252044677734,51.05424118041992,9.015329360961914,72.29535675048828,159.8064727783203
2023-05-04,19.48903465270996,175.22488403320312,27.730348587036133,30.2686710357666,30.40424919128418,99.68248748779297,48.29240798950195,86.90985870361328,30.920000076293945,86.53250122070312,155.4199981689453,681.3628540039062,20.80211067199707,38.05691909790039,171.58999633789062,69.17526245117188,57.14075469970703,8.779999732971191,281.2200012207031,52.12663269042969,66.19269561767578,51.258384704589844,9.183562278747559,71.71713256835938,160.2744598388672
2023-05-05,19.65375328063965,177.34312438964844,30.219968795776367,30.500389099121094,31.263080596923828,100.44538116455078,48.224117279052734,87.39934539794922,31.290000915527344,87.63499450683594,159.64999389648438,691.3217163085938,22.159914016723633,38.31621551513672,178.60000610351562,69.17526245117188,57.40726089477539,9.289999961853027,293.3900146484375,53.69904327392578,66.80781555175781,52.670413970947266,9.351797103881836,73.4517822265625,160.8666534423828
2023-05-08,18.821483612060547,174.15231323242188,30.306114196777344,30.517549514770508,31.178878784179688,98.63990020751953,48.23265075683594,88.2604751586914,30.718000411987305,87.22929382324219,163.2899932861328,691.4337158203125,22.227426528930664,38.24468994140625,177.4600067138672,69.67913055419922,57.16427230834961,9.289999961853027,291.67999267578125,53.46186065673828,66.47796630859375,52.27913284301758,9.371588706970215,71.18555450439453,161.43971252441406
2023-05-09,19.306974411010742,174.43170166015625,30.487016677856445,30.646276473999023,31.145204544067383,99.2162857055664,48.23265075683594,87.57157135009766,30.360000610351562,86.47959899902344,157.8300018310547,680.35400390625,22.084896087646484,38.11056137084961,178.0,69.23938751220703,57.297523498535156,8.010000228881836,286.260009765625,53.44429016113281,66.5849609375,51.96440887451172,9.39138126373291,73.04143524169922,161.85040283203125
2023-05-10,19.62774658203125,176.99159240722656,30.35780143737793,30.311586380004883,30.943124771118164,100.8268051147461,48.10460662841797,89.62012481689453,30.65999984741211,87.4409408569336,161.4199981689453,700.9348754882812,21.897357940673828,38.378814697265625,180.74000549316406,70.43949890136719,57.611061096191406,7.829999923706055,294.8900146484375,53.58484649658203,67.44969177246094,51.828304290771484,9.76743221282959,74.02999114990234,162.89146423339844
2023-05-11,19.098909378051758,176.3876953125,30.323347091674805,30.191436767578125,30.61711883544922,98.91112518310547,47.344825744628906,88.623046875,30.729999542236328,86.72367858886719,160.7899932861328,694.5353393554688,21.479379653930664,37.98537063598633,183.19000244140625,69.71578216552734,57.01533889770508,7.650000095367432,296.05999755859375,53.00507354736328,66.54928588867188,51.028724670410156,9.322108268737793,73.81549835205078,162.54763793945312
2023-05-12,19.168264389038086,180.533935546875,30.624853134155273,30.766429901123047,30.480932235717773,98.91112518310547,47.11433029174805,88.01573944091797,31.6299991607666,86.83059692382812,167.5500030517578,690.6024169921875,21.587743759155273,37.65169906616211,231.69000244140625,71.41973876953125,58.17540740966797,7.480000019073486,301.8500061035156,53.02263641357422,66.00934600830078,51.26689529418945,9.76743221282959,73.95539093017578,161.64024353027344
2023-05-15,19.06422996520996,176.18035888671875,30.822988510131836,31.590301513671875,30.804384231567383,96.54623413085938,46.75579071044922,89.17597198486328,32.34000015258789,85.8326644897461,168.7100067138672,691.564697265625,21.920576095581055,36.75886917114258,221.58999633789062,71.03496551513672,57.65025329589844,7.849999904632568,307.32000732421875,53.514564514160156,65.17240905761719,51.794288635253906,9.905978202819824,75.30874633789062,161.00991821289062
2023-05-16,18.07590675354004,172.19635009765625,30.40949058532715,31.324254989624023,30.251115798950195,94.4695053100586,45.10820770263672,84.84317016601562,31.56999969482422,83.76546478271484,160.9600067138672,669.1712646484375,21.316835403442383,35.50532150268555,212.8000030517578,69.47756958007812,57.09372329711914,7.550000190734863,295.1199951171875,52.62734603881836,63.80453872680664,50.69697952270508,10.004938125610352,72.86516571044922,160.1980743408203
2023-05-17,18.1626033782959,175.54940795898438,30.254425048828125,31.435827255249023,30.642656326293945,97.01242065429688,45.432594299316406,86.67418670654297,30.899999618530273,82.88334655761719,163.72999572753906,680.2417602539062,21.61870574951172,35.4061279296875,209.75999450683594,69.01951599121094,56.78020095825195,8.039999961853027,303.07000732421875,53.40037536621094,63.84053039550781,51.0882682800293,9.985146522521973,72.84640502929688,159.2334442138672
2023-05-18,18.084575653076172,172.1873321533203,30.03044319152832,31.676116943359375,30.60860824584961,96.62251281738281,44.97161102294922,85.38703918457031,30.149999618530273,82.69622802734375,163.72000122070312,673.7395629882812,21.32457160949707,35.52335739135742,206.27999877929688,68.7996597290039,54.256290435791016,7.869999885559082,301.67999267578125,53.262916564941406,63.93952560424805,51.045738220214844,9.955458641052246,72.25428009033203,157.5906982421875
2023-05-19,18.041227340698242,171.9169158935547,30.082134246826172,31.813430786132812,30.66819190979004,95.85116577148438,44.49355697631836,82.25980377197266,30.920000076293945,82.4289321899414,162.3699951171875,675.9818115234375,21.37875747680664,35.95623779296875,203.52999877929688,68.231689453125,54.33467102050781,7.730000019073486,295.9200134277344,53.58216857910156,64.26349639892578,51.40299987792969,10.044522285461426,71.93474578857422,157.9344940185547
2023-05-22,18.34465980529785,174.38665771484375,30.202739715576172,31.744779586791992,30.54902458190918,97.52949523925781,44.52770233154297,82.94869232177734,31.219999313354492,81.94776916503906,164.64999389648438,678.9152221679688,21.285871505737305,36.18169403076172,201.69000244140625,68.32329559326172,54.413047790527344,8.829999923706055,298.8699951171875,53.236305236816406,63.84953689575195,51.42851257324219,9.955458641052246,71.88774108886719,156.92208862304688
2023-05-23,17.997882843017578,169.5913848876953,30.151052474975586,31.435827255249023,30.795866012573242,95.74945068359375,44.63867950439453,81.96973419189453,30.84000015258789,80.86072540283203,162.8300018310547,654.0416870117188,21.60322380065918,36.47029113769531,200.88999938964844,67.93852996826172,54.55413818359375,8.8100004196167,288.95001220703125,53.528961181640625,64.0295181274414,52.18556213378906,9.539822578430176,71.58700561523438,155.47036743164062
2023-05-24,17.564407348632812,165.30093383789062,29.10007095336914,30.895160675048828,30.676706314086914,94.0202407836914,43.80207824707031,78.39834594726562,30.260000228881836,80.33502960205078,164.0500030517578,633.7394409179688,21.549041748046875,36.20875930786133,198.5500030517578,68.01181030273438,53.613555908203125,8.460000038146973,288.20001220703125,52.801761627197266,63.759525299072266,51.84532165527344,9.450757026672363,69.76374053955078,155.31756591796875
2023-05-25,17.2956485748291,164.55276489257812,28.50566291809082,30.483226776123047,30.097900390625,95.15609741210938,43.05084228515625,83.59228515625,30.219999313354492,79.20339965820312,164.58999633789062,663.8504028320312,20.658905029296875,35.63157272338867,200.94000244140625,67.23312377929688,53.010009765625,8.380000114440918,296.9599914550781,51.78191375732422,62.832618713378906,50.441795349121094,9.609095573425293,69.19043731689453,154.6107940673828
2023-05-26,17.22629737854004,164.2102813720703,28.867473602294922,31.13545036315918,30.259626388549805,94.7322769165039,42.56424331665039,89.63825988769531,29.479999542236328,79.03410339355469,165.1999969482422,684.3969116210938,20.53506088256836,35.52335739135742,201.77000427246094,68.15325927734375,53.456783294677734,8.25,294.4100036621094,52.127777099609375,62.51765823364258,50.75652313232422,9.440861701965332,69.11524963378906,154.03770446777344
2023-05-30,17.25230598449707,164.04803466796875,28.97016716003418,30.9992733001709,29.782960891723633,95.11371612548828,42.461814880371094,91.18827056884766,29.639999389648438,78.41931915283203,174.1199951171875,689.427734375,20.109342575073242,35.47826385498047,202.39999389648438,67.01923370361328,54.00546646118164,8.84000015258789,295.7900085449219,50.983760833740234,62.84161376953125,49.20840072631836,9.470549583435059,68.72991943359375,154.878173828125
2023-05-31,17.11359405517578,166.2473602294922,29.222536087036133,31.129377365112305,28.693443298339844,95.96134948730469,42.92279052734375,92.87427520751953,29.270000457763672,79.55982208251953,173.8800048828125,699.7902221679688,19.606220245361328,35.75783920288086,202.9600067138672,67.72915649414062,54.358184814453125,8.319999694824219,284.8299865722656,49.66238784790039,62.76961898803711,47.88993453979492,9.381484985351562,70.12088775634766,154.6489715576172
2023-06-01,17.234962463378906,168.56385803222656,29.9448299407959,31.346216201782227,29.553138732910156,95.07131958007812,42.410614013671875,94.97721862792969,29.979999542236328,78.51732635498047,181.47000122070312,707.0270385742188,19.985496520996094,35.604522705078125,208.74000549316406,67.26815795898438,54.46039962768555,8.460000038146973,294.75,50.6290283203125,62.256656646728516,48.98723220825195,9.658575057983398,70.12088775634766,156.16456604003906
2023-06-02,17.503721237182617,172.2955322265625,30.51048469543457,31.901329040527344,30.344741821289062,96.63098907470703,43.137351989746094,95.44857025146484,29.360000610351562,79.9073257446289,181.86000061035156,711.1100463867188,20.813709259033203,35.793907165527344,206.74000549316406,68.08870697021484,54.095333099365234,8.770000457763672,291.05999755859375,51.66661834716797,62.4996337890625,50.35673141479492,9.668471336364746,71.2016830444336,158.23651123046875
2023-06-05,17.408355712890625,170.03305053710938,30.919496536254883,31.693161010742188,30.080875396728516,95.61383056640625,43.69105911254883,95.01346588134766,29.34000015258789,80.33502960205078,182.72999572753906,706.8580932617188,21.10010528564453,36.055442810058594,203.6699981689453,67.8489990234375,54.33060836791992,8.420000076293945,294.1000061035156,51.178871154785156,62.71562194824219,49.61669158935547,9.599198341369629,71.5118179321289,158.02549743652344
2023-06-06,17.451702117919922,170.4567108154297,30.56269645690918,31.710514068603516,30.04682731628418,95.77487182617188,44.6600456237793,95.48481750488281,29.709999084472656,79.96968841552734,182.61000061035156,696.6740112304688,20.852415084838867,35.8480224609375,196.82000732421875,67.65538787841797,54.60643005371094,9.039999961853027,290.75,51.16999435424805,62.42763900756836,49.5061149597168,9.797120094299316,73.91780853271484,156.0494384765625
2023-06-07,17.928524017333984,172.09718322753906,30.54529571533203,31.84061050415039,30.39581298828125,97.40234375,45.89723587036133,93.92573547363281,28.860000610351562,81.59136199951172,182.08999633789062,693.5953369140625,21.564523696899414,36.38010025024414,191.75999450683594,68.3837661743164,54.184574127197266,9.550000190734863,290.17999267578125,51.613407135009766,63.111595153808594,50.13557052612305,9.777328491210938,75.58129119873047,154.9655303955078
2023-06-08,17.694448471069336,171.27696228027344,30.475669860839844,31.953365325927734,30.480932235717773,97.95330047607422,46.10488510131836,94.73247528076172,30.579999923706055,81.97449493408203,181.39999389648438,704.2487182617188,21.843170166015625,36.19072723388672,192.3300018310547,69.05680084228516,54.338714599609375,9.520000457763672,285.3999938964844,52.18098068237305,63.966514587402344,50.603416442871094,9.609095573425293,74.99861907958984,155.9535369873047
2023-06-09,17.417022705078125,168.8252410888672,30.38865089416504,32.03143310546875,30.191524505615234,96.59708404541016,45.931846618652344,94.49681091308594,31.579999923706055,81.54680633544922,174.5800018310547,698.0443115234375,22.609464645385742,36.1456298828125,192.0,68.29155731201172,54.56586837768555,9.170000076293945,282.3299865722656,51.817378997802734,64.12849426269531,50.254661560058594,9.381484985351562,76.22038269042969,156.0494384765625
2023-06-12,17.59041404724121,169.96095275878906,30.632320404052734,32.00541305541992,29.5956974029541,97.61425018310547,45.42139434814453,95.49388885498047,31.559999465942383,81.43097686767578,176.88999938964844,707.6089477539062,22.446918487548828,35.99231719970703,196.24000549316406,68.20858001708984,53.827613830566406,10.369999885559082,285.4200134277344,51.276424407958984,63.750526428222656,49.22540283203125,9.33200454711914,76.88766479492188,156.2700958251953
2023-06-13,18.058565139770508,172.17832946777344,28.74390411376953,32.109493255615234,29.859567642211914,97.98722839355469,45.31758117675781,95.15850830078125,30.940000534057617,80.86962890625,179.66000366210938,710.1527099609375,23.321575164794922,35.89311599731445,195.99000549316406,68.5497055053711,53.72214126586914,10.90999984741211,283.04998779296875,51.78191375732422,63.39955520629883,49.35300064086914,9.22314739227295,77.01924896240234,155.4931182861328
2023-06-14,17.98054313659668,173.98104858398438,28.787418365478516,31.883975982666016,29.834030151367188,98.30944061279297,45.47330856323242,96.74508666992188,31.68000030517578,80.94982147216797,179.1999969482422,728.1648559570312,23.019699096679688,36.18169403076172,193.02999877929688,67.67384338378906,53.58423614501953,10.6899995803833,271.44000244140625,52.64213562011719,63.42656326293945,49.412540435791016,9.272627830505371,76.63391876220703,155.80006408691406
2023-06-15,18.630756378173828,176.543701171875,28.770008087158203,31.762554168701172,30.114927291870117,100.4404296875,45.74150466918945,96.65337371826172,32.810001373291016,81.69830322265625,180.50999450683594,731.7597045898438,23.80147361755371,36.812992095947266,192.8800048828125,68.55894470214844,54.55775833129883,10.819999694824219,277.4599914550781,53.812747955322266,63.67854690551758,49.95693588256836,9.213252067565918,75.32755279541016,157.50750732421875
2023-06-16,18.500713348388672,175.28964233398438,28.6220703125,30.713050842285156,30.08938217163086,98.48129272460938,46.139495849609375,96.46078491210938,32.77000045776367,82.1348876953125,181.80999755859375,730.8211669921875,23.321575164794922,37.16469955444336,188.99000549316406,69.69297790527344,55.10942459106445,10.569999694824219,276.70001220703125,53.52009201049805,64.57848358154297,50.04575729370117,9.272627830505371,75.57190704345703,158.30369567871094
2023-06-20,18.21462059020996,172.7087860107422,28.2304630279541,30.56559944152832,29.85106086730957,96.62525939941406,46.001060485839844,96.2040023803711,32.59000015258789,81.0389175415039,171.99000549316406,732.3510131835938,23.321575164794922,36.7408447265625,186.10000610351562,68.927734375,55.02829360961914,9.979999542236328,255.36000061035156,53.502357482910156,63.30057144165039,49.39042663574219,9.183562278747559,74.45350646972656,158.140625
2023-06-21,18.188608169555664,172.0635528564453,28.05641746520996,30.990604400634766,30.157480239868164,96.3760757446289,46.10488510131836,95.6904296875,31.81999969482422,81.66265106201172,167.99000549316406,720.8621826171875,23.27513313293457,36.89415740966797,184.5800018310547,69.8681640625,55.00395202636719,9.880000114440918,251.99000549316406,53.87482833862305,64.47048950195312,50.67520523071289,9.07470703125,74.23734283447266,158.73532104492188
2023-06-22,18.12792205810547,169.4190673828125,27.673511505126953,31.00794792175293,29.99575424194336,94.21929931640625,45.85398483276367,96.72673797607422,31.489999771118164,80.994384765625,162.52999877929688,701.141845703125,22.67912483215332,36.56047058105469,187.0800018310547,69.26887512207031,54.40361404418945,9.680000305175781,244.57000732421875,53.289520263671875,64.16450500488281,49.51115036010742,9.07470703125,73.73922729492188,160.10707092285156
2023-06-23,17.7117862701416,169.05557250976562,27.61259651184082,30.409475326538086,29.629751205444336,94.03886413574219,44.83308792114258,95.51617431640625,30.389999389648438,79.94296264648438,158.69000244140625,700.3157348632812,21.967016220092773,35.95623779296875,184.52000427246094,68.3837661743164,54.00609588623047,9.199999809265137,243.64999389648438,52.8549690246582,63.39955520629883,48.855838775634766,8.619486808776855,71.69039154052734,158.84085083007812
2023-06-26,17.954530715942383,170.96395874023438,27.725725173950195,30.59161949157715,29.99575424194336,95.19886779785156,45.67230224609375,98.31333923339844,30.600000381469727,80.94091033935547,159.2100067138672,713.2970581054688,22.45465850830078,36.587528228759766,178.5500030517578,68.49440002441406,54.41172409057617,9.130000114440918,247.61000061035156,53.38706970214844,64.55147552490234,49.57151412963867,8.500733375549316,74.78243255615234,159.94398498535156
2023-06-27,18.12792205810547,170.5913848876953,27.777942657470703,30.721721649169922,29.663787841796875,95.68865966796875,45.430049896240234,99.98245239257812,30.940000534057617,80.6557846069336,161.02999877929688,718.2528686523438,22.261152267456055,36.812992095947266,182.72999572753906,68.14404296875,54.817359924316406,9.260000228881836,255.22999572753906,53.156494140625,64.00251770019531,48.91619110107422,8.570006370544434,75.88204956054688,161.90084838867188
2023-06-28,17.51239013671875,174.12644958496094,26.933813095092773,30.652332305908203,29.697837829589844,97.59624481201172,44.69466018676758,100.50520324707031,31.860000610351562,79.3905258178711,161.4199981689453,721.9887084960938,22.36177635192871,36.15464401245117,184.22000122070312,67.7107162475586,54.41172409057617,9.4399995803833,257.9599914550781,52.890445709228516,62.87761688232422,48.82133865356445,8.649174690246582,75.24297332763672,160.64422607421875
2023-06-29,17.7117862701416,175.1442413330078,27.19488525390625,30.80846405029297,29.765933990478516,98.02587890625,44.83308792114258,102.6053695678711,31.40999984741211,79.19450378417969,158.77000427246094,729.338134765625,22.45465850830078,36.17268371582031,184.00999450683594,67.1298599243164,53.697811126708984,10.0,253.9600067138672,53.076683044433594,62.22066116333008,49.200740814208984,8.59969425201416,75.5531005859375,162.69703674316406
2023-06-30,17.971872329711914,176.24383544921875,27.42984962463379,31.65846824645996,30.03832244873047,97.90558624267578,44.80712890625,104.43040466308594,31.56999969482422,79.96077728271484,167.47999572753906,735.8239135742188,22.609464645385742,36.7408447265625,190.08999633789062,68.41141510009766,54.62265396118164,10.390000343322754,269.04998779296875,53.54669952392578,63.219581604003906,49.70084762573242,8.708551406860352,76.02302551269531,166.35171508789062
2023-07-03,18.266633987426758,177.24342346191406,27.316713333129883,31.84929084777832,30.58307647705078,99.22027587890625,45.516571044921875,105.67765045166016,31.459999084472656,80.83399200439453,169.5500030517578,735.2794189453125,22.756534576416016,37.020408630371094,191.38999938964844,68.57737731933594,54.84170150756836,10.300000190734863,270.4200134277344,53.97237777709961,63.507568359375,50.13197708129883,8.708551406860352,76.56812286376953,164.4140625
2023-07-05,18.59607696533203,180.2605438232422,27.4211483001709,31.710514068603516,30.04682731628418,101.28253173828125,45.931846618652344,105.74185180664062,30.459999084472656,81.62699890136719,165.33999633789062,741.6246337890625,22.6326847076416,37.40819549560547,186.9499969482422,69.1029052734375,53.80327606201172,10.640000343322754,265.19000244140625,53.085548400878906,64.5064697265625,49.40768051147461,8.530421257019043,76.29556274414062,164.07833862304688
2023-07-06,18.29264259338379,178.1249542236328,26.75106430053711,30.704383850097656,29.61272430419922,100.25999450683594,45.291622161865234,104.99899291992188,29.940000534057617,80.69142150878906,161.3800048828125,733.3836669921875,21.920576095581055,37.02942657470703,183.13999938964844,67.32347106933594,53.438201904296875,9.949999809265137,255.0800018310547,51.906063079833984,63.705543518066406,47.76076126098633,8.431462287902832,75.4591293334961,164.37567138671875
2023-07-07,18.28397560119629,177.70693969726562,27.142669677734375,30.921222686767578,30.004262924194336,99.27181243896484,45.19645690917969,104.36620330810547,30.209999084472656,79.98751831054688,166.1699981689453,724.90771484375,22.40821647644043,36.93924331665039,189.13999938964844,66.42914581298828,52.72428894042969,10.609999656677246,258.94000244140625,52.899314880371094,63.60655212402344,48.40745544433594,8.530421257019043,75.00800323486328,163.0806884765625
2023-07-10,18.223285675048828,175.88946533203125,27.177478790283203,30.383460998535156,29.970216751098633,98.94529724121094,44.62544250488281,104.55880737304688,29.799999237060547,79.49745178222656,175.47000122070312,735.3641357421875,22.377254486083984,36.95728302001953,190.82000732421875,66.11568450927734,52.294315338134766,10.949999809265137,264.989990234375,53.138755798339844,63.12059783935547,48.62302017211914,8.54031753540039,74.40650177001953,164.1550750732422
2023-07-11,18.55272674560547,176.84364318847656,27.3602237701416,30.1839599609375,30.566051483154297,99.6241226196289,44.980159759521484,106.76901245117188,30.100000381469727,80.97654724121094,173.77999877929688,738.818115234375,23.097103118896484,37.615623474121094,189.6199951171875,66.55823516845703,52.87843322753906,11.180000305175781,265.04998779296875,53.98124694824219,63.65156555175781,49.476661682128906,8.748135566711426,76.03240966796875,163.28216552734375
2023-07-12,18.717449188232422,177.597900390625,27.74312973022461,31.094682693481445,30.906530380249023,100.05377197265625,45.585777282714844,107.98876190185547,30.450000762939453,82.29527282714844,182.8000030517578,742.3380126953125,23.337059020996094,37.922245025634766,194.9600067138672,67.73836517333984,54.00609588623047,11.5,270.9200134277344,54.797122955322266,64.42546844482422,50.34754180908203,9.045019149780273,74.89523315429688,162.2845458984375
2023-07-13,18.925519943237305,178.8792266845703,28.221763610839844,31.4763240814209,31.093780517578125,99.13435363769531,45.88859558105469,108.48400115966797,31.5,83.14176177978516,182.63999938964844,752.249755859375,23.453157424926758,38.039485931396484,196.9499969482422,67.95964813232422,54.93906021118164,12.359999656677246,272.010009765625,55.080909729003906,64.32650756835938,50.813167572021484,9.252836227416992,75.99481964111328,161.478759765625
2023-07-14,18.726118087768555,176.2711181640625,27.899778366088867,31.389585494995117,30.234088897705078,99.37494659423828,45.54252624511719,108.47482299804688,31.190000534057617,82.87444305419922,177.94000244140625,756.2765502929688,22.624942779541016,37.89519119262695,191.3000030517578,67.48943328857422,55.10942459106445,12.140000343322754,273.55999755859375,53.812747955322266,64.23649597167969,49.3990592956543,8.965849876403809,75.16777038574219,161.68978881835938
2023-07-17,18.53538703918457,169.26458740234375,27.951988220214844,31.033973693847656,30.063852310180664,94.51144409179688,44.39186096191406,108.4106216430664,31.43000030517578,81.77848052978516,189.6699981689453,758.0036010742188,22.73331069946289,37.67874526977539,206.7100067138672,66.99156951904297,54.833580017089844,12.760000228881836,283.8500061035156,53.92803192138672,63.156578063964844,49.1662483215332,9.064809799194336,74.5098876953125,160.92242431640625
2023-07-18,18.856163024902344,168.8374786376953,27.586490631103516,31.077342987060547,30.463909149169922,95.00123596191406,44.166900634765625,107.58522033691406,31.3799991607666,81.00328826904297,184.0500030517578,747.1343994140625,23.151287078857422,37.22782516479492,201.57000732421875,66.42914581298828,54.41172409057617,12.789999961853027,274.1600036621094,54.13200759887695,62.175662994384766,49.89054870605469,9.163771629333496,73.87079620361328,159.81927490234375
2023-07-19,19.15959358215332,171.8545684814453,28.021610260009766,31.164077758789062,30.770334243774414,97.52749633789062,44.96285629272461,111.125244140625,31.260000228881836,81.66265106201172,185.49000549316406,762.846923828125,23.290613174438477,37.43525314331055,198.5800018310547,66.47525024414062,55.40147018432617,13.170000076293945,273.75,54.74391555786133,63.12059783935547,50.53724670410156,9.242939949035645,75.58129119873047,159.90562438964844
2023-07-20,18.925519943237305,167.80149841308594,27.760541915893555,30.964588165283203,31.102296829223633,92.37187194824219,45.94915008544922,108.91504669189453,30.15999984741211,83.04374694824219,175.9199981689453,760.7632446289062,23.7318115234375,37.88616943359375,198.5,68.3192138671875,55.88011932373047,12.619999885559082,263.1000061035156,55.51545715332031,63.957515716552734,51.416751861572266,9.10439395904541,77.07563018798828,164.89369201660156
2023-07-21,19.497705459594727,168.0196075439453,28.317493438720703,30.95591163635254,31.238489151000977,92.18282318115234,46.5288200378418,110.18980407714844,30.100000381469727,84.4515609741211,177.47999572753906,757.581298828125,23.894357681274414,38.373165130615234,197.91000366210938,69.97879791259766,55.74220657348633,12.390000343322754,263.8999938964844,55.84357833862305,65.74835205078125,51.856502532958984,9.143978118896484,77.35757446289062,165.3828887939453
2023-07-24,18.74345588684082,173.41763305664062,27.917177200317383,31.216123580932617,31.647058486938477,95.7831802368164,46.62398147583008,112.91358947753906,30.389999389648438,84.4426498413086,177.80999755859375,768.825927734375,24.273630142211914,38.62567901611328,197.66000366210938,69.61000061035156,55.912574768066406,12.329999923706055,260.0899963378906,56.20718765258789,65.64936828613281,52.227272033691406,9.213252067565918,77.69591522216797,164.79776000976562
2023-07-25,18.960195541381836,169.74623107910156,27.777942657470703,31.242141723632812,31.689613342285156,94.9754638671875,46.822975158691406,110.6208724975586,30.459999084472656,84.90599060058594,179.47000122070312,766.3573608398438,24.335556030273438,38.79703140258789,200.00999450683594,69.5546875,55.6529655456543,11.829999923706055,259.4599914550781,55.896793365478516,65.34339141845703,52.04620361328125,9.302316665649414,77.94966125488281,164.7498016357422
2023-07-26,18.986204147338867,172.64520263671875,27.682218551635742,31.242141723632812,31.578960418701172,96.63386535644531,47.10847473144531,108.80498504638672,30.81999969482422,85.14656066894531,173.36000061035156,763.1286010742188,23.693103790283203,38.959354400634766,197.41000366210938,68.56816864013672,55.766544342041016,12.010000228881836,244.25999450683594,55.53319549560547,65.77536010742188,51.4857292175293,9.33200454711914,78.23162078857422,158.21734619140625
2023-07-27,18.53538703918457,175.59861755371094,27.40373992919922,30.73906707763672,31.20444107055664,94.60596466064453,46.16544723510742,105.60429382324219,29.864999771118164,84.14862823486328,166.8000030517578,747.2095336914062,23.27513313293457,37.84107971191406,198.8000030517578,67.55396270751953,54.82547378540039,11.649999618530273,241.75,53.91917037963867,65.5683822631836,51.020111083984375,8.767927169799805,76.33316802978516,157.28689575195312
2023-07-28,18.812816619873047,171.7273406982422,27.255800247192383,30.600290298461914,31.246992111206055,93.60921478271484,46.286563873291016,112.60177612304688,29.479999542236328,83.16849517822266,154.3300018310547,748.420166015625,23.1435489654541,37.606597900390625,208.39999389648438,67.16673278808594,54.46851348876953,11.859999656677246,236.7899932861328,54.04331970214844,65.10941314697266,51.65818786621094,8.7184476852417,76.13580322265625,156.2988739013672
2023-07-31,18.89668083190918,172.94503784179688,27.125263214111328,30.95591163635254,31.74919319152832,93.05069732666016,46.3298225402832,114.28924560546875,29.0,83.41798400878906,151.8300018310547,760.2092895507812,23.747291564941406,37.75089645385742,207.39999389648438,67.5816421508789,54.66321563720703,13.119999885559082,241.4600067138672,54.65523910522461,65.10041046142578,52.46870803833008,8.777824401855469,77.20719909667969,157.1142578125
2023-08-01,18.355031967163086,173.79019165039062,26.072275161743164,30.296720504760742,31.459793090820312,93.01632690429688,45.24836349487305,113.16121673583984,28.790000915527344,82.10816192626953,150.32000732421875,755.7415161132812,23.584745407104492,37.39918899536133,202.67999267578125,66.53978729248047,53.27595138549805,12.760000228881836,239.47000122070312,54.1142692565918,64.1465072631836,52.03758239746094,8.69865608215332,79.50979614257812,155.88638305664062
2023-08-02,18.38123893737793,173.2267608642578,24.949676513671875,29.02170753479004,30.66819190979004,91.94223022460938,45.28296661376953,113.13370513916016,27.81999969482422,82.4467544555664,140.69000244140625,756.1827392578125,23.089365005493164,37.42623519897461,194.27999877929688,66.30008697509766,52.04283142089844,11.649999618530273,195.50999450683594,53.138755798339844,63.867523193359375,50.26994323730469,8.579902648925781,78.54177856445312,156.75930786132812
2023-08-03,18.0405216217041,168.8011474609375,24.645092010498047,27.633941650390625,31.034202575683594,90.16352081298828,43.8986930847168,110.83177185058594,27.739999771118164,80.52212524414062,140.36000061035156,712.8088989257812,23.631189346313477,36.52439498901367,196.24000549316406,64.63127136230469,50.858375549316406,11.720000267028809,189.7899932861328,53.73292922973633,61.75271224975586,51.114959716796875,8.649174690246582,78.74854278564453,154.38038635253906
2023-08-04,17.158151626586914,167.9105682373047,24.958375930786133,28.405885696411133,31.323604583740234,89.20113372802734,42.574989318847656,110.01554870605469,28.1200008392334,79.71131134033203,140.0,711.3634033203125,24.002721786499023,36.0013313293457,194.3800048828125,63.77381896972656,50.97195816040039,11.5600004196167,182.64999389648438,54.229557037353516,61.0507698059082,52.28763198852539,8.609590530395508,77.4233627319336,153.89114379882812
2023-08-07,17.210573196411133,166.7746124267578,25.071508407592773,28.19771957397461,31.527891159057617,89.23551177978516,42.51443099975586,110.86845397949219,28.260000228881836,79.88951110839844,135.4499969482422,726.74755859375,23.917579650878906,36.046417236328125,195.60000610351562,63.28517150878906,50.68800354003906,11.050000190734863,180.74000549316406,54.486732482910156,61.212745666503906,52.60667037963867,8.589798927307129,79.68836212158203,154.67776489257812
2023-08-08,17.14068031311035,167.76513671875,25.175933837890625,28.33649444580078,31.468303680419922,89.39877319335938,42.62689971923828,109.23600769042969,28.219999313354492,82.09033966064453,135.77000427246094,726.9540405273438,23.886619567871094,36.1456298828125,196.10000610351562,63.34971237182617,51.25589370727539,10.90999984741211,178.4499969482422,54.69957733154297,61.92369842529297,52.46870803833008,8.668967247009277,80.15828704833984,153.28684997558594
2023-08-09,17.131942749023438,170.02796936035156,25.254261016845703,28.345172882080078,31.851341247558594,89.9057388305664,42.99026870727539,109.41944122314453,28.25,82.70514678955078,138.4600067138672,726.9540405273438,25.19472885131836,36.29893493652344,203.60000610351562,63.543331146240234,51.247779846191406,10.75,183.1300048828125,55.44451141357422,62.26567459106445,53.92593002319336,8.500733375549316,80.32746124267578,154.91754150390625
2023-08-10,17.131942749023438,169.88255310058594,25.323877334594727,28.735485076904297,31.93402099609375,89.9572982788086,43.1546516418457,110.74923706054688,27.56999969482422,82.78533935546875,136.4600067138672,726.5785522460938,24.54454231262207,36.24482727050781,205.00999450683594,62.962467193603516,51.43437576293945,9.050000190734863,177.83999633789062,55.858612060546875,62.463645935058594,54.5984992980957,8.075201988220215,79.83873748779297,153.31564331054688
2023-08-11,17.000900268554688,170.0370635986328,25.43700408935547,28.891605377197266,31.95123863220215,89.71670532226562,42.90375518798828,110.3548812866211,27.56999969482422,83.59618377685547,135.1999969482422,726.6536865234375,24.567766189575195,36.533409118652344,204.8699951171875,63.543331146240234,51.44248580932617,9.109999656677246,176.35000610351562,55.9482421875,62.54462432861328,53.951805114746094,8.045514106750488,79.19025421142578,154.38038635253906
2023-08-14,16.616498947143555,170.07342529296875,25.141124725341797,28.544660568237305,31.589527130126953,88.60824584960938,42.38466262817383,111.40956115722656,26.93000030517578,82.67842102050781,138.58999633789062,722.9085693359375,24.416406631469727,36.46971893310547,211.42999267578125,63.2114143371582,51.00440216064453,9.289999961853027,176.99000549316406,55.17741012573242,61.94169998168945,53.13265609741211,7.986137390136719,79.78666687011719,154.17897033691406
2023-08-15,15.725394248962402,168.71026611328125,24.418827056884766,27.694656372070312,31.064184188842773,88.23875427246094,41.3551025390625,111.54710388183594,26.100000381469727,81.47554779052734,134.55999755859375,713.53173828125,24.328777313232422,36.02386474609375,199.8300018310547,62.09580993652344,50.07955551147461,8.890000343322754,170.0,54.61272430419922,60.99677276611328,52.71015167236328,7.808007717132568,78.83052062988281,152.49069213867188
2023-08-16,16.083587646484375,161.7492218017578,24.427536010742188,27.651283264160156,30.909162521362305,85.79842376708984,41.597347259521484,111.10690307617188,26.270000457763672,81.70720672607422,132.8800048828125,707.4868774414062,23.826906204223633,36.22404861450195,191.88999938964844,62.2894287109375,49.95787048339844,8.579999923706055,162.32000732421875,54.38864517211914,61.293739318847656,52.58080291748047,7.768423557281494,78.81157684326172,153.49790954589844
2023-08-17,15.769076347351074,160.22247314453125,24.21867561340332,27.443119049072266,31.081409454345703,85.74685668945312,41.60599899291992,111.74886322021484,25.5,81.72972869873047,131.44000244140625,707.5714721679688,24.2570858001709,36.36052703857422,183.44000244140625,62.24333953857422,49.38998031616211,8.59000015258789,162.77000427246094,54.66651153564453,61.41973114013672,52.83086395263672,7.501229286193848,77.4294204711914,152.03025817871094
2023-08-18,15.734129905700684,160.34971618652344,24.488445281982422,27.764041900634766,31.210588455200195,86.12494659423828,41.90016174316406,111.28114318847656,25.81999969482422,82.18028259277344,130.33999633789062,703.7512817382812,24.20928382873535,36.40602493286133,181.91000366210938,62.53835678100586,49.787498474121094,8.640000343322754,162.33999633789062,54.85472869873047,61.6561393737793,53.38270950317383,7.4814372062683105,76.87088775634766,152.394775390625
2023-08-21,15.646767616271973,159.05020141601562,24.453636169433594,27.469144821166992,31.50341033935547,85.2742691040039,41.63195037841797,110.93264770507812,25.809999465942383,80.76554870605469,130.16000366210938,699.9685668945312,24.519968032836914,36.16035461425781,181.6999969482422,61.84687042236328,49.665809631347656,8.84000015258789,163.0,55.05191421508789,61.47428894042969,54.046653747558594,7.422060966491699,76.03779602050781,152.394775390625
2023-08-22,15.690445899963379,159.69541931152344,24.11424446105957,27.15689468383789,31.32254409790039,84.81884765625,41.3551025390625,113.4638671875,25.790000915527344,80.72950744628906,128.32000732421875,709.8976440429688,24.360641479492188,36.39692687988281,176.5,62.25254440307617,49.38998031616211,8.430000305175781,164.16000366210938,54.61272430419922,61.583404541015625,53.97767639160156,7.521021366119385,75.59284973144531,151.68495178222656
2023-08-23,16.00495719909668,161.61288452148438,24.740819931030273,27.642614364624023,31.00389862060547,85.49767303466797,41.3551025390625,115.34391784667969,26.3700008392334,81.40533447265625,130.36000061035156,716.8094482421875,23.96233367919922,36.624412536621094,180.5800018310547,62.593685150146484,50.38784408569336,8.199999809265137,167.07000732421875,54.4334602355957,61.41973114013672,53.57240295410156,7.7189435958862305,76.68153381347656,151.92474365234375
2023-08-24,15.480772972106934,160.98587036132812,24.758222579956055,27.52118492126465,30.80582046508789,85.54924011230469,41.58870315551758,116.89382934570312,26.600000381469727,81.0899429321289,122.33999633789062,721.4957275390625,23.540124893188477,36.46971893310547,174.4199981689453,61.975955963134766,50.022769927978516,7.989999771118164,156.94000244140625,54.19145202636719,61.310630798339844,53.184391021728516,7.788215637207031,76.07566833496094,150.86953735351562
2023-08-25,15.777812004089355,161.33116149902344,24.975780487060547,27.633941650390625,31.133081436157227,85.6695327758789,41.978023529052734,115.50898742675781,26.959999084472656,81.62159729003906,124.08999633789062,726.9270629882812,23.914533615112305,36.66990280151367,177.4499969482422,62.65822219848633,50.4365119934082,8.130000114440918,161.6999969482422,54.70235824584961,61.910736083984375,53.68450164794922,7.857488632202148,76.7099380493164,151.87680053710938
2023-08-28,15.655503273010254,161.91278076171875,24.949676513671875,27.573223114013672,31.555084228515625,85.81561279296875,42.33274841308594,116.6095199584961,26.815000534057617,81.11698150634766,125.30000305175781,734.0650634765625,24.137590408325195,36.624412536621094,176.75999450683594,62.71353530883789,50.60688018798828,8.329999923706055,161.47000122070312,55.05191421508789,61.94710922241211,53.969051361083984,7.906968593597412,76.9560775756836,151.50267028808594
2023-08-29,15.908856391906738,164.93894958496094,25.532733917236328,27.99822998046875,31.95123863220215,86.44287872314453,42.8777961730957,119.56259155273438,27.315000534057617,81.36029052734375,129.0500030517578,745.4744873046875,24.567766189575195,36.85188293457031,181.61000061035156,62.674560546875,51.3938102722168,8.880000114440918,166.57000732421875,55.580745697021484,62.34717559814453,54.5036506652832,8.124682426452637,78.63172149658203,151.68495178222656
2023-08-30,15.917593002319336,165.64776611328125,25.03795623779297,27.94819450378418,32.114871978759766,86.63191986083984,42.825889587402344,120.74565887451172,20.549999237060547,81.05390167236328,128.11000061035156,747.3132934570312,24.61556053161621,36.77909469604492,184.9600067138672,62.28463363647461,51.68586730957031,8.569999694824219,164.11000061035156,55.78689956665039,62.392635345458984,54.460540771484375,7.679358959197998,78.4897232055664,152.15493774414062
2023-08-31,15.664240837097168,164.77536010742188,24.6065731048584,28.009639739990234,32.020137786865234,86.35694885253906,42.5698127746582,120.80066680908203,21.329999923706055,80.01763916015625,126.52999877929688,736.7901611328125,24.352676391601562,36.50611877441406,189.1199951171875,62.01540756225586,51.280235290527344,8.460000038146973,162.57000732421875,55.652462005615234,61.583404541015625,54.244972229003906,7.560606002807617,78.46131896972656,150.38995361328125
2023-09-01,15.629294395446777,164.29371643066406,24.37767791748047,28.308080673217773,32.838294982910156,85.72968292236328,41.9909782409668,121.15835571289062,21.469999313354492,79.23368835449219,128.72999572753906,733.1505737304688,25.173192977905273,36.38783264160156,186.3699951171875,62.08039093017578,51.02874755859375,8.510000228881836,161.9499969482422,56.33366012573242,61.119693756103516,55.08137512207031,7.837696552276611,78.2341079711914,150.610595703125
2023-09-05,15.23615837097168,163.9574737548828,24.06073760986328,27.77264404296875,33.07083511352539,85.9187240600586,41.03504943847656,119.86521911621094,18.8799991607666,78.08027648925781,127.7699966430664,724.7017822265625,25.189130783081055,35.95105743408203,186.47999572753906,61.458370208740234,50.087669372558594,8.5600004196167,161.6699981689453,56.33366012573242,60.28318786621094,55.01238250732422,7.372580051422119,76.54899597167969,150.62974548339844
2023-09-06,15.227425575256348,161.76739501953125,22.564098358154297,27.263534545898438,33.44114685058594,85.06804656982422,40.298362731933594,119.20491027832031,18.260000228881836,78.83720397949219,123.02999877929688,724.0888061523438,25.308622360229492,36.2695426940918,182.08999633789062,60.98491668701172,50.0308837890625,8.449999809265137,155.89999389648438,56.81767272949219,60.23771667480469,55.296932220458984,7.263723850250244,77.60929870605469,149.61294555664062
2023-09-07,14.843022346496582,165.8931121826172,22.845815658569336,27.73753547668457,33.16555404663086,85.98745727539062,40.3685188293457,120.87405395507812,17.690000534057617,80.55829620361328,122.2300033569336,731.2928466796875,25.444046020507812,36.91558074951172,180.5,61.50480270385742,51.03685760498047,8.270000457763672,152.2899932861328,56.4949951171875,61.019676208496094,55.06412887573242,7.055906295776367,78.14891052246094,151.18356323242188
2023-09-08,15.087642669677734,164.38458251953125,23.303611755371094,27.702423095703125,33.30335998535156,85.2742691040039,41.324459075927734,119.20491027832031,18.420000076293945,82.01808166503906,120.2300033569336,727.4173583984375,25.754728317260742,36.924686431884766,183.2100067138672,62.04326629638672,51.247779846191406,7.960000038146973,148.85000610351562,56.64736557006836,61.765254974365234,55.47800827026367,6.867880821228027,78.19622039794922,150.7499542236328
2023-09-11,15.061434745788574,163.8302459716797,23.41806411743164,27.869197845458984,33.251678466796875,84.6641845703125,41.48231887817383,120.24122619628906,18.420000076293945,82.70291900634766,122.19000244140625,730.4158325195312,25.81049156188965,36.924686431884766,179.3699951171875,62.693119049072266,51.539833068847656,7.989999771118164,148.25999450683594,56.9341926574707,61.94710922241211,55.74531555175781,6.877776145935059,79.27545166015625,151.74246215820312
2023-09-12,14.877970695495605,162.83970642089844,23.76141357421875,27.74631118774414,32.81245422363281,84.1657943725586,41.719120025634766,120.07616424560547,18.270000457763672,83.00928497314453,123.3499984741211,728.9826049804688,25.969812393188477,36.90648651123047,180.94000244140625,62.87880325317383,51.40192413330078,8.300000190734863,150.8699951171875,57.42716598510742,62.374446868896484,56.780029296875,6.749127388000488,79.1334457397461,152.80235290527344
2023-09-13,14.843022346496582,160.80409240722656,23.86705780029297,28.123750686645508,32.950252532958984,83.72756958007812,41.87697219848633,117.5816650390625,18.530000686645508,84.59522247314453,119.5999984741211,725.0506591796875,25.88218879699707,37.42514419555664,170.5,63.528663635253906,51.604736328125,8.210000038146973,144.97000122070312,57.30168533325195,63.192771911621094,56.88350296020508,7.224139213562012,78.17730712890625,154.55604553222656
2023-09-14,15.19247817993164,164.55728149414062,24.580163955688477,28.790857315063477,33.673675537109375,86.13351440429688,42.54349136352539,118.96123504638672,19.399999618530273,86.00995635986328,122.30999755859375,737.53515625,26.35219383239746,38.07118225097656,177.0,64.31776428222656,52.58637237548828,8.729999542236328,144.75999450683594,58.565486907958984,64.46572875976562,57.202537536621094,7.451749324798584,80.00440979003906,154.50790405273438
2023-09-15,15.061434745788574,163.70301818847656,24.71221923828125,28.720632553100586,33.37225341796875,85.94139099121094,42.5084114074707,119.21125030517578,18.829999923706055,85.76666259765625,120.30000305175781,731.9246215820312,26.065410614013672,37.89830780029297,174.0500030517578,63.723609924316406,52.107730865478516,8.520000457763672,140.2899932861328,57.9470329284668,64.63848114013672,56.98955154418945,7.323100566864014,79.87187194824219,154.63311767578125
2023-09-18,14.921653747558594,163.14871215820312,24.641788482666016,28.15886116027832,33.20862579345703,85.17288970947266,42.64873123168945,118.5631103515625,19.360000610351562,85.56840515136719,117.16000366210938,725.559814453125,26.041513442993164,37.75271224975586,167.74000549316406,63.352256774902344,51.96980667114258,8.149999618530273,136.22000122070312,58.46690368652344,64.51117706298828,57.14667892456055,7.303308010101318,80.26947021484375,154.00680541992188
2023-09-19,14.642090797424316,161.17666625976562,24.34246063232422,27.62342071533203,33.43254089355469,84.68383026123047,41.96467590332031,117.58164978027344,19.399999618530273,84.55916595458984,122.08999633789062,713.0847778320312,26.248632431030273,37.37054443359375,169.17999267578125,62.74882125854492,51.64530563354492,8.239999771118164,138.4600067138672,58.41312789916992,64.47480773925781,57.897342681884766,7.372580051422119,79.27545166015625,153.85267639160156
2023-09-20,14.668298721313477,161.22213745117188,24.37767791748047,27.86041831970215,33.260292053222656,84.48298645019531,42.06991195678711,118.5816421508789,19.68000030517578,85.0367660522461,123.97000122070312,714.4708862304688,26.208805084228516,37.15217208862305,169.24000549316406,62.52600860595703,52.416011810302734,8.09000015258789,139.1999969482422,58.19800567626953,64.73848724365234,57.914798736572266,7.372580051422119,80.71440124511719,154.2187957763672
2023-09-21,14.353791236877441,153.87030029296875,23.664566040039062,26.59642791748047,32.82107162475586,81.12950897216797,41.56125259399414,114.75761413574219,19.31999969482422,84.17171478271484,124.8499984741211,691.6519165039062,25.611337661743164,36.815494537353516,166.24000549316406,62.11752700805664,51.88056945800781,7.599999904632568,136.2899932861328,57.7767333984375,63.55646896362305,57.1903190612793,7.243931293487549,79.27545166015625,151.75210571289062
2023-09-22,13.943184852600098,151.04405212402344,24.08715057373047,26.956314086914062,33.10527801513672,80.3260726928711,41.87697219848633,114.1094741821289,19.010000228881836,84.09961700439453,119.91999816894531,690.1430053710938,25.587440490722656,36.5880126953125,162.4499969482422,62.85094451904297,51.40192413330078,7.429999828338623,134.60000610351562,57.830509185791016,63.074562072753906,57.268882751464844,7.1845550537109375,78.41398620605469,150.7692413330078
2023-09-25,14.187800407409668,150.59878540039062,24.236812591552734,27.52686882019043,33.37225341796875,80.61426544189453,42.01729965209961,114.44281005859375,18.270000457763672,84.08160400390625,121.0999984741211,691.5009765625,25.778627395629883,36.66990280151367,164.33999633789062,62.63742446899414,50.63121795654297,7.46999979019165,131.8699951171875,58.00082015991211,63.0018424987793,57.775142669677734,7.125178337097168,78.75476837158203,151.43409729003906
2023-09-26,13.855819702148438,148.0452117919922,24.007917404174805,26.649099349975586,33.27751541137695,79.54010772705078,40.39483642578125,110.93360137939453,17.8700008392334,82.10820007324219,119.1500015258789,670.4547119140625,25.531673431396484,35.623497009277344,161.38999938964844,60.659976959228516,49.93353271484375,7.550000190734863,127.2699966430664,57.28375244140625,61.019676208496094,57.076847076416016,6.669958591461182,76.76673889160156,150.00802612304688
2023-09-27,13.916975021362305,145.11898803710938,22.60811424255371,25.595775604248047,34.00094223022461,78.33494567871094,39.86863327026367,108.18363189697266,17.950000762939453,81.18004608154297,120.11000061035156,666.7489013671875,26.320329666137695,35.305023193359375,158.61000061035156,55.66532897949219,49.000572204589844,7.730000019073486,128.00999450683594,58.18904113769531,60.13768768310547,57.7926025390625,6.739231109619141,75.9241943359375,148.79391479492188
2023-09-28,12.999661445617676,147.509033203125,21.745344161987305,26.2189884185791,33.957881927490234,80.41340637207031,38.71097946166992,109.7576904296875,18.09000015258789,79.90951538085938,120.0199966430664,679.8275756835938,26.272531509399414,34.467899322509766,161.5,52.99160385131836,48.505699157714844,7.570000171661377,130.74000549316406,58.995723724365234,59.164798736572266,58.342491149902344,6.8876729011535645,76.17032623291016,148.81321716308594
2023-09-29,13.279221534729004,149.4446563720703,21.076255798339844,25.806438446044922,33.34641647338867,80.3697280883789,39.1757926940918,112.05394744873047,18.100000381469727,79.53105163574219,120.1500015258789,684.8156127929688,26.121173858642578,34.3859977722168,161.58999633789062,53.18656539916992,49.18716812133789,7.599999904632568,129.50999450683594,57.70502853393555,58.84656524658203,57.399810791015625,6.996529579162598,77.55249786376953,146.8860626220703
2023-10-02,12.37064266204834,146.9546661376953,20.0021915435791,23.90167808532715,32.571319580078125,79.40910339355469,37.1060791015625,109.46138763427734,16.719999313354492,76.98995208740234,116.83999633789062,672.0105590820312,25.698963165283203,33.31229019165039,156.33999633789062,48.41472244262695,47.22389221191406,6.829999923706055,122.55999755859375,56.7907829284668,57.01897430419922,56.40473556518555,6.79860782623291,77.37262725830078,145.70089721679688
2023-10-03,11.828990936279297,143.674072265625,19.39473533630371,23.339908599853516,32.3818473815918,77.2345962524414,37.24638748168945,106.61884307861328,15.800000190734863,77.27828979492188,114.22000122070312,661.1668090820312,25.125398635864258,33.71265411376953,151.25,48.999595642089844,46.68845748901367,6.53000020980835,120.30999755859375,56.79974365234375,58.219181060791016,56.195247650146484,6.392868518829346,75.08163452148438,147.00169372558594
2023-10-04,11.531956672668457,143.2924346923828,19.878942489624023,24.156232833862305,31.27088165283203,77.95942687988281,36.807884216308594,108.85030364990234,15.869999885559082,77.60270690917969,117.18000030517578,675.0751342773438,24.527935028076172,34.04022216796875,151.82000732421875,46.99431228637695,47.17521667480469,6.53000020980835,125.30999755859375,55.60763931274414,58.75564193725586,54.83356857299805,6.412661075592041,77.2968978881836,148.35069274902344
2023-10-05,11.016512870788574,144.22842407226562,20.02860450744629,24.57756233215332,31.357004165649414,78.43099975585938,35.93965530395508,108.97991943359375,16.040000915527344,77.02598571777344,116.01000213623047,679.8463745117188,24.71115493774414,34.04022216796875,145.35000610351562,45.90810775756836,47.63764190673828,6.400000095367432,120.62000274658203,56.163360595703125,58.728355407714844,54.92958450317383,6.30380392074585,78.57491302490234,149.08302307128906
2023-10-06,10.876730918884277,145.00994873046875,20.204681396484375,24.603893280029297,32.09764099121094,79.62744903564453,36.57109069824219,108.67436981201172,16.030000686645508,78.32356262207031,119.16000366210938,682.3638916015625,25.101499557495117,34.649871826171875,148.55999755859375,46.64152908325195,47.61329650878906,6.610000133514404,123.97000122070312,57.839473724365234,59.073875427246094,55.85483169555664,6.442348957061768,77.13594818115234,149.77676391601562
2023-10-09,11.077669143676758,147.2364044189453,19.82611846923828,24.516115188598633,33.0536003112793,81.37403106689453,36.9920539855957,110.22989654541016,16.260000228881836,79.50401306152344,119.75,689.6528930664062,26.583213806152344,35.214027404785156,143.8000030517578,45.78742218017578,47.978370666503906,6.409999847412109,119.22000122070312,59.264625549316406,59.92857360839844,56.79752731323242,6.531413555145264,77.74183654785156,151.74246215820312
2023-10-10,11.357229232788086,145.54739379882812,21.014631271362305,25.323667526245117,33.260292053222656,81.31290435791016,37.35163116455078,111.52617645263672,17.5,80.143798828125,125.75,696.630615234375,26.99745750427246,35.741783142089844,151.55999755859375,47.885555267333984,48.87887954711914,7.159999847412109,124.98999786376953,59.58729934692383,60.41047668457031,57.181583404541016,6.778815746307373,79.20919799804688,151.1353759765625
2023-10-11,11.697946548461914,152.02798461914062,21.129079818725586,25.674772262573242,33.286128997802734,82.56171417236328,37.676116943359375,115.2020492553711,17.56999969482422,80.98181915283203,128.61000061035156,711.406494140625,26.662878036499023,36.433326721191406,151.5,49.705162048339844,49.31696701049805,7.539999961853027,124.54000091552734,59.47077178955078,61.01056671142578,57.36489486694336,6.917360305786133,81.23509979248047,150.97157287597656
2023-10-12,11.400912284851074,150.76126098632812,20.671279907226562,24.121118545532227,33.837310791015625,82.36087036132812,36.43954086303711,115.22057342529297,16.510000228881836,79.32379913330078,124.58000183105469,700.9114990234375,26.82219696044922,36.24223709106445,149.38999938964844,49.20383834838867,48.25420379638672,7.409999847412109,120.6500015258789,59.64107894897461,59.73761749267578,57.1379508972168,6.818399906158447,80.46827697753906,149.4010009765625
2023-10-13,11.497010231018066,153.258056640625,20.160663604736328,22.804466247558594,34.45738983154297,82.56171417236328,36.72895812988281,113.51689147949219,15.119999885559082,79.90951538085938,123.80999755859375,700.2608032226562,27.435598373413086,36.351436614990234,147.9199981689453,50.58711624145508,48.92756271362305,7.340000152587891,119.76000213623047,60.39398956298828,60.510498046875,58.01081085205078,6.828296184539795,80.61028289794922,153.0239715576172
2023-10-16,11.977509498596191,155.29583740234375,20.504011154174805,22.00569725036621,34.63825225830078,82.5966567993164,37.02713394165039,114.55391693115234,15.119999885559082,80.61238098144531,127.11000061035156,708.5303955078125,27.451528549194336,36.55161666870117,151.2899932861328,50.4849967956543,48.96812438964844,7.510000228881836,123.5999984741211,61.04829406738281,61.3742790222168,58.08937454223633,6.818399906158447,81.1025619506836,154.0164337158203
2023-10-17,12.01245403289795,153.2121124267578,20.565637588500977,22.549915313720703,35.1463623046875,81.56615447998047,36.7552604675293,114.15576171875,15.460000038146973,80.16181182861328,129.24000549316406,700.5248413085938,27.507291793823242,36.45152282714844,158.05999755859375,50.290035247802734,48.83832550048828,7.71999979019165,127.6500015258789,61.379940032958984,61.019676208496094,58.48216247558594,6.778815746307373,81.94511413574219,154.2284393310547
2023-10-18,12.117290496826172,149.42108154296875,19.993389129638672,21.470251083374023,35.06886291503906,79.40910339355469,35.746707916259766,111.62802124023438,15.220000267028809,79.46796417236328,123.83999633789062,691.1048583984375,27.66661834716797,36.31502914428711,153.1300048828125,49.42665100097656,48.36777877807617,7.0,120.77999877929688,61.38888931274414,60.55595016479492,58.51708221435547,6.541309833526611,81.18775939941406,153.25521850585938
2023-10-19,12.091078758239746,146.34600830078125,20.17827033996582,20.776817321777344,34.73297882080078,75.00768280029297,35.6414680480957,107.0725326538086,15.260000228881836,79.09851837158203,115.9000015258789,663.6466674804688,27.475427627563477,36.18764114379883,151.97000122070312,48.637535095214844,48.22174835205078,6.559999942779541,113.9800033569336,61.03933334350586,60.41047668457031,58.534523010253906,6.531413555145264,79.44586181640625,151.3473663330078
2023-10-20,12.082344055175781,146.9518585205078,20.43358039855957,20.381820678710938,34.11289596557617,75.22601318359375,35.09772872924805,107.22993469238281,15.359999656677246,78.42268371582031,98.88999938964844,665.3533935546875,27.085086822509766,35.759979248046875,150.77000427246094,48.23833465576172,47.78367233276367,6.099999904632568,82.9000015258789,60.09821319580078,59.7649040222168,57.504547119140625,6.6501665115356445,79.41746520996094,150.875244140625
2023-10-23,12.23086166381836,146.2174835205078,20.997024536132812,20.188711166381836,33.501441955566406,75.63646697998047,34.66799545288086,108.72991943359375,15.350000381469727,77.79192352294922,96.29000091552734,659.535400390625,26.69473648071289,34.94105529785156,151.32000732421875,47.8298454284668,47.7674446105957,5.880000114440918,85.48999786376953,60.116119384765625,59.49212646484375,57.618019104003906,6.5808939933776855,78.56543731689453,150.27781677246094
2023-10-24,12.693886756896973,149.83413696289062,21.454818725585938,20.013154983520508,33.40670394897461,76.95515441894531,35.38713836669922,110.6187973022461,16.020000457763672,79.08049774169922,94.83999633789062,663.9672241210938,26.312360763549805,35.359615325927734,155.89999389648438,51.171993255615234,48.481361389160156,6.300000190734863,83.33999633789062,59.75759506225586,60.4195556640625,56.91099166870117,7.055906295776367,79.79613494873047,148.99627685546875
2023-10-25,12.824934005737305,148.64083862304688,21.067455291748047,19.679601669311523,33.63922882080078,76.20410919189453,35.553768157958984,108.29474639892578,15.649999618530273,79.43193817138672,94.3499984741211,643.3076782226562,26.575246810913086,35.487003326416016,151.36000061035156,52.416011810302734,48.35966873168945,6.21999979019165,81.04000091552734,59.927894592285156,60.56504440307617,57.268882751464844,6.8085036277771,78.26249694824219,158.09234619140625
2023-10-26,13.017132759094238,160.69329833984375,20.90018081665039,19.749828338623047,33.43254089355469,79.88069152832031,35.930885314941406,111.97061920166016,15.210000038146973,80.3780746459961,96.18000030517578,678.4508056640625,26.25659942626953,35.623497009277344,151.14999389648438,53.446510314941406,48.976234436035156,6.260000228881836,83.41000366210938,59.354251861572266,61.065120697021484,57.30378723144531,7.352787971496582,78.61277770996094,156.8878936767578
2023-10-27,12.886087417602539,157.87522888183594,20.32793617248535,18.775501251220703,33.27751541137695,78.48340606689453,35.150352478027344,113.285400390625,16.10300064086914,78.87323760986328,82.08999633789062,669.8511962890625,26.75847053527832,34.96834182739258,143.25999450683594,52.21177673339844,48.578712463378906,5.900000095367432,76.98999786376953,59.47974395751953,60.49229431152344,57.844966888427734,7.055906295776367,77.01287841796875,155.50035095214844
2023-10-30,13.060813903808594,158.47190856933594,20.680084228515625,19.486494064331055,33.02775573730469,78.7541275024414,35.08018493652344,113.0354232788086,15.770000457763672,79.20665740966797,78.66000366210938,674.50927734375,26.869998931884766,34.986541748046875,136.32000732421875,53.1030158996582,48.85454177856445,5.699999809265137,75.04000091552734,59.237735748291016,60.72870635986328,58.43851089477539,7.006425380706787,77.50516510009766,156.82044982910156
2023-10-31,13.163294792175293,163.56640625,20.037412643432617,19.872711181640625,31.50341033935547,81.19937896728516,35.36082458496094,115.1465072631836,16.079999923706055,80.0987319946289,79.58000183105469,688.0027465820312,26.583213806152344,35.432411193847656,142.4499969482422,54.12421798706055,48.797760009765625,5.889999866485596,75.94999694824219,58.386234283447266,61.19243240356445,58.133018493652344,7.065801620483398,79.15238952636719,158.34288024902344
2023-11-01,13.119121551513672,163.7408447265625,20.653675079345703,22.023250579833984,31.081409454345703,80.71906280517578,35.273128509521484,117.10018157958984,11.850000381469727,80.68445587158203,76.7300033569336,696.951171875,26.463716506958008,35.96926498413086,142.83999633789062,54.244911193847656,49.536006927490234,5.75,75.79000091552734,58.61031723022461,62.219879150390625,58.52580642700195,7.065801620483398,80.87535858154297,158.06341552734375
2023-11-02,13.693359375,169.0372772216797,21.92142105102539,23.866567611694336,31.744544982910156,85.19034576416016,36.0273551940918,120.59087371826172,12.979999542236328,80.99983978271484,78.91999816894531,719.63818359375,26.89389419555664,37.03387451171875,147.58999633789062,55.618900299072266,50.120121002197266,6.269999980926514,72.79000091552734,61.44268035888672,63.75651168823242,59.913673400878906,7.402268886566162,83.1190185546875,160.7710723876953
2023-11-03,14.833000183105469,174.93043518066406,21.736541748046875,23.734901428222656,31.1761417388916,85.93267059326172,38.24617385864258,123.0815658569336,13.630000114440918,81.35126495361328,80.80999755859375,726.776123046875,26.39999008178711,36.90648651123047,151.94000244140625,55.12687301635742,50.39595413208008,6.619999885559082,75.5999984741211,59.282554626464844,64.00200653076172,58.00208282470703,7.600190162658691,83.73434448242188,161.9947967529297
2023-11-06,14.435449600219727,171.3780059814453,21.718936920166016,23.71734619140625,31.26226234436035,84.82356262207031,39.982643127441406,119.89643096923828,13.319999694824219,80.84664916992188,78.18000030517578,718.2520751953125,26.455751419067383,36.41512680053711,146.97000122070312,54.811222076416016,50.087669372558594,6.260000228881836,71.7699966430664,59.9010124206543,62.9472770690918,58.43851089477539,7.6496710777282715,83.44087219238281,163.0547332763672
2023-11-07,14.258761405944824,170.23062133789062,21.410799026489258,22.462133407592773,30.547449111938477,84.32579040527344,39.973873138427734,118.49830627441406,13.170000076293945,80.45015716552734,78.83000183105469,714.7443237304688,25.611337661743164,36.16035461425781,144.3300018310547,54.272762298583984,49.884857177734375,6.230000019073486,73.16999816894531,58.699947357177734,62.48356628417969,57.16413116455078,7.382476806640625,81.0836410522461,163.18959045410156
2023-11-08,14.329438209533691,169.28512573242188,21.164295196533203,22.725465774536133,30.05655860900879,84.43058013916016,40.28959274291992,118.93347930908203,12.680000305175781,79.62116241455078,76.9000015258789,716.57373046875,25.28472328186035,36.01476287841797,137.8300018310547,53.381526947021484,49.243953704833984,6.019999980926514,70.87000274658203,57.74087905883789,62.374446868896484,56.43092346191406,8.164267539978027,81.76525115966797,164.0664520263672
2023-11-09,13.808207511901855,166.9168701171875,20.84735679626465,22.71668815612793,30.244935989379883,83.50489044189453,39.351200103759766,118.15571594238281,13.149999618530273,79.26071166992188,75.55999755859375,713.8108520507812,25.659130096435547,35.71448516845703,132.52999877929688,50.80064392089844,49.0573616027832,5.929999828338623,70.33000183105469,58.0904541015625,61.865257263183594,56.77133560180664,7.8772807121276855,80.12747192382812,163.86412048339844
2023-11-10,13.870047569274902,168.7068328857422,20.68889045715332,22.409467697143555,30.593778610229492,83.5223617553711,39.43013000488281,119.21125030517578,14.100000381469727,79.5400619506836,77.9800033569336,723.4853515625,26.33626365661621,35.87826919555664,133.9199981689453,51.1905632019043,49.471107482910156,3.5299999713897705,71.13999938964844,58.79853820800781,61.91981887817383,58.11555480957031,7.926761627197266,81.39602661132812,165.51181030273438
2023-11-13,13.728696823120117,168.55078125,20.706499099731445,22.242692947387695,31.13448715209961,83.43502807617188,39.05301284790039,118.1927490234375,13.899999618530273,78.41368865966797,78.55000305175781,719.0252075195312,26.662878036499023,35.305023193359375,133.83999633789062,50.596405029296875,49.36564254760742,3.4700000286102295,71.62000274658203,59.19291687011719,61.22880172729492,58.595638275146484,7.91686487197876,81.49138641357422,165.43472290039062
2023-11-14,14.965514183044434,178.26251220703125,22.564098358154297,23.418903350830078,31.26530647277832,88.52635955810547,40.771949768066406,124.3500747680664,15.170000076293945,80.96379852294922,91.38999938964844,745.3386840820312,26.711994171142578,36.361228942871094,149.13999938964844,53.42794418334961,50.83403778076172,4.230000019073486,79.3499984741211,59.48870086669922,62.92909622192383,59.14554977416992,8.391877174377441,82.89295959472656,165.8683319091797
2023-11-15,15.027356147766113,179.80465698242188,23.00428581237793,24.252779006958008,31.03855323791504,90.1769027709961,41.42093276977539,124.62785339355469,14.9399995803833,80.74752044677734,92.80999755859375,740.569091796875,26.703805923461914,36.4347038269043,152.4199981689453,52.91733932495117,50.27426528930664,4.349999904632568,80.04000091552734,59.11225128173828,62.52900695800781,58.78767395019531,8.263228416442871,82.26367950439453,164.93365478515625
2023-11-16,14.939014434814453,182.7695770263672,23.286006927490234,24.147451400756836,30.541452407836914,90.92793273925781,41.105201721191406,125.13707733154297,14.640000343322754,82.20142364501953,90.66999816894531,739.9716186523438,25.860614776611328,36.26020431518555,154.50999450683594,52.54598617553711,51.466827392578125,4.179999828338623,76.5199966430664,58.48933029174805,63.89289855957031,57.9846305847168,8.28302001953125,82.73085021972656,165.1938018798828
2023-11-17,15.027356147766113,181.5120086669922,22.828208923339844,24.01578712463379,31.056001663208008,90.7532730102539,41.00873565673828,124.56304168701172,15.229999542236328,82.04645538330078,92.86000061035156,734.538330078125,26.53189468383789,35.77342987060547,155.02000427246094,53.260833740234375,52.261863708496094,4.0,78.98999786376953,59.639190673828125,64.07656860351562,58.84003829956055,8.560110092163086,83.41735076904297,164.33627319335938
2023-11-20,15.204044342041016,183.25608825683594,23.10112762451172,23.734901428222656,31.291467666625977,91.19865417480469,40.701786041259766,125.77596282958984,15.6899995803833,81.3992691040039,98.5,743.7361450195312,26.91665267944336,35.89282989501953,159.2899932861328,53.23297882080078,52.88654708862305,3.869999885559082,81.05000305175781,60.372581481933594,63.77350616455078,59.88747787475586,8.688758850097656,84.42800903320312,164.94329833984375
2023-11-21,14.788826942443848,181.32839965820312,22.792997360229492,23.33112907409668,31.169374465942383,90.47380828857422,40.7105598449707,126.11857604980469,15.15999984741211,81.92794799804688,98.31999969482422,747.5101928710938,26.67924690246582,35.70913314819336,158.60000610351562,53.8271484375,53.21104431152344,3.569999933242798,78.91999816894531,60.22770690917969,63.96636962890625,60.18425369262695,8.500733375549316,84.6091537475586,165.43472290039062
2023-11-22,14.939014434814453,182.47584533691406,23.057109832763672,23.62957191467285,30.759485244750977,90.03716278076172,40.91226577758789,126.69261932373047,14.989999771118164,82.365478515625,100.19999694824219,753.22802734375,26.359981536865234,35.690773010253906,159.72000122070312,53.7878303527832,53.293678283691406,3.4800000190734863,78.68000030517578,59.23175811767578,63.91126251220703,59.4335823059082,8.441357612609863,84.5710220336914,165.51181030273438
2023-11-24,14.956682205200195,182.96234130859375,23.171558380126953,23.866567611694336,31.239147186279297,90.45635986328125,41.18413543701172,126.38707733154297,14.84000015258789,82.71186828613281,100.22000122070312,753.8442993164062,26.941205978393555,35.99385452270508,154.3800048828125,53.862709045410156,53.6820182800293,3.4700000286102295,78.08000183105469,59.74784469604492,63.92963409423828,60.03586196899414,8.302812576293945,85.44820404052734,165.74302673339844
2023-11-27,14.939014434814453,184.69720458984375,23.171558380126953,23.12046241760254,31.34379768371582,93.57402801513672,41.14028549194336,127.26667785644531,15.180000305175781,82.88506317138672,97.80000305175781,755.1907958984375,26.842973709106445,35.94792938232422,154.64999389648438,53.89078903198242,54.04557418823242,3.4200000762939453,76.81999969482422,59.584861755371094,64.52659606933594,59.966033935546875,8.51063060760498,85.9249267578125,165.23236083984375
2023-11-28,15.168707847595215,186.54225158691406,23.558921813964844,23.252126693725586,31.34379768371582,97.04975128173828,41.219215393066406,126.75743865966797,14.869999885559082,83.0673599243164,99.0999984741211,755.6649780273438,26.630130767822266,35.9662971496582,155.02000427246094,54.43362045288086,54.285186767578125,3.8399999141693115,76.97000122070312,59.756900787353516,64.7378158569336,60.20171356201172,8.451252937316895,85.15261840820312,163.49794006347656
2023-11-29,15.212878227233887,189.2593536376953,23.699804306030273,23.041046142578125,31.45717430114746,101.28527069091797,40.982425689697266,127.96112060546875,15.399999618530273,82.68452453613281,100.95999908447266,766.46533203125,26.26993179321289,35.259098052978516,155.42999267578125,54.62080764770508,54.45870590209961,3.930000066757202,78.55000305175781,59.62108612060547,64.49903106689453,59.23283386230469,8.758031845092773,84.09429931640625,163.55577087402344
2023-11-30,15.204044342041016,191.64596557617188,23.664140701293945,23.334959030151367,31.649038314819336,102.4205551147461,40.34004592895508,128.49813842773438,15.670000076293945,84.1156005859375,101.0199966430664,772.8184204101562,26.08983039855957,35.36931228637695,157.77999877929688,54.76119613647461,54.541324615478516,4.039999961853027,79.37999725341797,59.57582473754883,65.1878433227539,59.39867401123047,9.064809799194336,84.95240020751953,165.4425048828125
2023-12-01,16.01681137084961,193.19729614257812,24.83218765258789,24.7154598236084,31.37867546081543,103.54711151123047,41.52337646484375,128.3407745361328,15.970000267028809,84.44376373291016,106.5199966430664,781.7412719726562,25.958847045898438,35.8101692199707,160.2899932861328,55.378902435302734,55.22711944580078,4.539999961853027,82.4800033569336,59.24081802368164,65.68376159667969,58.80512619018555,9.114291191101074,85.29566192626953,168.16131591796875
2023-12-04,15.884297370910645,191.60008239746094,24.457698822021484,24.332481384277344,31.03855323791504,103.42483520507812,41.04292678833008,127.56299591064453,16.059999465942383,84.52580261230469,108.87000274658203,779.7594604492188,25.222084045410156,35.571372985839844,159.5399932861328,54.910945892333984,54.706573486328125,4.800000190734863,83.5999984741211,58.751888275146484,65.4633560180664,57.80132293701172,8.926265716552734,85.63888549804688,168.73219299316406
2023-12-05,15.848958969116211,193.14222717285156,23.86029624938965,24.029664993286133,30.77692985534668,103.00566101074219,41.21197509765625,128.4055633544922,16.469999313354492,84.28881072998047,110.0,778.9534912109375,24.73090171813965,35.36012268066406,155.38999938964844,54.49913787841797,54.73136520385742,4.239999771118164,81.9000015258789,58.09095001220703,65.14191436767578,57.024471282958984,8.97574520111084,85.69609832763672,167.45501708984375
2023-12-06,15.848958969116211,193.46348571777344,24.725191116333008,24.40373420715332,30.3931884765625,102.25462341308594,42.04831314086914,125.44266510009766,16.68000030517578,85.6287612915039,106.7699966430664,766.4558715820312,24.37888526916504,36.195919036865234,145.2899932861328,56.342918395996094,55.466732025146484,3.990000009536743,80.66999816894531,57.085941314697266,66.3633804321289,56.59676742553711,8.995537757873535,83.35060119628906,168.30645751953125
2023-12-07,16.05215072631836,193.4267578125,24.44878387451172,25.00046730041504,30.25365447998047,102.73493194580078,42.030517578125,124.10005187988281,16.950000762939453,86.10273742675781,107.16999816894531,768.172119140625,24.845510482788086,36.131622314453125,144.17999267578125,56.01533889770508,56.02859115600586,4.090000152587891,80.19000244140625,57.285133361816406,65.80315399169922,57.181583404541016,8.896576881408691,83.43641662597656,167.2324676513672
2023-12-08,16.096323013305664,189.50718688964844,24.14562225341797,25.08062744140625,30.78564453125,101.36385345458984,42.252952575683594,124.8222885131836,16.365999221801758,86.0389404296875,103.01000213623047,760.263916015625,25.20570945739746,36.0122184753418,145.3800048828125,55.87495422363281,55.747657775878906,4.010000228881836,78.4000015258789,58.072845458984375,65.66539001464844,58.106842041015625,8.896576881408691,83.63664245605469,166.90350341796875
2023-12-11,15.946135520935059,188.72695922851562,24.172372817993164,25.4368839263916,30.637386322021484,100.01023864746094,42.39531326293945,124.7667236328125,16.270000457763672,86.92312622070312,103.55000305175781,755.911376953125,24.81276512145996,36.296939849853516,146.11000061035156,55.884307861328125,55.99553680419922,4.090000152587891,79.6500015258789,57.837440490722656,65.53681945800781,58.07191467285156,8.82730484008789,83.97035217285156,167.7549285888672
2023-12-12,16.087486267089844,188.2220916748047,23.699804306030273,25.04500389099121,30.3147029876709,99.5299301147461,42.39531326293945,124.97042846679688,16.209999084472656,86.89576721191406,99.81999969482422,761.2974243164062,24.665409088134766,36.22346115112305,139.89999389648438,55.706485748291016,55.3180046081543,3.930000066757202,76.18000030517578,57.67445755004883,64.71944427490234,57.88861083984375,8.668967247009277,84.47566986083984,170.86082458496094
2023-12-13,17.07693862915039,193.7205047607422,24.894601821899414,26.265186309814453,30.5501766204834,101.96643829345703,44.01459884643555,126.54447937011719,16.950000762939453,89.40245819091797,107.61000061035156,767.6979370117188,25.25482940673828,37.65624237060547,146.55999755859375,58.50490951538086,57.25971603393555,4.309999942779541,82.61000061035156,58.1452751159668,67.11647033691406,58.534523010253906,8.995537757873535,86.62093353271484,173.25067138671875
2023-12-14,17.341976165771484,194.75778198242188,26.071569442749023,27.42302894592285,31.221702575683594,101.39549255371094,43.73878860473633,124.19017028808594,17.719999313354492,89.61211395263672,120.22000122070312,763.6017456054688,25.860614776611328,34.80906677246094,158.25,58.75761795043945,57.25145721435547,4.789999961853027,96.31999969482422,59.29513931274414,65.66539001464844,59.128089904785156,9.401276588439941,87.59346771240234,170.93821716308594
2023-12-15,17.0946102142334,194.73939514160156,25.63466453552246,26.817384719848633,30.35831069946289,99.8818588256836,43.1337776184082,123.48013305664062,18.18000030517578,88.08075714111328,123.91999816894531,762.1222534179688,25.263011932373047,32.595611572265625,168.6699981689453,57.559627532958984,56.0368537902832,4.710000038146973,97.12000274658203,58.01852035522461,65.07762908935547,58.42106246948242,9.26273250579834,86.56373596191406,168.88702392578125
2023-12-18,16.803077697753906,193.39923095703125,25.340421676635742,26.8441104888916,30.628660202026367,99.51009368896484,42.866859436035156,123.62027740478516,17.65999984741211,88.5729751586914,124.02999877929688,764.0283203125,25.958847045898438,31.64042854309082,165.94000244140625,57.0916633605957,55.48326110839844,4.429999828338623,93.4800033569336,58.58892822265625,65.59192657470703,59.11935806274414,9.292420387268066,85.94398498535156,171.86708068847656
2023-12-19,17.103450775146484,193.6837921142578,25.8219051361084,27.235990524291992,30.872854232788086,100.8998031616211,42.71561050415039,125.6943130493164,17.649999618530273,88.24481964111328,135.32000732421875,767.584228515625,25.917917251586914,32.52212905883789,172.66000366210938,57.62514114379883,56.02859115600586,4.409999847412109,102.23999786376953,59.304195404052734,65.44499206542969,59.26774978637695,9.351797103881836,86.08702850341797,171.04464721679688
2023-12-20,16.228839874267578,193.78475952148438,25.322587966918945,26.835201263427734,30.541452407836914,101.27157592773438,41.97713088989258,124.0126724243164,17.989999771118164,87.21479797363281,128.0,753.3038940429688,25.4512996673584,31.971065521240234,164.60000610351562,56.0059814453125,55.63198471069336,4.159999847412109,94.8499984741211,58.90581512451172,64.00309753417969,58.6567268371582,9.411172866821289,84.40892791748047,170.0577392578125
2023-12-21,16.652891159057617,196.69459533691406,26.018068313598633,27.975231170654297,30.925182342529297,101.43975830078125,41.59455871582031,126.03999328613281,17.93000030517578,87.83464050292969,133.86000061035156,760.1026000976562,25.868799209594727,32.20985794067383,170.0399932861328,55.78135299682617,56.33430862426758,4.409999847412109,97.08000183105469,59.440006256103516,63.70922088623047,59.70418167114258,9.727848052978516,85.76284790039062,171.0736846923828
2023-12-22,16.87375259399414,197.5299072265625,26.000234603881836,28.21570587158203,30.81180763244629,101.64335632324219,41.6390380859375,126.23619079589844,17.969999313354492,88.29041290283203,133.99000549316406,758.2821044921875,25.999784469604492,32.38436508178711,170.38999938964844,55.9217529296875,56.69786071777344,4.519999980926514,96.02999877929688,59.584861755371094,63.77350616455078,59.756553649902344,9.757535934448242,85.77236938476562,171.20912170410156
2023-12-26,17.103450775146484,198.49375915527344,26.196395874023438,28.35820770263672,31.108327865600586,102.31607055664062,41.861473083496094,126.66594696044922,18.114999771118164,88.17192077636719,137.33999633789062,762.51123046875,26.40909767150879,32.632347106933594,171.94000244140625,56.35227584838867,56.920955657958984,4.78000020980835,96.95999908447266,59.85649108886719,63.782684326171875,60.18425369262695,9.866393089294434,86.24909973144531,171.7606201171875
2023-12-27,17.032772064208984,200.51071166992188,25.759490966796875,28.295866012573242,31.1606502532959,102.75865173339844,41.381019592285156,127.16108703613281,18.65999984741211,87.77996063232422,135.6300048828125,765.0997924804688,26.384538650512695,32.52212905883789,172.44000244140625,56.69857406616211,56.582183837890625,4.710000038146973,96.43000030517578,59.87459945678711,63.745948791503906,60.36756134033203,10.33150863647461,86.81163787841797,171.98318481445312
2023-12-28,17.0946102142334,200.91778564453125,25.62574577331543,28.028667449951172,30.81180763244629,102.77635955810547,41.8703727722168,127.17042541503906,18.520000457763672,88.34510040283203,134.7899932861328,771.946044921875,25.83605194091797,32.926246643066406,173.22000122070312,57.110382080078125,56.35909652709961,4.710000038146973,96.7300033569336,59.25891876220703,64.43475341796875,59.10369873046875,10.4403657913208,86.91651153564453,172.3605194091797
2023-12-29,17.006269454956055,199.73353576660156,25.670330047607422,28.04648208618164,30.872854232788086,101.9620132446289,41.816986083984375,125.73167419433594,18.43000030517578,88.4544906616211,132.13999938964844,763.6963500976562,25.901546478271484,32.97216796875,172.27999877929688,56.848323822021484,56.17731857299805,4.5,93.5999984741211,59.57582473754883,64.39802551269531,59.50996398925781,10.380989074707031,85.97260284423828,173.28939819335938
2024-01-02,17.085779190063477,202.4443817138672,25.848655700683594,27.708036422729492,30.96006202697754,103.22779083251953,43.160465240478516,126.33895874023438,17.8700008392334,89.1563491821289,131.24000549316406,768.52294921875,25.770565032958984,33.49568557739258,172.16000366210938,57.62514114379883,56.0368537902832,4.590000152587891,91.69999694824219,59.675411224365234,65.06844329833984,59.67777633666992,10.054417610168457,86.03932189941406,173.78282165527344
2024-01-03,16.723567962646484,198.63253784179688,26.14289665222168,27.342870712280273,31.39612579345703,100.45722198486328,43.089290618896484,124.73204040527344,17.219999313354492,90.04053497314453,122.62999725341797,755.2667236328125,26.302677154541016,33.22933578491211,167.4199981689453,58.01823425292969,56.49956130981445,4.380000114440918,86.44000244140625,60.59892654418945,66.34500122070312,59.713096618652344,9.747639656066895,84.77124786376953,172.73785400390625
2024-01-04,16.670557022094727,199.3449249267578,25.991313934326172,27.11130142211914,31.186813354492188,100.90865325927734,42.8846549987793,123.11576080322266,17.75,89.77619171142578,118.06999969482422,753.7305297851562,26.302677154541016,33.08238983154297,166.30999755859375,57.84040451049805,56.99531936645508,4.289999961853027,82.80000305175781,60.08283996582031,65.85826873779297,60.10171890258789,9.757535934448242,84.5710220336914,172.98944091796875
2024-01-05,16.608720779418945,198.25318908691406,26.42822265625,26.986608505249023,31.42228889465332,100.70506286621094,43.63201904296875,122.22824096679688,18.18000030517578,89.82176971435547,115.38999938964844,747.5764770507812,26.22081184387207,33.34873962402344,166.8699951171875,58.10246658325195,57.24319076538086,4.25,79.58000183105469,59.51243591308594,65.76641845703125,60.25186538696289,9.787224769592285,84.3993911743164,172.00253295898438
2024-01-08,16.847244262695312,199.91856384277344,27.275279998779297,27.520999908447266,30.899017333984375,101.58139038085938,43.60533142089844,124.9095458984375,18.920000076293945,90.59656524658203,116.0,761.6767578125,25.393993377685547,33.69773864746094,166.1300048828125,58.88864517211914,57.15230178833008,4.349999904632568,78.54000091552734,58.50743103027344,66.27155303955078,58.865234375,9.866393089294434,85.62935638427734,172.45729064941406
2024-01-09,16.661727905273438,196.01417541503906,27.35552978515625,27.04005241394043,30.42807388305664,100.69621276855469,42.95582962036133,124.83482360839844,18.510000228881836,90.3230972290039,117.05999755859375,757.3433227539062,25.033794403076172,33.4681282043457,166.91000366210938,58.03695297241211,56.92921447753906,4.199999809265137,77.22000122070312,57.85554885864258,66.00519561767578,57.8318977355957,9.955458641052246,85.41959381103516,172.44760131835938
2024-01-10,16.679393768310547,193.34033203125,27.123701095581055,27.43193244934082,30.262374877929688,100.38642120361328,42.644432067871094,127.5534896850586,18.59000015258789,90.49629211425781,117.54000091552734,762.7481689453125,24.63266372680664,33.65182113647461,162.3300018310547,58.28964614868164,56.9044303894043,4.039999961853027,81.01000213623047,57.10404586791992,65.96847534179688,57.42561721801758,9.807016372680664,86.50653839111328,173.3667755126953
2024-01-11,15.928468704223633,192.1190643310547,26.178564071655273,26.91535758972168,30.183889389038086,99.77566528320312,41.914859771728516,125.18982696533203,18.790000915527344,88.55474853515625,114.29000091552734,759.5716552734375,24.583545684814453,33.256893157958984,160.2899932861328,56.82960891723633,56.425193786621094,3.7200000286102295,77.62000274658203,57.22175598144531,64.82048797607422,57.734745025634766,9.76743221282959,85.79143524169922,173.4054718017578
2024-01-12,16.290681838989258,193.76593017578125,25.69707679748535,26.85301399230957,30.401912689208984,99.76679992675781,42.110599517822266,128.0673370361328,19.190000534057617,89.74884033203125,110.22000122070312,772.8279418945312,24.984676361083984,33.1283073425293,160.44000244140625,57.12909698486328,56.7474365234375,3.440000057220459,74.23999786376953,57.76500701904297,65.59192657470703,58.582618713378906,9.648679733276367,87.6506576538086,175.51475524902344
2024-01-16,15.804784774780273,192.48916625976562,25.48308563232422,27.155832290649414,29.896087646484375,98.1026840209961,41.603450775146484,129.56210327148438,18.549999237060547,89.35688781738281,108.75,776.7156372070312,23.7403564453125,32.788482666015625,149.10000610351562,56.483314514160156,56.23515319824219,3.0399999618530273,72.83000183105469,55.91796875,64.58169555664062,56.94869613647461,9.282524108886719,87.06905364990234,174.90521240234375
2024-01-17,15.37190055847168,189.6210174560547,25.135347366333008,26.72832489013672,29.564685821533203,96.04025268554688,41.078514099121094,126.64726257324219,18.190000534057617,88.26306915283203,105.55000305175781,757.5044555664062,23.396530151367188,32.68745040893555,147.25999450683594,54.53657913208008,54.72310256958008,2.740000009536743,68.22000122070312,55.266075134277344,63.94800567626953,55.800533294677734,9.015329360961914,85.4672622680664,175.58248901367188
2024-01-18,15.354232788085938,188.65879821777344,25.286922454833984,27.01333236694336,29.67806053161621,95.41179656982422,40.46460723876953,125.6943130493164,18.700000762939453,87.37887573242188,106.66000366210938,752.6494750976562,23.322851181030273,32.421104431152344,147.4499969482422,53.956298828125,54.48348617553711,2.4200000762939453,69.2699966430664,55.546749114990234,63.158172607421875,56.49826431274414,9.134082794189453,84.8666000366211,177.55628967285156
2024-01-19,14.921344757080078,188.62179565429688,25.286922454833984,27.583343505859375,29.521074295043945,95.57112121582031,40.32225036621094,128.3102264404297,18.959999084472656,87.10542297363281,103.58999633789062,761.1362915039062,23.191869735717773,32.182308197021484,145.9199981689453,53.59128952026367,54.62395095825195,2.680000066757202,69.11000061035156,55.32946014404297,63.323490142822266,56.4011116027832,9.114291191101074,85.66749572753906,178.46580505371094
2024-01-22,14.824165344238281,188.7605743408203,25.331504821777344,27.28052520751953,29.86992645263672,96.2704086303711,40.099822998046875,131.3372039794922,18.459999084472656,86.64966583251953,107.1500015258789,760.738037109375,22.97083854675293,32.01698684692383,149.91000366210938,53.20755386352539,54.8470458984375,2.8399999141693115,71.8499984741211,55.3928337097168,63.20409393310547,55.87118911743164,9.20335578918457,84.79985809326172,178.91087341308594
2024-01-23,14.850666999816895,187.13218688964844,25.465251922607422,27.5388126373291,29.86992645263672,95.55341339111328,39.85959243774414,129.87973022460938,18.739999771118164,87.15100860595703,111.30000305175781,757.6372680664062,23.09363555908203,31.91596221923828,151.4600067138672,53.70359802246094,55.111446380615234,3.7200000286102295,71.83999633789062,55.36566925048828,63.213287353515625,55.880027770996094,9.252836227416992,83.9608154296875,179.5204315185547
2024-01-24,14.576800346374512,182.04354858398438,25.08184242248535,27.298336029052734,30.140281677246094,93.43788146972656,39.281280517578125,128.8614501953125,18.56999969482422,86.17566680908203,108.06999969482422,754.0528564453125,23.339223861694336,31.300600051879883,148.8699951171875,53.357303619384766,54.7644157409668,3.4800000190734863,70.19999694824219,55.64634704589844,62.63469314575195,56.736724853515625,9.341900825500488,83.07411193847656,177.83688354492188
2024-01-25,15.133371353149414,185.2355499267578,25.215591430664062,28.144454956054688,30.654830932617188,98.08499145507812,40.20658874511719,132.84132385253906,18.441999435424805,87.26039123535156,106.83000183105469,773.1029052734375,23.6175594329834,32.05372619628906,149.22999572753906,54.265159606933594,55.00403594970703,3.4000000953674316,70.44000244140625,56.57891845703125,63.589820861816406,57.3284797668457,9.411172866821289,83.15992736816406,179.09471130371094
2024-01-26,15.151039123535156,182.533935546875,24.948097229003906,27.78819465637207,31.073442459106445,96.12876892089844,40.535789489746094,133.78494262695312,18.5,87.38800048828125,105.37000274658203,768.9970703125,23.887712478637695,32.15475845336914,147.8300018310547,54.733123779296875,55.541099548339844,3.4000000953674316,68.83999633789062,57.19458770751953,63.470436096191406,57.884883880615234,9.440861701965332,83.32200622558594,179.78167724609375
2024-01-29,15.265887260437012,184.21783447265625,25.456336975097656,28.295866012573242,31.073442459106445,96.43856811523438,40.42012405395508,136.37281799316406,19.200000762939453,87.29683685302734,109.16999816894531,788.7012329101562,23.781286239624023,32.411922454833984,149.3000030517578,55.7532844543457,55.797237396240234,3.7899999618530273,71.25,57.41189193725586,63.543914794921875,57.893714904785156,9.450757026672363,83.11223602294922,179.33660888671875
2024-01-30,14.992018699645996,180.933349609375,25.162094116210938,28.4561824798584,31.300189971923828,95.5799789428711,40.69593811035156,134.73788452148438,18.290000915527344,87.07807159423828,106.3499984741211,798.0130615234375,24.116928100585938,32.19148635864258,149.02999877929688,55.48186111450195,55.78071975708008,3.7300000190734863,69.16000366210938,57.84648513793945,63.5989990234375,58.29999923706055,9.282524108886719,82.8834228515625,181.0395050048828
2024-01-31,14.887592315673828,181.0166015625,24.894601821899414,27.957416534423828,30.61122703552246,95.81896209716797,40.67814254760742,131.22506713867188,18.530000686645508,87.35153198242188,104.12999725341797,786.8143920898438,23.470205307006836,31.971065521240234,146.3000030517578,54.87350845336914,55.797237396240234,4.449999809265137,66.5,56.95918655395508,63.84697723388672,57.56693649291992,9.213252067565918,82.48296356201172,179.60752868652344
2024-02-01,15.31601333618164,183.5516815185547,25.07293128967285,28.35820770263672,30.637386322021484,98.3062744140625,41.532283782958984,134.39222717285156,19.239999771118164,89.13811492919922,105.44000244140625,802.5171508789062,23.658491134643555,32.1639404296875,147.88999938964844,55.9217529296875,56.66481018066406,4.699999809265137,69.2699966430664,58.01852035522461,64.74700164794922,57.805397033691406,9.252836227416992,84.1229019165039,182.3070068359375
2024-02-02,15.191054344177246,179.0366668701172,24.199119567871094,27.957416534423828,30.210046768188477,95.88093566894531,40.60696792602539,134.9901580810547,18.530000686645508,87.70703125,101.76000213623047,799.80517578125,23.20005989074707,31.548572540283203,141.82000732421875,54.42426300048828,55.260162353515625,4.659999847412109,68.0,57.31230163574219,63.04796600341797,56.85154342651367,9.173667907714844,83.83686828613281,182.10385131835938
2024-02-05,14.735858917236328,175.29881286621094,23.093488693237305,27.69913101196289,29.861204147338867,93.46443176269531,39.761722564697266,134.8126220703125,18.18000030517578,86.82286071777344,97.80000305175781,793.110595703125,23.331039428710938,30.878114700317383,139.8000030517578,52.383941650390625,55.23538589477539,4.349999904632568,65.66999816894531,57.02256774902344,61.69792175292969,56.40993881225586,8.866888999938965,82.48296356201172,182.09413146972656
2024-02-06,14.726933479309082,177.33425903320312,23.78896713256836,28.010854721069336,31.736251831054688,95.29673767089844,40.11762237548828,134.77523803710938,18.59000015258789,86.64966583251953,100.51000213623047,794.6277465820312,23.895896911621094,31.14447021484375,141.11000061035156,52.627281188964844,55.00403594970703,4.489999771118164,67.37999725341797,57.62919235229492,61.89997482299805,57.45212173461914,8.896576881408691,82.50203704833984,183.07139587402344
2024-02-07,14.566276550292969,179.13844299316406,23.55714225769043,27.601160049438477,31.544382095336914,94.59745025634766,39.58378219604492,135.90570068359375,18.139999389648438,87.05072021484375,117.51000213623047,802.8964233398438,22.17676544189453,31.318965911865234,145.4600067138672,52.767677307128906,54.913143157958984,4.21999979019165,76.18000030517578,57.54771041870117,61.4866943359375,55.68571853637695,9.510133743286133,82.72132873535156,183.81637573242188
2024-02-08,14.459173202514648,179.15695190429688,22.647668838500977,27.38740348815918,31.579267501831055,95.15510559082031,39.30796432495117,137.3911590576172,18.43000030517578,84.45287322998047,116.87999725341797,811.0512084960938,21.587350845336914,30.997514724731445,143.1699981689453,52.683433532714844,53.60764694213867,4.190000057220459,75.51000213623047,57.54771041870117,61.477508544921875,56.692569732666016,9.302316665649414,82.93109130859375,183.34230041503906
2024-02-09,14.69123363494873,179.8970947265625,22.736833572387695,27.74365997314453,31.7100887298584,95.95174407958984,39.770626068115234,137.5125732421875,18.90999984741211,83.57781219482422,122.47000122070312,811.4588012695312,21.448183059692383,31.080177307128906,151.5,52.95486068725586,53.06232833862305,4.329999923706055,77.76000213623047,57.71067810058594,61.4499626159668,56.798545837402344,9.173667907714844,83.57943725585938,182.73272705078125
2024-02-12,15.066100120544434,177.42681884765625,23.173736572265625,28.144454956054688,31.771135330200195,95.76586151123047,40.2332763671875,134.34548950195312,19.1200008392334,84.45287322998047,128.89999389648438,805.9780883789062,21.587350845336914,31.576129913330078,157.22000122070312,53.862709045410156,53.359779357910156,4.570000171661377,83.30000305175781,58.08189392089844,62.73571014404297,57.08116912841797,9.193459510803223,83.47456359863281,182.15219116210938
2024-02-13,14.28066349029541,174.3273468017578,22.344507217407227,26.452224731445312,31.431011199951172,93.1457748413086,39.46812438964844,132.82264709472656,19.079999923706055,83.50489807128906,123.55999755859375,789.5736694335938,20.96518898010254,31.40163230895996,152.33999633789062,51.7100715637207,52.632667541503906,4.170000076293945,76.55000305175781,57.42095184326172,62.00099182128906,56.90453338623047,8.84709644317627,83.20758819580078,193.01788330078125
2024-02-14,14.405618667602539,174.39212036132812,22.46042251586914,27.307247161865234,31.186813354492188,93.65030670166016,39.9129753112793,132.87872314453125,19.38800048828125,83.25878143310547,131.6199951171875,789.6969604492188,20.999130249023438,31.337331771850586,158.24000549316406,52.4213752746582,52.89706802368164,4.230000019073486,82.61000061035156,57.43000030517578,62.276512145996094,57.08116912841797,8.965849876403809,89.02365112304688,192.69857788085938
2024-02-15,14.976847648620605,175.28958129882812,22.94190788269043,28.35820770263672,31.43931770324707,95.58882141113281,40.473506927490234,138.83924865722656,19.489999771118164,85.14401245117188,136.38999938964844,829.6744384765625,21.355480194091797,32.01698684692383,159.77999877929688,53.600650787353516,53.54155349731445,4.019999980926514,86.94000244140625,58.197052001953125,61.37649154663086,57.407955169677734,9.015329360961914,89.37640380859375,192.6502227783203
2024-02-16,14.96792221069336,173.1338348388672,22.59416961669922,28.30476951599121,31.298059463500977,95.79241943359375,40.802703857421875,127.26386260986328,19.100000381469727,84.70149993896484,131.8699951171875,811.904541015625,21.601526260375977,32.06291198730469,156.97999572753906,53.37601852416992,53.78116989135742,3.9600000381469727,85.05999755859375,58.18790054321289,61.701332092285156,56.92219543457031,8.906473159790039,88.7947998046875,195.00132751464844
2024-02-20,14.655532836914062,174.308837890625,22.273178100585938,28.36711311340332,31.23625946044922,96.41203308105469,40.348941802978516,126.18014526367188,18.709999084472656,84.7568359375,127.55000305175781,810.4916381835938,21.16033363342285,31.897586822509766,153.25,52.98293685913086,55.11970901489258,3.7300000190734863,84.41999816894531,58.233665466308594,62.221073150634766,55.87118911743164,8.69865608215332,88.48970031738281,195.24322509765625
2024-02-21,14.771560668945312,174.14231872558594,22.37125587463379,28.349302291870117,31.518779754638672,95.32327270507812,41.18528366088867,126.61923217773438,18.979999542236328,85.72479248046875,126.23999786376953,819.9645385742188,21.728796005249023,33.256893157958984,150.02999877929688,53.44153594970703,55.09492111206055,3.4100000858306885,74.13999938964844,58.929317474365234,62.86147689819336,56.604244232177734,8.777824401855469,89.86266326904297,197.60406494140625
2024-02-22,14.28066349029541,173.94802856445312,22.166179656982422,27.414121627807617,31.333375930786133,95.57112121582031,40.57137680053711,129.28184509277344,18.59000015258789,84.93197631835938,123.44000244140625,835.2215576171875,21.61849594116211,33.09156799316406,144.72999572753906,53.039085388183594,54.5578498840332,3.130000114440918,69.93000030517578,58.700477600097656,62.44382858276367,56.64841079711914,8.659071922302246,90.03541564941406,200.51641845703125
2024-02-23,14.28066349029541,175.72442626953125,21.87194061279297,27.27161979675293,31.23625946044922,96.20844268798828,42.5821533203125,128.77732849121094,18.149999618530273,85.48509979248047,118.19000244140625,836.615478515625,21.389415740966797,33.18341064453125,142.88999938964844,53.14204406738281,55.06187057495117,3.009999990463257,67.3499984741211,58.51742172241211,62.82434844970703,56.975189208984375,8.441357612609863,89.64196014404297,201.30014038085938
2024-02-26,13.879021644592285,173.67971801757812,21.497453689575195,25.971275329589844,31.183284759521484,93.76538848876953,41.42551040649414,128.8894805908203,18.25,83.56761932373047,119.83999633789062,832.187255859375,21.007614135742188,32.72419357299805,144.5800018310547,52.088924407958984,54.25213623046875,3.0399999618530273,67.08000183105469,58.01398849487305,61.487857818603516,56.78971862792969,8.609590530395508,88.15448760986328,200.72930908203125
2024-02-27,13.477376937866211,172.71751403808594,21.613365173339844,25.383445739746094,31.271570205688477,93.50869750976562,42.519866943359375,129.14169311523438,18.389999389648438,83.75198364257812,121.11000061035156,831.8917846679688,21.109424591064453,33.256893157958984,144.99000549316406,52.476173400878906,54.8470458984375,3.549999952316284,69.33999633789062,58.03229904174805,61.68275833129883,57.00168228149414,8.7184476852417,88.40399932861328,201.03892517089844
2024-02-28,13.441675186157227,179.2679443359375,21.31927490234375,24.97235870361328,30.865449905395508,96.10222625732422,43.01810836791992,133.34584045410156,17.8799991607666,83.65057373046875,119.0999984741211,849.8246459960938,21.11791229248047,32.88032150268555,149.25,51.98503494262695,54.599159240722656,3.430000066757202,65.55999755859375,57.28171920776367,62.00759506225586,56.4541015625,8.837200164794922,88.15448760986328,200.53575134277344
2024-02-29,13.566631317138672,183.98651123046875,21.46405601501465,25.73128890991211,30.891935348510742,97.31489562988281,43.15163803100586,137.1575927734375,18.799999237060547,84.65542602539062,127.01000213623047,846.9183959960938,20.888830184936523,32.91706085205078,153.88999938964844,52.126708984375,55.078399658203125,3.5299999713897705,67.16999816894531,57.510555267333984,62.41597366333008,56.58658218383789,9.143978118896484,88.44236755371094,198.97801208496094
2024-03-01,13.807616233825684,186.6696014404297,22.070331573486328,26.219173431396484,31.465805053710938,98.3062744140625,40.40898132324219,140.69842529296875,18.770000457763672,83.7612075805664,129.66000366210938,858.0762939453125,21.279115676879883,32.944915771484375,158.0500030517578,52.145599365234375,54.97098159790039,3.890000104904175,67.87999725341797,58.17875289916992,62.05400848388672,56.96635818481445,9.450757026672363,88.97978973388672,199.1134490966797
2024-03-04,14.343140602111816,190.73126220703125,21.663131713867188,25.902950286865234,31.492294311523438,99.84646606445312,42.13216781616211,143.6039276123047,17.920000076293945,85.19932556152344,123.97000122070312,870.5873413085938,21.13488006591797,33.604000091552734,156.6999969482422,51.91892623901367,55.75593185424805,3.859999895095825,67.05999755859375,57.52885818481445,63.29770278930664,56.81621551513672,9.411172866821289,89.63235473632812,200.09068298339844
2024-03-05,14.414545059204102,190.05587768554688,21.663131713867188,25.86681365966797,31.607067108154297,98.7577133178711,41.59085464477539,140.3713836669922,17.655000686645508,85.44823455810547,125.08999633789062,853.3311767578125,21.54213523864746,33.66897964477539,159.05999755859375,52.32505798339844,55.9790153503418,3.630000114440918,67.61000061035156,57.54716110229492,63.09351348876953,56.66606903076172,9.292420387268066,87.85697937011719,200.15841674804688
2024-03-06,14.477023124694824,190.6017303466797,21.907455444335938,26.020402908325195,32.15444564819336,99.20030212402344,42.493038177490234,139.96031188964844,18.31999969482422,86.72042083740234,125.36000061035156,863.8983764648438,21.85606575012207,34.040287017822266,158.4199981689453,52.447837829589844,56.5326042175293,4.019999980926514,70.36000061035156,58.44419479370117,63.65036392211914,57.61991882324219,9.361692428588867,88.35600280761719,201.17434692382812
2024-03-07,14.423471450805664,189.41746520996094,22.975229263305664,27.222042083740234,32.16328430175781,98.7931137084961,43.29598617553711,141.54856872558594,18.1299991607666,87.09837341308594,129.69000244140625,863.3456420898438,21.940906524658203,34.18881607055664,160.35000610351562,53.12787628173828,56.780487060546875,3.9000000953674316,75.26000213623047,58.810325622558594,64.272216796875,57.98204040527344,9.500238418579102,88.32720947265625,200.53575134277344
2024-03-08,14.503799438476562,191.80450439453125,22.85759162902832,27.42984390258789,32.14562225341797,99.95269012451172,43.30501174926758,139.6520233154297,18.1299991607666,87.52243041992188,130.27999877929688,867.1952514648438,22.271800994873047,34.30949401855469,161.35000610351562,54.601287841796875,56.84659194946289,4.019999980926514,75.72000122070312,58.8744010925293,64.04946899414062,58.10567855834961,9.351797103881836,88.28883361816406,201.0098876953125
2024-03-11,14.628755569458008,191.286376953125,22.83949089050293,27.176864624023438,32.21625518798828,99.36847686767578,42.980220794677734,135.93373107910156,17.790000915527344,88.35211181640625,128.69000244140625,851.4349975585938,21.957876205444336,34.52300262451172,162.16000366210938,54.657958984375,56.67306900024414,3.6600000858306885,74.48999786376953,58.84693908691406,64.76410675048828,58.37947463989258,9.411172866821289,88.96058654785156,202.490234375
2024-03-12,14.227110862731934,188.9085693359375,22.215116500854492,26.905820846557617,32.357521057128906,98.22661590576172,42.3847770690918,136.61570739746094,17.309999465942383,87.58697509765625,121.0,850.7203369140625,21.81363868713379,34.35590744018555,159.3800048828125,53.97792434692383,55.76418685913086,3.5399999618530273,72.13999938964844,59.04832077026367,64.36502838134766,58.52961349487305,9.381484985351562,89.1141357421875,202.98367309570312
2024-03-13,14.057527542114258,187.21548461914062,21.925552368164062,26.788368225097656,32.949039459228516,97.44767761230469,43.368167877197266,134.46693420410156,16.850000381469727,88.03868103027344,118.16999816894531,826.34619140625,22.212411880493164,34.337345123291016,158.0399932861328,56.23527145385742,55.855079650878906,3.359999895095825,67.8499984741211,60.14670944213867,64.9126205444336,59.8720817565918,9.282524108886719,88.94139862060547,204.15443420410156
2024-03-14,13.414897918701172,184.29185485839844,21.572643280029297,26.083650588989258,33.0991325378418,95.35100555419922,42.953155517578125,134.5611572265625,17.049999237060547,87.62384796142578,110.41000366210938,823.9544677734375,22.297258377075195,33.94746398925781,149.38999938964844,56.23527145385742,55.731136322021484,3.3399999141693115,64.56999969482422,60.210792541503906,64.39286804199219,60.11937713623047,9.26273250579834,88.00093078613281,204.2126922607422
2024-03-15,13.397047996520996,182.58018493652344,21.572643280029297,26.598636627197266,33.0991325378418,94.97388458251953,43.16066360473633,132.72381591796875,16.860000610351562,87.3104019165039,107.7300033569336,810.3001708984375,22.28028678894043,33.863914489746094,147.4199981689453,56.74530029296875,56.094688415527344,3.3299999237060547,61.560001373291016,60.284019470214844,64.12371826171875,60.1458740234375,8.995537757873535,87.66504669189453,204.42633056640625
2024-03-18,13.281017303466797,181.25717163085938,21.1473445892334,26.31855583190918,33.36399459838867,93.69880676269531,43.76512145996094,133.99583435058594,17.149999618530273,87.52243041992188,111.19000244140625,820.076416015625,22.594213485717773,33.97530746459961,149.47999572753906,56.830299377441406,55.532833099365234,3.25,62.70000076293945,60.540313720703125,64.42999267578125,60.869876861572266,9.124187469482422,88.57673645019531,205.53326416015625
2024-03-19,13.870095252990723,181.9232940673828,21.138296127319336,26.31855583190918,33.408138275146484,93.88739013671875,43.76512145996094,133.552978515625,17.239999771118164,87.70681762695312,109.16000366210938,804.7639770507812,22.44149398803711,34.170249938964844,147.47999572753906,57.8692512512207,55.59893798828125,3.25,62.25,60.84236526489258,65.1632080078125,61.138031005859375,9.22314739227295,89.88186645507812,205.93141174316406
2024-03-20,13.870095252990723,180.07290649414062,21.7083797454834,26.707054138183594,33.4522819519043,93.85147857666016,43.449363708496094,132.75205993652344,17.979999542236328,87.95572662353516,113.69999694824219,785.99267578125,22.755420684814453,33.93818283081055,151.02000427246094,58.747623443603516,56.62349319458008,3.5199999809265137,65.44999694824219,61.263423919677734,65.1817626953125,61.84415817260742,9.401276588439941,89.23888397216797,205.7177734375
2024-03-21,14.066454887390137,179.4344940185547,21.71742820739746,26.905820846557617,33.311031341552734,93.07925415039062,43.756103515625,131.9228973388672,17.790000915527344,87.5408706665039,115.37999725341797,773.3768310546875,22.67057228088379,34.37446975708008,152.67999267578125,57.954246520996094,56.119476318359375,3.5899999141693115,66.7300033569336,61.19020080566406,64.87548828125,60.798377990722656,9.39138126373291,89.3444595336914,206.27122497558594
2024-03-22,14.494874954223633,178.37051391601562,21.934602737426758,26.571531295776367,33.37281799316406,92.30703735351562,43.593711853027344,130.50953674316406,18.309999465942383,87.21823120117188,114.61000061035156,763.2098999023438,22.74693489074707,34.068138122558594,153.30999755859375,58.35093307495117,56.185585021972656,3.4100000858306885,64.69999694824219,61.2542724609375,64.78268432617188,60.63747787475586,9.559614181518555,88.36560821533203,205.64007568359375
2024-03-25,14.682308197021484,180.933349609375,21.916505813598633,26.44504165649414,33.778953552246094,92.95353698730469,43.53055953979492,129.86880493164062,18.229999542236328,87.43024444580078,111.05000305175781,755.1582641601562,23.069347381591797,34.20738220214844,154.77000427246094,59.13486862182617,56.169063568115234,3.3299999237060547,64.0199966430664,61.71194839477539,64.74555969238281,61.039703369140625,9.480445861816406,87.58827209472656,205.63037109375
2024-03-26,14.851888656616211,179.58255004882812,21.690279006958008,26.770296096801758,33.16976547241211,91.52584838867188,42.1141242980957,131.0089111328125,18.079999923706055,86.35165405273438,109.3499984741211,762.3523559570312,22.594213485717773,33.93818283081055,153.16000366210938,58.020362854003906,55.48326110839844,3.2200000286102295,63.43000030517578,61.10782241821289,64.29078674316406,60.4676628112793,9.322108268737793,87.3387680053711,205.63037109375
2024-03-27,15.396340370178223,182.61721801757812,22.097484588623047,27.086519241333008,33.0726432800293,94.81224822998047,43.77414321899414,135.4374542236328,18.700000762939453,88.58258819580078,119.80000305175781,776.8738403320312,22.82329750061035,34.6343994140625,167.4499969482422,60.2493782043457,56.04512023925781,3.430000066757202,69.69000244140625,61.10782241821289,65.94283294677734,61.15590286254883,9.22314739227295,89.05655670166016,207.76658630371094
2024-03-28,16.003267288208008,182.81149291992188,22.233217239379883,28.197803497314453,33.26688003540039,95.02776336669922,44.37861633300781,135.72010803222656,18.635000228881836,89.1541519165039,120.9800033569336,786.4214477539062,22.933595657348633,34.87574768066406,168.8000030517578,60.36271286010742,56.36735916137695,3.440000057220459,70.9800033569336,61.36412048339844,66.5832290649414,61.52238082885742,9.134082794189453,89.6707534790039,206.9703369140625
2024-04-01,16.128225326538086,178.5740509033203,22.215116500854492,27.46598243713379,33.49642562866211,93.61800384521484,44.35154342651367,133.71316528320312,18.639999389648438,88.56414794921875,118.29000091552734,762.3333129882812,23.11176872253418,34.56013488769531,171.8699951171875,59.862125396728516,56.04512023925781,3.440000057220459,70.95999908447266,62.16959762573242,65.98922729492188,62.33575439453125,9.134082794189453,88.27922821044922,206.73733520507812
2024-04-02,15.905086517333984,177.80613708496094,22.48658561706543,26.679950714111328,34.12327194213867,92.3519287109375,43.95458221435547,131.72500610351562,18.059999465942383,88.99744415283203,113.55000305175781,755.30126953125,23.46811866760254,34.885032653808594,167.1699981689453,59.38988494873047,56.20210266113281,3.140000104904175,66.88999938964844,63.85383224487305,66.21197509765625,64.08766174316406,8.837200164794922,87.30997467041016,204.98951721191406
2024-04-03,15.976491928100586,177.92642211914062,21.907455444335938,26.219173431396484,34.264530181884766,91.7413330078125,43.87337875366211,132.507080078125,18.34000015258789,88.47196197509766,118.5999984741211,751.7183837890625,23.654775619506836,34.54156494140625,166.72999572753906,59.07819366455078,56.317787170410156,3.2300000190734863,68.38999938964844,64.1558837890625,65.87786102294922,64.53458404541016,8.797616004943848,87.58827209472656,204.31951904296875
2024-04-04,16.190702438354492,176.06675720214844,21.952701568603516,25.704185485839844,33.90255355834961,90.9691162109375,43.89143371582031,131.8004150390625,18.700000762939453,88.61024475097656,120.77999877929688,744.2194213867188,23.688716888427734,34.550846099853516,171.4600067138672,60.19270324707031,56.35909652709961,3.1500000953674316,68.7699966430664,64.3023452758789,65.01470947265625,64.85636901855469,8.629383087158203,86.79176330566406,201.08604431152344
2024-04-05,16.13715171813965,175.94647216796875,21.74457359313965,26.056543350219727,34.13209533691406,90.49322509765625,43.819252014160156,134.36329650878906,18.469999313354492,88.41666412353516,112.2699966430664,747.4306030273438,23.8753719329834,34.66224670410156,174.60000610351562,60.61772155761719,54.80573272705078,3.140000104904175,66.69000244140625,65.25428009033203,64.88477325439453,65.13345336914062,8.609590530395508,88.05851745605469,200.93067932128906
2024-04-08,16.33350944519043,174.13308715820312,22.151777267456055,26.436012268066406,34.35281753540039,89.96343231201172,44.00871276855469,135.060546875,18.725000381469727,88.78540802001953,115.23999786376953,751.0324096679688,23.756587982177734,35.07068634033203,179.22000122070312,61.259986877441406,54.995765686035156,3.119999885559082,66.94999694824219,65.73941802978516,65.02398681640625,65.84851837158203,8.738240242004395,88.0873031616211,200.70736694335938
2024-04-09,16.3245849609375,178.3890380859375,22.169876098632812,26.408903121948242,34.688316345214844,91.58868408203125,44.70340347290039,137.453857421875,19.200000762939453,89.71649169921875,121.9800033569336,763.4672241210938,23.612354278564453,35.15423583984375,184.6999969482422,61.75111770629883,55.16927719116211,3.25,72.08999633789062,65.75772857666016,65.51588439941406,65.27645111083984,8.837200164794922,88.28883361816406,200.4937286376953
2024-04-10,15.780136108398438,168.35052490234375,21.138296127319336,25.008501052856445,34.8030891418457,87.72760009765625,44.026756286621094,133.23260498046875,18.260000228881836,87.95572662353516,119.5999984741211,739.3883666992188,23.824466705322266,34.2630729675293,185.2899932861328,60.4571647644043,53.599395751953125,3.069999933242798,70.69999694824219,66.49915313720703,64.75482940673828,65.57142639160156,8.451252937316895,86.56143951416016,202.1638641357422
2024-04-11,15.905086517333984,166.76353454589844,20.97541618347168,24.6200008392334,35.00615310668945,87.17088317871094,44.225242614746094,134.9569091796875,18.690000534057617,87.8450927734375,121.69999694824219,737.3397827148438,23.943248748779297,34.16096496582031,184.44000244140625,60.39104080200195,53.425880432128906,2.9600000381469727,70.26000213623047,66.50831604003906,64.57850646972656,65.2049560546875,8.570006370544434,86.72457885742188,199.96937561035156
2024-04-12,15.039322853088379,167.2863006591797,20.242454528808594,23.346084594726562,34.82074737548828,86.83865356445312,44.12600326538086,134.25965881347656,19.100000381469727,87.48556518554688,117.0199966430664,728.0304565429688,23.943248748779297,33.863914489746094,182.47999572753906,59.578773498535156,53.70680236816406,2.890000104904175,65.3499984741211,66.30693817138672,63.789608001708984,64.79379272460938,8.322604179382324,86.16797637939453,199.41592407226562
2024-04-15,14.423471450805664,166.27810668945312,19.925737380981445,22.93951416015625,34.494083404541016,85.88684844970703,43.23283767700195,130.55665588378906,18.6299991607666,86.77571868896484,112.47000122070312,709.0303955078125,23.569931030273438,33.66897964477539,175.9600067138672,59.267093658447266,53.30194091796875,2.8499999046325684,60.439998626708984,65.84925842285156,63.47403335571289,64.50776672363281,8.31270694732666,85.50580596923828,199.40621948242188
2024-04-16,14.200336456298828,160.7610321044922,19.518537521362305,22.63233184814453,34.10561752319336,84.36935424804688,42.27651596069336,128.54966735839844,18.25,85.61416625976562,110.47000122070312,707.1533203125,23.561445236206055,33.18626403808594,173.0800018310547,58.27537536621094,52.483943939208984,2.700000047683716,59.52000045776367,65.04374694824219,62.89860534667969,64.1323471069336,8.31270694732666,84.74766540527344,199.03720092773438
2024-04-17,14.405618667602539,160.5836639404297,19.744760513305664,23.093107223510742,33.87606430053711,83.5522232055664,43.593711853027344,127.90896606445312,17.920000076293945,87.1168212890625,112.05000305175781,699.9306030273438,23.120248794555664,33.8082160949707,178.00999450683594,60.2493782043457,53.3680419921875,2.7300000190734863,59.7400016784668,65.11698913574219,64.78268432617188,64.1323471069336,8.273122787475586,86.08159637451172,200.1732940673828
2024-04-18,14.521651268005371,159.6314697265625,20.052427291870117,23.74361801147461,33.4787712097168,84.73748779296875,43.819252014160156,128.76641845703125,18.466999053955078,88.43509674072266,109.16999816894531,704.9713134765625,23.103282928466797,34.04957580566406,174.2899932861328,60.4571647644043,54.07036209106445,2.7100000381469727,57.38999938964844,65.01630401611328,65.49732971191406,63.31004333496094,8.203851699829102,87.1468276977539,199.12464904785156
2024-04-19,14.637681007385254,159.9115447998047,20.215307235717773,24.538684844970703,34.00849914550781,85.48277282714844,44.96503829956055,128.9265594482422,18.260000228881836,90.56461334228516,106.4800033569336,712.737060546875,23.171157836914062,34.857181549072266,175.0399932861328,60.73106384277344,54.020782470703125,2.569999933242798,55.79999923706055,65.96826171875,66.96376037597656,64.40052795410156,8.253332138061523,87.6362533569336,201.06661987304688
2024-04-22,14.905445098876953,160.8450469970703,20.712995529174805,25.080780029296875,34.35281753540039,85.37501525878906,45.67776870727539,128.01260375976562,18.079999923706055,90.45398712158203,110.51000213623047,719.1593627929688,23.0184383392334,34.96857452392578,176.27999877929688,61.685001373291016,54.409122467041016,2.490000009536743,54.5099983215332,66.26114654541016,67.73410034179688,64.8831787109375,8.570006370544434,87.91455841064453,201.51329040527344
2024-04-23,15.28923511505127,162.60003662109375,21.2830810546875,25.17112922668457,34.688316345214844,85.7252197265625,45.713844299316406,130.5283660888672,18.559999465942383,90.52774047851562,113.4800033569336,725.9818115234375,23.00995635986328,34.8664665222168,180.10000610351562,62.52560043334961,55.22711944580078,2.5899999141693115,56.77000045776367,66.6089859008789,67.98469543457031,65.22283935546875,8.72834300994873,89.18130493164062,202.72706604003906
2024-04-24,15.503446578979492,161.82522583007812,21.264982223510742,25.053674697875977,34.73245620727539,85.69827270507812,46.21907424926758,132.4882354736328,18.280000686645508,91.2283706665039,107.16999816894531,721.160400390625,22.992982864379883,35.061405181884766,177.47999572753906,62.86561584472656,55.210594177246094,2.4100000858306885,57.86000061035156,66.93850708007812,68.59725952148438,65.01725006103516,8.520525932312012,89.92025756835938,204.32920837402344
2024-04-25,15.28923511505127,161.40513610839844,21.074953079223633,24.71938133239746,34.979671478271484,84.59382629394531,45.9845085144043,133.3174285888672,18.299999237060547,91.29288482666016,107.83000183105469,703.5419311523438,23.629322052001953,34.95929718017578,175.02000427246094,63.18675231933594,55.1610221862793,2.380000114440918,56.61000061035156,67.06666564941406,69.02418518066406,65.92001342773438,8.431462287902832,90.20813751220703,206.5334014892578
2024-04-26,15.360637664794922,160.27560424804688,21.09305191040039,24.52061653137207,34.84723663330078,84.02813720703125,45.51537322998047,134.57998657226562,18.579999923706055,90.07601165771484,111.93000030517578,697.1196899414062,23.493572235107422,34.6436767578125,178.72999572753906,62.327247619628906,54.78920364379883,2.4100000858306885,58.20000076293945,67.06666564941406,67.94757080078125,66.64402770996094,8.649174690246582,90.53443145751953,204.00880432128906
2024-04-29,15.940790176391602,163.35621643066406,21.391666412353516,24.466411590576172,34.84723663330078,85.59052276611328,46.13787841796875,134.11830139160156,18.780000686645508,91.01632690429688,113.8499984741211,692.0980834960938,23.0014705657959,35.014991760253906,180.8300018310547,63.67789077758789,55.458473205566406,2.4000000953674316,60.0099983215332,66.92935943603516,69.0427474975586,66.57252502441406,8.7184476852417,91.91633605957031,205.9993438720703
2024-04-30,16.132761001586914,160.1542510986328,21.029705047607422,24.27667808532715,34.22921371459961,84.20771789550781,45.993526458740234,130.76394653320312,18.3700008392334,90.58304595947266,108.76000213623047,677.586181640625,22.560277938842773,34.885032653808594,176.3000030517578,63.25286865234375,55.070133209228516,2.309999942779541,58.650001525878906,65.59296417236328,68.21671295166016,64.77591705322266,8.777824401855469,91.43651580810547,201.9890899658203
2024-05-01,16.376108169555664,165.08322143554688,23.26479148864746,24.872976303100586,33.74363327026367,85.50971984863281,46.14691162109375,130.0195770263672,18.31999969482422,91.98429107666016,105.16000366210938,662.550048828125,22.44149398803711,35.12639236450195,177.5800018310547,64.80184173583984,55.458473205566406,2.299999952316284,58.099998474121094,64.94307708740234,69.16339111328125,64.0698013305664,8.797616004943848,90.55363464355469,200.76560974121094
2024-05-02,17.061071395874023,167.6970672607422,24.459253311157227,25.69515037536621,34.140926361083984,86.59620666503906,46.155921936035156,132.0548095703125,18.809999465942383,91.55101013183594,106.05999755859375,665.7611694335938,22.8996524810791,35.17279815673828,180.50999450683594,65.02852630615234,55.863338470458984,2.450000047683716,59.65999984741211,66.0048599243164,69.91516876220703,63.81951141357422,8.500733375549316,92.20423889160156,201.1540069580078
2024-05-03,16.82674217224121,169.657470703125,25.67180824279785,26.45408058166504,34.167415618896484,87.44922637939453,46.37245178222656,138.50914001464844,19.524999618530273,92.42679595947266,114.19999694824219,667.1713256835938,23.256006240844727,34.72722625732422,191.5500030517578,66.2469253540039,56.458251953125,2.740000009536743,60.45000076293945,66.24286651611328,70.39779663085938,64.02510833740234,8.550214767456055,91.94512939453125,201.85316467285156
2024-05-06,17.016010284423828,166.8102264404297,26.80292510986328,27.294321060180664,34.467594146728516,86.12928771972656,46.3814697265625,135.46571350097656,19.850000381469727,92.57430267333984,115.08000183105469,661.0254516601562,23.739620208740234,34.857181549072266,193.80999755859375,67.2953109741211,56.72264862060547,2.7100000381469727,60.06999969482422,66.6181411743164,70.04511260986328,64.38263702392578,8.609590530395508,92.8759994506836,204.45545959472656
2024-05-07,16.979955673217773,169.22804260253906,26.81197166442871,27.059415817260742,33.178592681884766,86.33580780029297,47.02201843261719,136.27606201171875,20.760000228881836,94.27053833007812,114.93000030517578,678.3103637695312,23.849916458129883,35.19136428833008,194.6699981689453,67.95645141601562,57.52412414550781,2.640000104904175,58.709999084472656,66.79205322265625,71.41873168945312,64.30218505859375,8.856992721557617,93.5285873413086,204.39718627929688
2024-05-08,17.45763397216797,169.2747039794922,27.13773536682129,27.438879013061523,33.13445281982422,87.37740325927734,47.04909133911133,132.1490478515625,20.6200008392334,94.38115692138672,112.36000061035156,660.0535888671875,23.86688804626465,35.107818603515625,190.72000122070312,68.8064956665039,57.70589065551758,2.5199999809265137,57.54999923706055,66.4808349609375,72.04984283447266,64.48989868164062,9.035122871398926,94.43065643310547,203.91168212890625
2024-05-09,18.016420364379883,173.97962951660156,27.825454711914062,27.71895980834961,33.584716796875,89.68507385253906,47.671600341796875,135.24899291992188,20.81999969482422,94.97116088867188,111.12999725341797,736.0154418945312,24.231721878051758,35.58124923706055,193.61000061035156,70.44047546386719,58.499107360839844,2.7699999809265137,52.66999816894531,67.32293701171875,72.62528228759766,65.88426971435547,9.07470703125,95.16000366210938,204.39718627929688
2024-05-10,17.971357345581055,172.22462463378906,28.404584884643555,27.782201766967773,33.408138275146484,89.35284423828125,47.87910079956055,133.2891387939453,20.760000228881836,94.64849853515625,108.3499984741211,721.9607543945312,24.206266403198242,35.318721771240234,191.0500030517578,69.69432830810547,58.83787536621094,2.559999942779541,49.470001220703125,67.81723022460938,72.52317810058594,65.98258972167969,9.094497680664062,95.43036651611328,205.35845947265625
2024-05-13,17.989383697509766,172.70069885253906,28.377439498901367,27.574399948120117,33.63768768310547,89.82875061035156,47.85203552246094,134.8249969482422,19.889999389648438,94.85131072998047,110.77999877929688,740.26513671875,24.32505226135254,35.75001525878906,189.5399932861328,70.44047546386719,58.499107360839844,2.890000104904175,52.209999084472656,67.89045715332031,73.04293823242188,66.19711303710938,9.124187469482422,96.0580062866211,204.7079315185547
2024-05-14,18.313838958740234,174.5303955078125,27.952138900756836,27.059415817260742,33.51408386230469,90.7446517944336,47.671600341796875,133.666015625,19.760000228881836,94.3166275024414,117.11000061035156,752.5856323242188,24.367473602294922,36.00315856933594,186.97000122070312,71.23385620117188,59.10226821899414,3.440000057220459,53.75,67.7897720336914,73.05221557617188,66.1166763305664,9.302316665649414,95.42072296142578,203.7757568359375
2024-05-15,19.043869018554688,179.25399780273438,28.775590896606445,27.502120971679688,33.337501525878906,92.95353698730469,48.014434814453125,136.2854461669922,20.950000762939453,95.27537536621094,115.47000122070312,771.50927734375,24.41095542907715,36.31256103515625,191.92999267578125,72.77339935302734,60.1516227722168,3.4100000858306885,51.349998474121094,67.0941162109375,73.59052276611328,65.67869567871094,9.381484985351562,97.52571868896484,202.940673828125
2024-05-16,19.115970611572266,181.97987365722656,28.422683715820312,27.53826332092285,33.1463623046875,93.40249633789062,48.08660125732422,136.56809997558594,20.90999984741211,95.75489044189453,116.8499984741211,761.8092651367188,24.341381072998047,36.20942687988281,194.6199951171875,72.16889953613281,60.57301330566406,3.430000066757202,50.52000045776367,66.28837585449219,73.67405700683594,64.48989868164062,9.480445861816406,97.47744750976562,206.0478973388672
2024-05-17,19.17906379699707,181.57847595214844,27.979284286499023,27.691852569580078,33.48577880859375,92.3878402709961,48.26704025268555,135.52224731445312,20.290000915527344,96.73255157470703,114.31999969482422,762.1236572265625,24.79360008239746,36.17192840576172,197.58999633789062,71.86666107177734,60.1764030456543,3.25,48.40999984741211,66.45469665527344,74.49828338623047,65.41947937011719,9.163771629333496,97.80574798583984,204.3389434814453
2024-05-20,19.17906379699707,179.0112762451172,28.1693115234375,27.682819366455078,33.28034210205078,90.34954833984375,48.5196533203125,135.06997680664062,20.25,96.5184097290039,113.44999694824219,757.7881469726562,24.63706398010254,36.059410095214844,196.33999633789062,71.65888214111328,59.79633331298828,3.200000047683716,48.709999084472656,66.14977264404297,74.17046356201172,64.74909973144531,9.153875350952148,97.37122344970703,202.42604064941406
2024-05-21,18.96275520324707,181.22373962402344,28.657957077026367,27.330459594726562,33.10170364379883,90.46627807617188,48.664005279541016,135.9274139404297,20.149999618530273,97.18878936767578,111.5,758.9568481445312,24.932743072509766,36.11567306518555,212.11000061035156,72.67892456054688,60.08551788330078,3.0799999237060547,48.47999954223633,65.97422790527344,74.72306060791016,64.22174072265625,9.252836227416992,97.62229919433594,202.2901153564453
2024-05-22,18.863615036010742,178.6192169189453,29.11039924621582,27.059415817260742,32.655113220214844,89.9903793334961,48.26704025268555,134.88153076171875,19.739999771118164,96.31356048583984,121.2300033569336,748.6298217773438,24.82838249206543,35.53437423706055,251.75,72.08390045166016,59.48234939575195,3.4100000858306885,52.83000183105469,65.13336944580078,73.7021484375,62.988258361816406,9.07470703125,98.36579895019531,203.833984375
2024-05-23,18.530141830444336,174.19435119628906,28.540321350097656,26.598636627197266,32.53006362915039,88.90388488769531,47.40094757080078,134.03350830078125,19.450000762939453,94.77722930908203,117.5,735.2849731445312,24.810991287231445,34.71867370605469,249.80999755859375,71.139404296875,50.99667739868164,3.0799999237060547,47.209999084472656,65.02249908447266,72.27850341796875,63.01507568359375,9.114291191101074,96.52149963378906,203.41647338867188
2024-05-24,18.845592498779297,173.56887817382812,29.291379928588867,27.19493865966797,32.79801940917969,88.10472869873047,47.62649154663086,134.52346801757812,19.5,95.13105773925781,125.18000030517578,733.9342041015625,24.64575958251953,34.3998908996582,276.739990234375,72.35780334472656,50.145626068115234,3.25,48.02000045776367,65.43829345703125,72.82172393798828,63.926780700683594,9.064809799194336,97.40019989013672,202.7561798095703
2024-05-28,19.043869018554688,172.7287139892578,28.847980499267578,26.914857864379883,33.4053955078125,87.72760009765625,47.71670913696289,135.46571350097656,19.959999084472656,94.2092514038086,129.3800048828125,736.4154052734375,25.089279174804688,34.484275817871094,280.1600036621094,73.22674560546875,49.58377456665039,3.25,49.97999954223633,66.28837585449219,72.62505340576172,64.48095703125,9.658575057983398,97.361572265625,200.4743194580078
2024-05-29,18.989791870117188,172.99945068359375,27.70781898498535,25.378931045532227,33.155296325683594,87.8802490234375,47.31072235107422,133.2608642578125,19.290000915527344,93.5016098022461,125.69000244140625,728.0905151367188,24.55009651184082,33.921730041503906,278.19000244140625,72.4239273071289,48.402225494384766,3.200000047683716,48.560001373291016,66.0204086303711,72.30660247802734,63.4798583984375,9.20335578918457,97.17810821533203,198.2410125732422
2024-05-30,19.620685577392578,178.096435546875,28.368391036987305,26.065580368041992,32.985599517822266,89.4605941772461,48.26704025268555,135.72010803222656,20.270000457763672,94.32098388671875,130.66000366210938,728.6748046875,24.776203155517578,34.43739700317383,276.7799987792969,73.85011291503906,47.99735641479492,3.299999952316284,49.31999969482422,66.0204086303711,73.13082122802734,63.37260437011719,9.292420387268066,98.63616943359375,200.27041625976562
2024-05-31,19.458454132080078,182.72669982910156,28.86720848083496,26.473352432250977,33.5572395324707,92.03765106201172,49.26103210449219,136.94500732421875,20.40999984741211,96.43460083007812,127.9000015258789,730.9261474609375,25.341476440429688,35.20621109008789,271.760009765625,75.57852935791016,50.878047943115234,3.3299999237060547,48.9900016784668,67.24935150146484,75.06024169921875,65.3569107055664,9.272627830505371,100.1038818359375,204.62051391601562
2024-06-03,18.71040153503418,183.8749237060547,28.912965774536133,26.69327735900879,32.51219940185547,92.58538818359375,49.03263854980469,134.77786254882812,20.3799991607666,96.2856216430664,127.55000305175781,719.8901977539062,25.150156021118164,34.8780632019043,272.7200012207031,73.8721694946289,51.10667037963867,3.450000047683716,48.0099983215332,65.42903900146484,75.29439544677734,63.578189849853516,9.26273250579834,100.48046112060547,195.46389770507812
2024-06-04,18.467056274414062,187.08621215820312,28.95872688293457,26.43670082092285,31.761920928955078,93.0433349609375,48.676334381103516,136.7377166748047,20.209999084472656,97.39364624023438,129.77000427246094,732.5547485351562,24.14136505126953,35.028072357177734,266.1700134277344,73.33983612060547,52.59273910522461,3.2200000286102295,47.369998931884766,64.76375579833984,75.59410858154297,62.863121032714844,9.20335578918457,100.89566040039062,197.7263641357422
2024-06-05,18.800525665283203,185.01382446289062,29.169240951538086,26.73909568786621,31.556486129760742,91.92989349365234,47.981998443603516,138.84835815429688,20.309999465942383,96.090087890625,133.24000549316406,726.73974609375,24.14136505126953,34.49365234375,273.05999755859375,73.24478912353516,51.79254913330078,3.009999990463257,48.91999816894531,64.50505065917969,74.38589477539062,62.997196197509766,9.302316665649414,101.39779663085938,197.98854064941406
2024-06-06,18.349891662597656,186.22735595703125,28.729915618896484,27.087308883666992,31.663665771484375,91.26542663574219,47.75360107421875,138.62222290039062,19.440000534057617,95.77351379394531,132.3000030517578,730.782470703125,24.31529426574707,34.240509033203125,273.45001220703125,72.91204833984375,51.56392288208008,3.0,48.31999969482422,64.91161346435547,73.66470336914062,63.31004333496094,9.153875350952148,101.0501708984375,196.62911987304688
2024-06-07,17.908266067504883,181.3450927734375,27.768898010253906,26.161794662475586,31.493961334228516,90.34954833984375,46.99531936645508,137.89671325683594,19.040000915527344,95.55004119873047,122.75,721.7391357421875,24.002222061157227,33.912353515625,267.3399963378906,71.66675567626953,51.429840087890625,2.9000000953674316,46.290000915527344,64.17240142822266,72.99970245361328,62.32682800292969,8.906473159790039,100.23906707763672,195.45957946777344
2024-06-10,18.3679141998291,181.77452087402344,28.9038143157959,26.198450088500977,32.083465576171875,89.65814208984375,47.013587951660156,140.4784393310547,18.979999542236328,95.45692443847656,130.6699981689453,730.4950561523438,24.471830368041992,33.949851989746094,279.79998779296875,73.16874694824219,51.91658401489258,2.9700000286102295,46.88999938964844,65.27195739746094,73.96442413330078,62.925697326660156,8.817408561706543,99.96869659423828,196.5901336669922
2024-06-11,17.87221908569336,180.42092895507812,28.711610794067383,25.557003021240234,31.860170364379883,90.02629852294922,47.07754135131836,141.22279357910156,18.969999313354492,95.30796813964844,132.41000366210938,728.3397216796875,24.26311683654785,33.949851989746094,294.5299987792969,69.14762878417969,50.970645904541016,2.9200000762939453,45.88999938964844,64.94856262207031,73.52418518066406,61.3525390625,8.7184476852417,99.90110778808594,196.99948120117188
2024-06-12,17.7189998626709,180.93435668945312,28.134998321533203,25.877727508544922,31.761920928955078,89.49649810791016,46.410614013671875,140.9495391845703,19.479999542236328,94.33960723876953,134.52000427246094,729.4605102539062,24.38486671447754,32.58098602294922,300.7099914550781,68.69133758544922,52.25639343261719,2.9200000762939453,44.66999816894531,65.05945587158203,73.46800231933594,61.683265686035156,8.748135566711426,99.33140563964844,195.7714385986328
2024-06-13,17.6649227142334,183.6975860595703,27.997709274291992,25.547840118408203,31.431434631347656,89.64019775390625,46.31011962890625,141.1097412109375,18.84000015258789,94.28374481201172,129.72000122070312,734.3939819335938,23.810897827148438,33.199790954589844,291.55999755859375,69.5658950805664,51.567596435546875,2.8399999141693115,43.27000045776367,64.45885467529297,73.7021484375,60.21738815307617,8.797616004943848,100.29701232910156,196.11257934570312
2024-06-14,17.430593490600586,185.4577178955078,27.512622833251953,25.22711753845215,31.16347885131836,90.40190124511719,46.07258605957031,142.42068481445312,18.399999618530273,95.30796813964844,124.61000061035156,734.0684204101562,23.550006866455078,33.32167434692383,273.6099853515625,69.45182800292969,51.93495178222656,2.700000047683716,39.86000061035156,63.75659942626953,73.66470336914062,58.79618453979492,8.59969425201416,100.4611587524414,198.47116088867188
2024-06-17,16.979955673217773,180.98667907714844,26.853639602661133,24.805599212646484,31.359987258911133,87.88414001464844,45.17726516723633,141.5561981201172,18.389999389648438,93.85543823242188,120.83000183105469,730.3513793945312,23.523916244506836,32.974769592285156,261.3299865722656,68.73885345458984,51.246158599853516,2.7200000286102295,38.22999954223633,63.895198822021484,72.75617980957031,59.49338150024414,8.302812576293945,100.21975708007812,201.1416015625
2024-06-18,17.08810806274414,181.45733642578125,27.09160614013672,24.787273406982422,31.610076904296875,86.97190856933594,45.14985656738281,142.07870483398438,18.709999084472656,93.13847351074219,119.01000213623047,741.3298950195312,23.706541061401367,32.71224594116211,262.3699951171875,66.96121978759766,51.889034271240234,2.640000104904175,37.06999969482422,64.24632263183594,72.99970245361328,60.36085891723633,8.322604179382324,100.36459350585938,202.61326599121094
2024-06-20,16.997983932495117,182.7657012939453,26.80787467956543,24.805599212646484,31.895898818969727,87.94800567626953,45.50615692138672,140.4922332763672,18.700000762939453,93.20366668701172,108.56999969482422,731.52001953125,23.950042724609375,32.759124755859375,260.07000732421875,68.88145446777344,53.12886428833008,2.5399999618530273,34.310001373291016,64.70832824707031,73.87074279785156,60.19785690307617,8.421565055847168,99.48590850830078,203.470947265625
2024-06-21,16.646484375,183.40576171875,26.569910049438477,24.695636749267578,31.717254638671875,88.03009796142578,44.95800018310547,140.92922973632812,18.579999923706055,92.96158599853516,106.66999816894531,732.8612670898438,23.932649612426758,32.60911178588867,258.8699951171875,69.21417999267578,52.467620849609375,2.4100000858306885,33.0099983215332,64.62516784667969,73.48674011230469,59.5458984375,8.332500457763672,98.80030822753906,203.6853790283203
2024-06-24,17.115148544311523,184.85528564453125,26.990928649902344,25.740276336669922,32.37822723388672,88.87847137451172,45.58837890625,139.65625,18.809999465942383,94.51652526855469,108.0199966430664,720.5990600585938,24.480525970458984,33.12478256225586,261.2799987792969,70.20280456542969,52.743141174316406,2.450000047683716,33.25,65.99269104003906,74.31094360351562,61.04903030395508,8.381980895996094,99.42796325683594,207.0478057861328
2024-06-25,17.034034729003906,181.3632049560547,27.01838493347168,25.850236892700195,32.22637939453125,87.25471496582031,44.93973159790039,139.1147918701172,18.5,93.29676818847656,101.8499984741211,711.6513671875,24.332685470581055,32.64661407470703,256.739990234375,69.37577819824219,52.954368591308594,2.359999895095825,26.399999618530273,66.11283111572266,73.07461547851562,61.34785079956055,8.292916297912598,97.4581298828125,206.67742919921875
2024-06-26,17.043045043945312,181.35379028320312,26.688888549804688,25.272937774658203,31.904829025268555,87.51013946533203,44.99454879760742,139.54225158691406,18.510000228881836,93.06399536132812,102.94999694824219,710.7030639648438,24.13266944885254,32.62785720825195,247.92999267578125,69.74652862548828,52.32986068725586,2.450000047683716,24.989999771118164,65.47525024414062,73.25257873535156,59.96242904663086,8.253332138061523,98.3271713256836,207.27195739746094
2024-06-27,17.20527458190918,183.84815979003906,27.192285537719727,25.346242904663086,32.12812805175781,88.84197998046875,45.32343673706055,141.28073120117188,18.110000610351562,93.65990447998047,105.2300033569336,720.369140625,24.61966896057129,32.53409957885742,249.9199981689453,70.07923126220703,52.0818977355957,2.4600000381469727,25.270000457763672,66.01117706298828,73.0933609008789,60.29746627807617,7.8277997970581055,99.79489135742188,207.27195739746094
2024-06-28,15.835342407226562,182.96337890625,25.974990844726562,25.14464569091797,32.24424362182617,89.1247787475586,44.766143798828125,144.44415283203125,17.59000015258789,93.32470703125,99.70999908447266,724.814208984375,24.837080001831055,32.449729919433594,225.4600067138672,67.31295013427734,52.16455078125,2.3299999237060547,25.260000228881836,66.6949462890625,72.65314483642578,60.378963470458984,7.590294361114502,100.66392517089844,207.9249267578125
2024-07-01,15.718178749084473,182.62451171875,25.38922691345215,24.869741439819336,32.538997650146484,87.55574035644531,43.861690521240234,144.5201416015625,17.95800018310547,92.50532531738281,97.26000213623047,727.7647705078125,25.02840232849121,32.393470764160156,222.7100067138672,66.4478988647461,52.476802825927734,2.2799999713897705,23.969999313354492,67.33251190185547,72.11927795410156,62.12657928466797,7.6496710777282715,100.42253875732422,204.0459747314453
2024-07-02,15.79929256439209,180.977294921875,25.92007827758789,25.56616973876953,32.833744049072266,86.92630767822266,44.34589385986328,145.26112365722656,17.760000228881836,92.93362426757812,95.7699966430664,724.6033935546875,24.767507553100586,32.374717712402344,216.72999572753906,66.98974609375,52.724769592285156,2.2699999809265137,24.25,67.48957824707031,72.6344223022461,62.16279602050781,7.560606002807617,102.32476806640625,204.15316772460938
2024-07-03,16.123748779296875,183.34927368164062,26.240419387817383,26.326736450195312,33.02131652832031,88.17605590820312,44.95800018310547,144.1211700439453,18.43000030517578,92.96158599853516,99.16999816894531,717.5335083007812,25.2197265625,32.56222915649414,231.11000061035156,68.28256225585938,54.25848388671875,2.4700000286102295,25.31999969482422,67.46187591552734,72.79364013671875,63.358062744140625,7.709047317504883,101.72608947753906,204.86465454101562
2024-07-05,15.961517333984375,184.14935302734375,26.405160903930664,26.024343490600586,33.0927734375,87.6378402709961,44.86664962768555,143.86465454101562,19.329999923706055,93.63197326660156,97.13999938964844,722.7927856445312,24.82838249206543,32.1684455871582,222.1199951171875,68.52973937988281,55.14931869506836,2.5899999141693115,25.049999237060547,67.68363189697266,73.0933609008789,64.19113159179688,7.788215637207031,102.81723022460938,204.99134826660156
2024-07-08,16.08769989013672,184.6482391357422,26.62482261657715,25.92354393005371,32.646183013916016,88.13957214355469,45.067630767822266,145.97361755371094,18.719999313354492,93.70646667480469,102.80999755859375,725.1207275390625,24.150062561035156,32.10281753540039,227.1199951171875,68.54874420166016,55.755455017089844,2.640000104904175,27.3700008392334,67.19390869140625,72.86856079101562,63.06830596923828,7.7189435958862305,100.82807159423828,205.2739715576172
2024-07-09,15.93448543548584,184.4505615234375,27.09160614013672,25.538681030273438,31.083091735839844,88.54095458984375,45.204673767089844,145.63160705566406,18.860000610351562,93.98579406738281,103.58999633789062,734.6144409179688,23.819597244262695,32.28096008300781,225.22999572753906,68.5582504272461,55.42483139038086,2.569999933242798,26.8700008392334,67.06454467773438,73.16828918457031,61.65571594238281,7.639774322509766,101.22398376464844,204.68923950195312
2024-07-10,16.150787353515625,185.21298217773438,27.86957550048828,26.867385864257812,31.17241096496582,89.21599578857422,45.45134353637695,147.84507751464844,19.389999389648438,95.74557495117188,106.75,743.3609619140625,23.22823715209961,32.52472686767578,228.57000732421875,69.29972076416016,56.425880432128906,2.690000057220459,29.6299991607666,67.38794708251953,73.46800231933594,61.70100021362305,7.7783203125,100.95361328125,205.81976318359375
2024-07-11,16.808717727661133,195.0303955078125,28.427881240844727,27.847881317138672,31.30638885498047,93.35751342773438,47.16889953613281,149.84002685546875,19.920000076293945,97.26327514648438,111.68000030517578,764.2832641601562,23.393470764160156,33.11540222167969,233.4499969482422,71.01083374023438,57.72080993652344,2.930000066757202,29.90999984741211,67.42491912841797,74.79800415039062,61.94549560546875,7.817904472351074,101.0501708984375,206.39480590820312
2024-07-12,17.025022506713867,198.24012756347656,28.546865463256836,28.379362106323242,31.431434631347656,94.46131134033203,47.47952651977539,150.4290008544922,20.13800048828125,98.12920379638672,119.33999633789062,771.027587890625,23.636972427368164,33.040401458740234,233.24000549316406,72.24664306640625,57.07794189453125,3.069999933242798,31.649999618530273,67.52654266357422,74.91973876953125,62.77854537963867,8.03561782836914,100.61563873291016,208.32452392578125
2024-07-15,15.321616172790527,196.57406616210938,27.604148864746094,28.003660202026367,31.288524627685547,94.06906127929688,46.62074661254883,151.521484375,19.020000457763672,98.06402587890625,113.05999755859375,770.8551635742188,23.558700561523438,33.14352798461914,213.4199981689453,67.46504211425781,55.84729766845703,3.2100000381469727,26.790000915527344,67.4156723022461,74.97595977783203,62.59743881225586,7.5111260414123535,101.71641540527344,210.51744079589844
2024-07-16,15.907443046569824,197.80712890625,27.787199020385742,28.883358001708984,31.16347885131836,94.78060150146484,46.858280181884766,154.2099151611328,18.709999084472656,99.19066619873047,116.16999816894531,778.480712890625,23.43695068359375,33.302921295166016,221.25,68.34911346435547,56.012603759765625,3.3399999141693115,30.200000762939453,67.15694427490234,75.97811889648438,61.863990783691406,7.461645126342773,102.2957992553711,215.28330993652344
2024-07-17,15.222477912902832,200.60267639160156,26.89940071105957,28.562637329101562,31.63686752319336,96.35874938964844,47.54347610473633,148.9850311279297,18.399999618530273,100.11246490478516,111.1500015258789,769.39892578125,23.645668029785156,34.156124114990234,208.1699981689453,67.39849853515625,56.73813247680664,3.059999942779541,28.110000610351562,67.71135711669922,76.45579528808594,61.99980926513672,7.293411731719971,103.11656188964844,217.65164184570312
2024-07-18,15.393720626831055,198.2777557373047,26.22211456298828,27.89369773864746,31.788715362548828,95.82054138183594,47.11408233642578,146.86659240722656,18.795000076293945,99.54449462890625,107.94999694824219,761.66796875,23.776113510131836,33.97798538208008,213.5800018310547,68.13047790527344,55.97587203979492,2.9200000762939453,26.739999771118164,67.68363189697266,76.15608978271484,62.74232864379883,7.273619651794434,102.30545043945312,217.43724060058594
2024-07-19,15.411744117736816,197.79771423339844,25.672956466674805,27.902862548828125,31.601146697998047,95.85702514648438,46.96791076660156,147.4080810546875,19.049999237060547,99.55378723144531,105.45999908447266,753.7645263671875,23.202146530151367,33.874847412109375,216.42999267578125,68.44417572021484,56.747314453125,2.5199999809265137,25.690000534057617,66.7596206665039,76.2403793334961,61.800601959228516,7.560606002807617,103.7152328491211,217.1448516845703
2024-07-22,15.790279388427734,197.07293701171875,26.386856079101562,28.370197296142578,31.556486129760742,94.81708526611328,47.324214935302734,147.778564453125,19.03499984741211,100.13108825683594,104.73999786376953,765.298828125,23.141271591186523,33.98735809326172,220.24000549316406,69.29972076416016,57.02283477783203,2.5,26.299999237060547,66.72266387939453,76.66185760498047,62.09942626953125,7.659566402435303,104.89325714111328,217.77830505371094
2024-07-23,15.82633113861084,197.21414184570312,26.267873764038086,28.590126037597656,31.21707534790039,95.13636016845703,46.337528228759766,147.33209228515625,18.84000015258789,99.7400131225586,103.63999938964844,769.2361450195312,22.76732635498047,33.631072998046875,223.00999450683594,68.54874420166016,56.9769172668457,2.490000009536743,25.520000457763672,65.89104461669922,76.19355010986328,60.84077453613281,7.530918121337891,105.82024383544922,213.17813110351562
2024-07-24,15.601012229919434,197.09176635742188,26.093976974487305,28.443510055541992,30.949113845825195,96.21279907226562,47.62569808959961,144.07366943359375,19.114999771118164,101.11805725097656,116.91000366210938,760.78662109375,22.65427017211914,34.19362258911133,221.3300018310547,71.6857681274414,57.69325637817383,2.430000066757202,25.170000076293945,65.77094268798828,77.42987060546875,60.9041633605957,7.610086441040039,105.78162384033203,211.86239624023438
2024-07-25,15.528911590576172,197.59063720703125,25.718721389770508,28.333545684814453,31.422508239746094,96.26752471923828,47.781009674072266,139.99826049804688,19.190000534057617,100.14971160888672,117.5199966430664,736.9901733398438,22.60209083557129,34.203006744384766,216.19000244140625,69.81307220458984,57.537132263183594,2.3299999237060547,27.450000762939453,66.61177825927734,76.4839096069336,61.239200592041016,7.669463157653809,104.7580795288086,194.84556579589844
2024-07-26,15.790279388427734,201.16746520996094,26.0482120513916,28.736740112304688,31.48503303527832,98.08287048339844,48.14645004272461,138.36428833007812,19.600000381469727,100.58732604980469,119.33999633789062,739.9791259765625,22.61948585510254,34.456153869628906,226.74000549316406,70.59256744384766,58.42797088623047,2.490000009536743,27.56999969482422,66.5748291015625,76.96156311035156,61.43840026855469,7.738735675811768,106.00370025634766,191.96072387695312
2024-07-29,15.853370666503906,202.30638122558594,25.901771545410156,28.269399642944336,31.226003646850586,98.63932800292969,48.33830261230469,139.8272247314453,19.579999923706055,101.19255065917969,113.72000122070312,743.9260864257812,22.593395233154297,34.58740997314453,220.39999389648438,70.66861724853516,59.089210510253906,2.4000000953674316,26.809999465942383,66.38077545166016,77.7857894897461,60.9584846496582,7.897072792053223,107.80937957763672,195.44984436035156
2024-07-30,15.8173189163208,209.949462890625,25.23363494873047,28.681758880615234,31.092029571533203,99.81609344482422,48.61238098144531,137.7847900390625,19.309999465942383,102.32848358154297,109.37000274658203,736.472900390625,22.54991340637207,34.89681625366211,210.88999938964844,70.611572265625,58.73103713989258,2.4000000953674316,27.010000228881836,66.50090789794922,78.0948715209961,61.18485641479492,7.91686487197876,108.37908172607422,195.99563598632812
2024-07-31,16.03362464904785,207.4551239013672,25.718721389770508,28.938337326049805,31.610076904296875,100.41817474365234,48.84077835083008,142.01219177246094,19.81999969482422,101.74189758300781,115.11000061035156,757.0408935546875,23.097787857055664,34.8780632019043,215.99000549316406,72.61737060546875,59.19023513793945,2.4700000286102295,28.860000610351562,67.65591430664062,78.22600555419922,61.3750114440918,8.124682426452637,107.42314910888672,197.51602172851562
2024-08-01,16.300289154052734,214.5428466796875,25.407535552978516,28.443510055541992,31.047365188598633,102.43419647216797,50.649696350097656,144.67214965820312,19.729999542236328,104.84248352050781,109.68000030517578,777.101318359375,22.85428810119629,35.87189865112305,218.5,74.51860046386719,58.4738883972168,2.319999933242798,26.540000915527344,67.3971939086914,82.01929473876953,60.605342864990234,8.005929946899414,108.52392578125,200.83949279785156
2024-08-02,15.59039306640625,220.85874938964844,25.489904403686523,27.81122589111328,30.439998626708984,105.09790802001953,51.23440170288086,143.294677734375,20.649999618530273,106.07154846191406,105.19000244140625,772.7615356445312,22.671661376953125,36.35006332397461,213.0500030517578,75.2885971069336,59.768821716308594,2.1600000858306885,25.31999969482422,66.23294830322266,82.96527862548828,60.270301818847656,7.9762420654296875,108.88119506835938,202.48655700683594
2024-08-05,14.825889587402344,212.905029296875,24.638715744018555,27.646284103393555,29.466413497924805,101.04761505126953,49.370662689208984,137.24331665039062,19.899999618530273,103.3620376586914,103.38999938964844,735.9651489257812,22.11509132385254,35.17808532714844,207.08999633789062,72.8930435180664,57.04120635986328,2.2100000381469727,25.020000457763672,64.6713638305664,81.08267211914062,59.41007614135742,7.54081392288208,107.2203598022461,196.42442321777344
2024-08-06,15.035218238830566,214.7593536376953,25.462446212768555,27.453847885131836,29.421751022338867,103.05451965332031,49.48943328857422,141.19520568847656,19.6299991607666,105.14043426513672,101.52999877929688,751.6474609375,22.375980377197266,35.243717193603516,210.4499969482422,73.16874694824219,57.638160705566406,2.1500000953674316,23.899999618530273,64.42188262939453,80.97026824951172,58.83961486816406,7.7189435958862305,111.00552368164062,197.9838409423828
2024-08-07,14.916901588439941,212.6979522705078,25.032276153564453,27.398868560791016,29.52000617980957,101.50372314453125,50.32994079589844,139.7797393798828,19.8700008392334,105.68978118896484,103.41999816894531,747.5088500976562,22.90646743774414,35.478118896484375,208.75999450683594,73.7295913696289,57.46366500854492,2.0799999237060547,23.59000015258789,65.29045104980469,81.75703430175781,59.92621612548828,7.986137390136719,110.87033081054688,199.65048217773438
2024-08-08,15.153532028198242,210.47657775878906,25.57227897644043,27.563810348510742,29.92194175720215,101.16619873046875,49.50769805908203,142.1737060546875,20.190000534057617,104.68419647216797,108.80000305175781,775.4725341796875,23.697843551635742,35.196834564208984,213.1300048828125,73.71058654785156,57.977962493896484,2.0799999237060547,22.8700008392334,65.92801666259766,80.9796371459961,60.45140838623047,7.986137390136719,111.74903869628906,200.6737823486328
2024-08-09,15.16263484954834,209.5164794921875,25.316007614135742,27.600467681884766,30.13941764831543,100.92902374267578,49.763511657714844,142.61070251464844,20.299999237060547,104.90766906738281,107.86000061035156,784.4776611328125,23.941343307495117,35.140586853027344,211.8000030517578,73.63452911376953,58.41878890991211,1.9700000286102295,21.200000762939453,66.41773223876953,81.298095703125,60.795494079589844,8.015826225280762,113.36158752441406,200.05003356933594
2024-08-12,15.208141326904297,212.293212890625,25.23363494873047,27.472177505493164,30.49283218383789,101.01112365722656,49.99190902709961,141.30921936035156,20.299999237060547,105.55943298339844,109.11000061035156,784.6790161132812,24.463132858276367,34.951148986816406,219.22999572753906,73.74860382080078,58.33613204956055,1.9500000476837158,21.440000534057617,66.91670227050781,81.67273712158203,61.08525466918945,7.313203811645508,113.25476837158203,197.95458984375
2024-08-13,15.371962547302246,209.58238220214844,25.39838218688965,27.655447006225586,30.547204971313477,100.66447448730469,50.320804595947266,142.08822631835938,20.93000030517578,105.88531494140625,112.5199966430664,794.7857055664062,24.028310775756836,35.16899871826172,230.27000427246094,74.26192474365234,59.07084274291992,2.140000104904175,21.8799991607666,66.80583190917969,81.67273712158203,61.23013687133789,7.738735675811768,113.78887939453125,198.74404907226562
2024-08-14,15.417469024658203,210.07180786132812,25.846853256225586,27.930355072021484,30.538145065307617,100.5367660522461,50.713645935058594,143.61766052246094,20.719999313354492,105.64321899414062,111.1500015258789,806.1378784179688,24.089187622070312,35.07427978515625,225.5399932861328,74.15736389160156,59.28207778930664,2.0199999809265137,22.3700008392334,67.37870025634766,81.66338348388672,61.51988983154297,7.491333961486816,114.11907958984375,201.1123809814453
2024-08-15,15.717809677124023,205.2525634765625,26.35024642944336,28.370197296142578,30.91873550415039,99.58805084228516,50.51266098022461,142.36370849609375,19.239999771118164,105.31733703613281,117.12000274658203,795.207275390625,24.202241897583008,35.51945877075195,229.5800018310547,73.58700561523438,59.09839630126953,2.119999885559082,24.56999969482422,67.60971069335938,81.49478149414062,61.909263610839844,7.7783203125,112.98283386230469,201.65817260742188
2024-08-16,15.708710670471191,206.9374237060547,25.810245513916016,28.782556533813477,30.909677505493164,100.19922637939453,51.17044448852539,142.11671447753906,18.524999618530273,105.53819274902344,116.38999938964844,793.8467407226562,24.202241897583008,35.6236457824707,225.39999389648438,74.68970489501953,59.17186737060547,2.2100000381469727,25.290000915527344,67.79439544677734,81.82258605957031,62.16279602050781,7.748631477355957,112.57495880126953,200.1864776611328
2024-08-19,15.808822631835938,206.75857543945312,25.846853256225586,29.32320213317871,30.936861038208008,99.88908386230469,51.4262580871582,141.18569946289062,18.805999755859375,105.93290710449219,119.70999908447266,795.4945678710938,24.657201766967773,35.6236457824707,228.3800048828125,75.43119049072266,59.69534683227539,2.2899999618530273,27.530000686645508,67.97162628173828,82.10592651367188,62.50689697265625,7.837696552276611,112.20591735839844,201.34628295898438
2024-08-20,15.81792163848877,207.43630981445312,25.727874755859375,29.011642456054688,30.248167037963867,100.32695007324219,51.43538284301758,141.64169311523438,18.329999923706055,105.6133804321289,116.9800033569336,794.9772338867188,24.104108810424805,35.55734634399414,220.1999969482422,75.07946014404297,59.869842529296875,2.130000114440918,26.6299991607666,66.60045623779297,81.97370147705078,62.16279602050781,7.629878520965576,113.07024383544922,202.81793212890625
2024-08-21,16.081859588623047,206.5985870361328,25.682111740112305,29.259057998657227,30.375028610229492,99.94381713867188,51.535888671875,142.26870727539062,18.649999618530273,105.94229888916016,119.30999755859375,787.6685791015625,24.0059814453125,35.86991882324219,222.6300048828125,75.70686340332031,59.94331359863281,2.200000047683716,26.850000381469727,66.49784088134766,82.70089721679688,62.28957748413086,7.550710201263428,112.97312927246094,204.06546020507812
2024-08-22,16.17287254333496,207.17276000976562,25.078039169311523,29.451492309570312,30.356908798217773,99.87994384765625,51.56329345703125,143.15219116210938,18.350000381469727,105.36903381347656,115.48999786376953,788.593017578125,23.649145126342773,35.879390716552734,218.25999450683594,75.02241516113281,60.09944152832031,2.119999885559082,25.049999237060547,66.64708709716797,81.60539245605469,61.9817008972168,7.451749324798584,114.42013549804688,204.78665161132812
2024-08-23,16.45501136779785,213.66746520996094,25.965839385986328,30.047121047973633,30.909677505493164,102.51630401611328,51.5906982421875,144.56764221191406,19.09000015258789,105.5945816040039,123.0,797.2691040039062,24.121950149536133,35.79414367675781,231.07000732421875,75.72588348388672,61.17395782470703,2.200000047683716,28.770000457763672,67.56121826171875,81.3315200805664,63.140750885009766,7.6496710777282715,115.92540740966797,204.65023803710938
2024-08-26,16.29118537902832,212.07672119140625,26.240419387817383,30.1845703125,31.163406372070312,103.06363677978516,51.63637924194336,143.0571746826172,19.049999237060547,106.2054443359375,122.58999633789062,788.544921875,24.264684677124023,35.964637756347656,233.19000244140625,76.65747833251953,61.31171798706055,2.1500000953674316,26.1299991607666,68.1581802368164,81.68094635009766,63.76554489135742,7.530918121337891,115.79915618896484,203.51968383789062
2024-08-27,15.808822631835938,212.87681579589844,26.36855125427246,30.25787925720215,31.154342651367188,103.5744857788086,51.188716888427734,143.07615661621094,19.363000869750977,105.16227722167969,122.52999877929688,787.658935546875,24.175477981567383,35.6899528503418,235.4199981689453,75.6783447265625,61.22905731201172,2.069999933242798,25.690000534057617,67.75708770751953,80.97264099121094,63.53916549682617,7.54081392288208,116.78972625732422,203.89004516601562
2024-08-28,15.654102325439453,212.02024841308594,26.286176681518555,29.799705505371094,31.018415451049805,103.52886962890625,51.2983512878418,142.6011962890625,19.270000457763672,105.91410827636719,123.6500015258789,783.5376586914062,24.175477981567383,35.888858795166016,228.57000732421875,75.48822784423828,61.532127380371094,1.940000057220459,25.690000534057617,67.11347198486328,80.98208618164062,62.94153594970703,7.382476806640625,117.57634735107422,203.9972381591797
2024-08-29,15.708710670471191,210.39186096191406,26.20380401611328,29.78137969970703,31.235898971557617,101.87774658203125,51.27094268798828,142.02171325683594,19.268999099731445,106.1866455078125,121.30000305175781,788.3908081054688,24.24684715270996,36.021461486816406,223.10000610351562,76.07760620117188,60.898441314697266,1.940000057220459,24.90999984741211,67.64515686035156,81.02931213378906,63.02302551269531,7.461645126342773,117.07136535644531,204.55276489257812
2024-08-30,15.59039306640625,210.90016174316406,26.403060913085938,29.832414627075195,30.77375030517578,102.18789672851562,51.68516540527344,144.02613830566406,19.270000457763672,107.08883666992188,121.04000091552734,803.4317626953125,23.98813819885254,36.07829666137695,227.3699951171875,77.02959442138672,61.164772033691406,1.8799999952316284,24.329999923706055,66.84297180175781,81.59595489501953,62.47972869873047,7.521021366119385,117.19760131835938,206.65792846679688
2024-09-03,15.24454402923584,216.8395233154297,25.64312171936035,28.923059463500977,29.786014556884766,103.40116119384766,52.45257568359375,142.29718017578125,19.520000457763672,108.81805419921875,112.91000366210938,801.3037719726562,22.82843017578125,36.45716857910156,212.74000549316406,76.47466278076172,60.760684967041016,1.75,22.06999969482422,64.71623229980469,83.96639251708984,60.560054779052734,7.342892646789551,118.53777313232422,204.08494567871094
2024-09-04,15.417469024658203,218.86325073242188,26.430862426757812,29.192153930664062,29.369173049926758,103.83902740478516,53.15528106689453,141.63221740722656,20.204999923706055,110.01158905029297,113.11000061035156,796.9127197265625,22.623252868652344,36.83604431152344,215.39999389648438,77.574951171875,61.348453521728516,1.7400000095367432,21.719999313354492,63.90470886230469,84.17414093017578,60.19785690307617,7.431957244873047,120.88794708251953,204.00698852539062
2024-09-05,15.417469024658203,219.91744995117188,26.403060913085938,29.117918014526367,29.314804077148438,103.87551879882812,53.01658630371094,142.4111785888672,20.979999542236328,109.81422424316406,112.08000183105469,791.2796630859375,22.57864761352539,36.390865325927734,214.75999450683594,76.85737609863281,62.44132614135742,1.7100000381469727,20.65999984741211,63.54092788696289,84.53302001953125,60.49666976928711,7.441853046417236,120.42179870605469,203.11032104492188
2024-09-06,14.73487663269043,222.28948974609375,25.64312171936035,28.839548110961914,28.907024383544922,105.92803192138672,52.803932189941406,140.80572509765625,20.84000015258789,109.57926940917969,108.6500015258789,787.6397705078125,22.239654541015625,36.18248748779297,208.64999389648438,76.52250671386719,62.101531982421875,1.6100000143051147,19.489999771118164,62.41226577758789,83.49417877197266,60.03487014770508,7.125178337097168,121.0044937133789,199.5334930419922
2024-09-09,14.743979454040527,224.52027893066406,25.281692504882812,29.535480499267578,28.816410064697266,107.22340393066406,53.0443229675293,141.8696746826172,20.420000076293945,110.1055679321289,103.04000091552734,800.9666748046875,22.257497787475586,36.68449401855469,205.36000061035156,77.68020629882812,63.16685485839844,1.7100000381469727,17.940000534057617,62.897308349609375,84.35358428955078,61.00376510620117,7.243931293487549,123.65570831298828,203.16880798339844
2024-09-10,14.962408065795898,228.56771850585938,26.050893783569336,29.257108688354492,28.227392196655273,109.41275024414062,53.35868835449219,148.9185333251953,20.040000915527344,109.889404296875,104.61000061035156,832.7242431640625,21.82037353515625,36.98759460449219,208.22000122070312,78.74221801757812,63.49748611450195,1.8799999952316284,17.850000381469727,61.47016143798828,84.6557846069336,59.681732177734375,7.2538275718688965,125.29695129394531,202.96414184570312
2024-09-11,16.254783630371094,224.9344024658203,26.940570831298828,29.702505111694336,28.354257583618164,109.59520721435547,52.914878845214844,150.49549865722656,21.280000686645508,109.20336151123047,110.58999633789062,835.5360107421875,21.847135543823242,37.224388122558594,239.83999633789062,79.82335662841797,63.66278839111328,1.940000057220459,19.360000610351562,61.75931167602539,83.83415985107422,60.089202880859375,7.6199822425842285,124.94734954833984,202.36961364746094
2024-09-12,16.491413116455078,223.2119140625,27.86731719970703,30.71392822265625,28.617048263549805,108.61911010742188,52.868648529052734,152.4619598388672,21.219999313354492,108.98721313476562,105.83000183105469,836.6047973632812,22.15044593811035,37.75481414794922,235.9499969482422,79.85206604003906,63.616878509521484,1.940000057220459,18.149999618530273,62.477561950683594,83.56973266601562,60.96753692626953,7.600190162658691,125.11241912841797,202.5840301513672
2024-09-13,16.873666763305664,224.4920196533203,27.802446365356445,30.797441482543945,28.8526554107666,109.8624038696289,53.774757385253906,152.136474609375,22.030000686645508,110.24651336669922,109.91000366210938,839.233642578125,22.382389068603516,38.10527420043945,228.7899932861328,80.9906234741211,63.91994094848633,1.9600000381469727,19.700000762939453,62.91596221923828,84.46691131591797,61.25730895996094,7.8772807121276855,126.00587463378906,203.5034942626953
2024-09-16,17.301422119140625,226.2051544189453,28.145343780517578,31.085098266601562,29.269495010375977,111.15653228759766,54.116859436035156,153.9935760498047,22.024999618530273,110.61304473876953,111.48999786376953,844.0771484375,22.462671279907227,38.294715881347656,233.30999755859375,80.9810562133789,64.40668487548828,1.9700000286102295,21.950000762939453,63.484954833984375,84.89187622070312,61.65571594238281,7.817904472351074,125.45230865478516,203.76760864257812
2024-09-17,17.5107479095459,225.38623046875,27.978530883789062,30.58402442932129,29.49604034423828,110.5002212524414,53.9504280090332,150.84420776367188,21.75,109.70145416259766,118.52999877929688,832.2908325195312,22.257497787475586,38.07685852050781,239.97999572753906,81.29678344726562,64.62710571289062,2.0899999141693115,22.520000457763672,63.568912506103516,84.66523742675781,61.863990783691406,7.9465532302856445,123.78195190429688,198.68121337890625
2024-09-18,17.52895164489746,222.09181213378906,27.978530883789062,30.222137451171875,29.387296676635742,108.8733139038086,53.0813102722168,151.48556518554688,21.829999923706055,108.90263366699219,119.73999786376953,829.0362548828125,22.40915298461914,37.4138298034668,241.80999755859375,80.63661193847656,64.33321380615234,2.0999999046325684,21.690000534057617,63.587562561035156,84.06082153320312,61.610450744628906,8.015826225280762,123.98588562011719,197.46832275390625
2024-09-19,17.201309204101562,218.66558837890625,27.950725555419922,31.112934112548828,29.686338424682617,106.46068572998047,53.146034240722656,152.10775756835938,21.32200050354004,108.20719146728516,117.36000061035156,838.7040405273438,22.177207946777344,37.21492004394531,240.4499969482422,78.7326431274414,63.21278381347656,2.059999942779541,21.200000762939453,64.52033996582031,83.9191665649414,62.606502532958984,8.015826225280762,121.77169036865234,200.1680450439453
2024-09-20,17.201309204101562,221.25408935546875,28.145343780517578,31.354190826416016,29.577594757080078,106.60858917236328,53.56209945678711,151.91632080078125,21.639999389648438,109.36312866210938,114.9000015258789,844.6838989257812,22.177207946777344,38.143165588378906,240.1999969482422,79.18231964111328,63.87403106689453,1.940000057220459,20.3700008392334,64.1006088256836,84.71245574951172,62.56122589111328,7.7783203125,121.65515899658203,199.63983154296875
2024-09-23,17.583560943603516,222.39300537109375,28.756996154785156,31.363473892211914,29.776954650878906,108.02288818359375,53.49738311767578,154.0797119140625,22.020000457763672,110.24651336669922,117.0,849.2288818359375,22.534040451049805,38.26629638671875,249.27999877929688,81.15327453613281,64.7281265258789,2.0,20.639999389648438,64.43639373779297,85.48686218261719,62.633663177490234,7.788215637207031,124.87934875488281,202.57427978515625
2024-09-24,17.39243507385254,222.58126831054688,29.30377960205078,31.47481918334961,29.74976921081543,108.5035629272461,52.72071838378906,155.19972229003906,22.020000457763672,108.99662017822266,116.69000244140625,854.6790771484375,22.658933639526367,37.87794876098633,244.72999572753906,80.64619445800781,64.38832092285156,2.0799999237060547,21.25,64.74421691894531,84.74079132080078,62.98582458496094,7.669463157653809,123.91791534423828,202.98509216308594
2024-09-25,17.774686813354492,221.7906036376953,29.53546714782715,31.52121353149414,28.707666397094727,107.92119598388672,52.905635833740234,155.93678283691406,21.959999084472656,109.21276092529297,113.29000091552734,857.0189819335938,22.123682022094727,37.87794876098633,241.72000122070312,80.96192169189453,64.37914276123047,1.9500000476837158,20.170000076293945,63.4476432800293,84.38191986083984,61.1333122253418,7.4814372062683105,125.35520935058594,203.1513671875
2024-09-26,17.874801635742188,218.15731811523438,29.77642059326172,32.49552536010742,27.90117073059082,106.10018157958984,52.82242202758789,155.13272094726562,22.170000076293945,108.23538208007812,113.61000061035156,846.3978271484375,21.579509735107422,37.82112503051758,255.66000366210938,79.85206604003906,64.34239959716797,2.059999942779541,21.610000610351562,60.94779586791992,84.00415802001953,60.22538375854492,7.441853046417236,122.8982162475586,200.85272216796875
2024-09-27,18.266151428222656,216.79248046875,30.480745315551758,32.65327072143555,28.47205924987793,107.79180145263672,52.85015869140625,154.27117919921875,22.290000915527344,108.98721313476562,115.0,849.9702758789062,22.293176651000977,38.24734878540039,255.75,80.88539123535156,64.03934478759766,2.2799999713897705,23.1200008392334,61.666046142578125,85.09021759033203,60.665592193603516,7.342892646789551,123.52944946289062,201.01901245117188
2024-09-30,18.257051467895508,218.9009246826172,30.267597198486328,32.51408767700195,28.444873809814453,109.6590347290039,53.432655334472656,154.91253662109375,22.110000610351562,108.35755920410156,113.0199966430664,854.7272338867188,22.59648895263672,38.40837860107422,249.44000244140625,80.87580108642578,63.984230041503906,2.259999990463257,22.90999984741211,61.51679992675781,85.16577911376953,59.2624397277832,7.243931293487549,124.33551025390625,203.06333923339844
2024-10-01,18.42087173461914,218.43968200683594,30.332468032836914,32.00373458862305,29.07919692993164,110.10273742675781,53.848724365234375,153.41920471191406,21.770000457763672,109.22216033935547,111.19999694824219,850.268798828125,23.18526268005371,38.61675262451172,240.66000366210938,81.58382415771484,64.33321380615234,2.059999942779541,22.020000457763672,62.37495803833008,85.82685089111328,60.23455810546875,6.8876729011535645,123.89849090576172,203.3861083984375
2024-10-02,18.10232925415039,218.2608642578125,29.841293334960938,31.808868408203125,29.332927703857422,107.0245590209961,53.959678649902344,152.77784729003906,21.030000686645508,109.65447235107422,108.26000213623047,853.7353515625,23.72051239013672,38.787254333496094,234.44000244140625,81.73690032958984,63.16685485839844,2.1600000858306885,21.639999389648438,63.26109313964844,86.49736785888672,61.701904296875,6.79860782623291,123.36436462402344,202.7894744873047
2024-10-03,17.410634994506836,215.81353759765625,29.294509887695312,31.632566452026367,29.41448402404785,105.6472396850586,53.7007942199707,150.57618713378906,21.100000381469727,108.78986358642578,106.79000091552734,843.7400512695312,23.86324691772461,38.62622833251953,235.1199951171875,81.37333679199219,61.504581451416016,2.059999942779541,20.260000228881836,63.85806655883789,85.65685272216797,62.25215530395508,6.709543228149414,122.81080627441406,204.520751953125
2024-10-04,17.210411071777344,210.52365112304688,29.58180046081543,32.170753479003906,29.795076370239258,103.04972839355469,53.839481353759766,150.28900146484375,20.489999771118164,107.18282318115234,105.94999694824219,844.375732421875,24.193321228027344,38.08633041381836,231.1300048828125,80.22521209716797,61.07293701171875,2.1500000953674316,20.1299991607666,63.90470886230469,85.28853607177734,62.9124641418457,6.7887115478515625,121.93678283691406,203.54261779785156
2024-10-07,16.991981506347656,210.2506866455078,28.87747573852539,31.623289108276367,30.030681610107422,102.79090881347656,52.78543472290039,149.78164672851562,21.6200008392334,103.59283447265625,106.36000061035156,837.7603149414062,23.461809158325195,37.45172119140625,229.6199951171875,76.81909942626953,60.13618469238281,2.25,20.420000076293945,65.50910186767578,83.94750213623047,63.68281936645508,6.8085036277771,120.68400573730469,200.9211883544922
2024-10-08,16.518718719482422,211.1072235107422,28.34922981262207,31.34490966796875,29.02482795715332,103.62284851074219,52.526546478271484,151.5142822265625,21.920000076293945,104.00633239746094,104.16999816894531,840.1676025390625,22.641094207763672,37.51802062988281,225.63999938964844,77.02002716064453,60.52190399169922,2.059999942779541,18.559999465942383,63.68084716796875,84.32525634765625,62.5547981262207,6.689751148223877,121.1695785522461,204.11972045898438
2024-10-09,16.10006332397461,209.32476806640625,28.136075973510742,31.46554183959961,28.97951889038086,103.04049682617188,52.12896728515625,152.3279571533203,22.209999084472656,104.6172103881836,105.31999969482422,844.2601928710938,22.195049285888672,37.508544921875,226.0500030517578,77.09657287597656,60.27393341064453,2.0399999618530273,19.0,63.63419723510742,83.98526763916016,62.398895263671875,6.79860782623291,120.75198364257812,207.5921630859375
2024-10-10,15.772418022155762,206.5941925048828,27.46881675720215,31.085098266601562,29.305744171142578,101.62619018554688,51.30607986450195,152.05992126464844,21.469999313354492,106.30882263183594,99.19000244140625,838.2706298828125,22.676776885986328,37.19597244262695,205.0399932861328,77.44100952148438,60.31985092163086,1.9700000286102295,18.18000030517578,64.2125244140625,83.35253143310547,62.78406524658203,6.541309833526611,119.55747985839844,206.62380981445312
2024-10-11,15.763317108154297,207.8931427001953,27.830249786376953,31.58616828918457,29.097322463989258,102.4303970336914,51.981040954589844,153.8595733642578,21.59000015258789,107.29558563232422,100.97000122070312,839.2529296875,22.78382682800293,37.64115905761719,211.49000549316406,78.32123565673828,60.83415222167969,2.119999885559082,19.459999084472656,63.886051177978516,84.01359558105469,62.618988037109375,6.511621475219727,121.56774139404297,207.18133544921875
2024-10-14,15.89073371887207,210.197021484375,28.04340171813965,31.641843795776367,28.988582611083984,103.55813598632812,52.63750076293945,155.05613708496094,21.420000076293945,108.16019439697266,101.47000122070312,833.9181518554688,22.8908748626709,37.82112503051758,209.9600067138672,79.32584381103516,61.43110656738281,2.0799999237060547,18.829999923706055,63.7834587097168,84.84466552734375,62.463077545166016,6.333491802215576,123.91791534423828,208.83438110351562
2024-10-15,15.845227241516113,217.52597045898438,27.663433074951172,31.688243865966797,27.85586166381836,105.65647888183594,53.26622772216797,154.3190460205078,21.030000686645508,110.06797790527344,92.04000091552734,845.4829711914062,21.784692764282227,38.417850494384766,201.97999572753906,79.2110366821289,61.679073333740234,2.059999942779541,18.190000534057617,61.638065338134766,85.66630554199219,59.36332321166992,5.947545051574707,125.52030181884766,209.1180419921875
2024-10-16,16.282085418701172,215.71505737304688,30.341737747192383,33.191463470458984,28.028032302856445,106.93212127685547,55.98455047607422,155.19972229003906,21.040000915527344,112.56781005859375,93.12999725341797,847.5726318359375,21.579509735107422,38.80619812011719,205.6199951171875,80.74185943603516,62.579097747802734,2.069999933242798,18.56999969482422,62.16040802001953,87.15843963623047,59.106529235839844,6.06629753112793,126.58857727050781,208.48226928710938
2024-10-17,15.699606895446777,212.5294189453125,30.100784301757812,33.79459762573242,28.38144302368164,103.29931640625,55.23563003540039,156.6930389404297,21.149999618530273,113.31964111328125,91.56999969482422,855.9019165039062,21.695484161376953,38.61675262451172,203.3699951171875,80.1582260131836,61.70662307739258,2.0399999618530273,17.93000030517578,62.8133544921875,87.54564666748047,59.610931396484375,6.2147393226623535,126.96729278564453,208.423583984375
2024-10-18,15.899832725524902,214.55836486816406,30.777305603027344,33.664695739746094,28.3905029296875,103.88167572021484,55.40205001831055,158.31077575683594,21.43000030517578,113.4887924194336,91.63999938964844,862.0166015625,21.543827056884766,38.787254333496094,200.5500030517578,80.73229217529297,62.45051956176758,2.240000009536743,17.309999465942383,62.53352355957031,88.05561828613281,59.528404235839844,6.2147393226623535,128.42404174804688,208.10079956054688
2024-10-21,15.663200378417969,209.9789581298828,32.28791046142578,33.5347900390625,28.51736831665039,101.85728454589844,55.50375747680664,158.1384735107422,21.190000534057617,112.67118835449219,90.41999816894531,847.3221435546875,21.704402923583984,38.36101531982422,196.25,80.39743041992188,61.55968475341797,2.369999885559082,17.010000228881836,62.542850494384766,87.573974609375,59.528404235839844,6.155362129211426,126.30692291259766,207.19114685058594
2024-10-22,15.472077369689941,209.96949768066406,31.7781982421875,33.117225646972656,28.617048263549805,101.46903228759766,55.47602081298828,158.18634033203125,20.864999771118164,112.66178894042969,92.2300033569336,845.8104248046875,21.918502807617188,38.38943099975586,201.39999389648438,80.0816879272461,60.880069732666016,2.2200000286102295,17.579999923706055,62.50554656982422,87.90451049804688,59.464195251464844,6.165258884429932,126.3360595703125,206.43797302246094
2024-10-23,15.544886589050293,214.52993774414062,31.79673194885254,32.588314056396484,28.372379302978516,102.31023406982422,56.335899353027344,158.7128448486328,20.760000228881836,113.31023406982422,78.47000122070312,858.126220703125,21.597352981567383,38.58834457397461,192.41000366210938,81.28722381591797,61.0178337097168,2.0799999237060547,14.944999694824219,62.05781555175781,88.91503143310547,59.24409484863281,6.0267133712768555,127.96759796142578,207.17156982421875
2024-10-24,15.453874588012695,214.2075653076172,30.99972915649414,32.80173873901367,28.363319396972656,103.0219955444336,56.187965393066406,158.0714874267578,20.940000534057617,111.85356903076172,81.0999984741211,862.5558471679688,22.382389068603516,38.5599250793457,196.0399932861328,79.23016357421875,60.925987243652344,2.130000114440918,15.255000114440918,61.94587707519531,88.40504455566406,59.510047912597656,6.185050964355469,128.22979736328125,204.3447265625
2024-10-25,15.435670852661133,211.23997497558594,30.897785186767578,33.12651062011719,28.562679290771484,100.67408752441406,55.08769226074219,173.2726593017578,20.815000534057617,110.15254211425781,83.83000183105469,880.4374389648438,22.73029899597168,37.95372772216797,198.47000122070312,77.90982818603516,60.016788482666016,2.1500000953674316,16.110000610351562,62.35630416870117,86.77123260498047,59.629268646240234,6.2147393226623535,126.44287872314453,202.28082275390625
2024-10-28,15.517582893371582,210.6900634765625,30.15638542175293,32.90380096435547,28.13677406311035,100.80349731445312,55.58697509765625,175.474365234375,20.950000762939453,110.01158905029297,84.68000030517578,878.7908935546875,22.016632080078125,38.10527420043945,205.02999877929688,79.2875747680664,60.613739013671875,2.240000009536743,17.459999084472656,61.600746154785156,86.68624877929688,59.3358039855957,6.284011363983154,126.80220794677734,203.7089080810547
2024-10-29,15.035218238830566,201.8631134033203,28.72919273376465,32.19859313964844,26.605337142944336,98.54801177978516,54.2000732421875,174.98617553710938,20.18000030517578,107.5211410522461,83.06999969482422,872.3294677734375,22.07908058166504,37.461185455322266,199.6699981689453,76.12066650390625,59.8055534362793,2.130000114440918,16.770000457763672,60.89183044433594,84.82577514648438,58.72134780883789,6.06629753112793,133.37684631347656,214.3218231201172
2024-10-30,14.944206237792969,202.40354919433594,28.562379837036133,32.45840835571289,26.297237396240234,99.65725708007812,54.04288864135742,174.3831024169922,19.84000015258789,107.13583374023438,82.47000122070312,876.4797973632812,21.927425384521484,37.60326385498047,197.5,75.67097473144531,59.7596321105957,2.009999990463257,16.889999389648438,61.171669006347656,84.39136505126953,58.29949188232422,6.145466327667236,134.45480346679688,210.1255645751953
2024-10-31,15.007914543151855,202.46041870117188,28.339962005615234,31.771759033203125,26.605337142944336,99.36145782470703,55.04145431518555,170.61151123046875,19.440000534057617,108.32936096191406,83.04000091552734,874.419189453125,20.946130752563477,37.224388122558594,194.47999572753906,75.82405853271484,58.400421142578125,1.9600000381469727,17.059999465942383,63.00925064086914,85.96849822998047,57.373226165771484,6.155362129211426,130.98782348632812,211.13304138183594
2024-11-01,13.529841423034668,200.2987060546875,27.783912658691406,31.651123046875,26.48753547668457,98.52027893066406,54.542179107666016,168.47683715820312,19.719999313354492,105.89531707763672,83.54000091552734,855.372314453125,20.767715454101562,36.1351318359375,204.94000244140625,74.00619506835938,59.015743255615234,2.0899999141693115,17.690000534057617,62.95326614379883,83.6169662475586,57.290687561035156,6.274115562438965,129.42430114746094,209.31369018554688
2024-11-04,14.008122444152832,201.1046142578125,28.89600944519043,31.45626449584961,26.940622329711914,100.16566467285156,53.27547836303711,169.74041748046875,20.540000915527344,105.74494934082031,87.45999908447266,862.7098388671875,21.017499923706055,35.964637756347656,212.27999877929688,74.98210144042969,59.19023513793945,2.509999990463257,18.299999237060547,63.18647003173828,83.2203140258789,57.767578125,6.442348957061768,130.4342803955078,209.55824279785156
2024-11-05,14.265658378601074,202.75433349609375,29.51693344116211,31.98517608642578,27.14904022216797,100.4799575805664,54.172340393066406,173.2822723388672,20.59000015258789,107.21102142333984,89.94000244140625,875.29541015625,21.062103271484375,36.438232421875,215.88999938964844,75.25,60.126991271972656,2.5199999809265137,18.8700008392334,63.63419723510742,83.76805114746094,58.15275573730469,5.7496232986450195,131.2209014892578,211.1623992919922
2024-11-06,13.06075668334961,187.2241973876953,27.385408401489258,32.170753479003906,27.330278396606445,95.64545440673828,52.76694869995117,166.1985626220703,17.75,106.7881088256836,74.80999755859375,857.7989501953125,20.03620719909668,36.29615020751953,194.02000427246094,71.29853820800781,58.88717269897461,1.9700000286102295,14.675000190734863,63.75545883178711,82.55923461914062,56.657894134521484,4.977729320526123,129.81275939941406,213.70558166503906
2024-11-07,12.554883003234863,187.6034698486328,28.72919273376465,31.743915557861328,27.448083877563477,96.32950592041016,52.36012649536133,170.84124755859375,18.030000686645508,104.39165496826172,71.58999633789062,874.0917358398438,20.375198364257812,36.07829666137695,196.6999969482422,71.39421844482422,59.0524787902832,2.0399999618530273,14.880000114440918,63.997982025146484,82.09648132324219,57.54747772216797,5.086585998535156,132.96897888183594,215.62274169921875
2024-11-08,12.508894920349121,191.32957458496094,29.025754928588867,31.818151473999023,26.63780403137207,97.84547424316406,53.432655334472656,174.2012176513672,18.06999969482422,106.41220092773438,66.9000015258789,886.9179077148438,20.321674346923828,36.46099090576172,193.92999267578125,73.64263916015625,58.72185516357422,2.059999942779541,13.529999732971191,62.55217742919922,83.71139526367188,56.15349578857422,4.918352127075195,134.21202087402344,219.22232055664062
2024-11-11,12.775628089904785,185.90635681152344,28.34922981262207,32.3099479675293,26.62860107421875,96.22782135009766,53.76551818847656,175.03404235839844,18.065000534057617,105.68856048583984,63.65999984741211,879.6382446289062,20.348434448242188,36.738441467285156,193.8300018310547,72.62844848632812,58.90553283691406,1.9900000095367432,13.680000305175781,62.34696960449219,83.41863250732422,56.01593780517578,4.7995991706848145,133.65850830078125,218.73324584960938
2024-11-12,12.370928764343262,183.6687774658203,27.644899368286133,32.282108306884766,25.928813934326172,94.51771545410156,52.729957580566406,173.0620880126953,17.43000030517578,105.14348602294922,60.09000015258789,869.5466918945312,20.08973503112793,36.508827209472656,182.25999450683594,71.0497817993164,57.7667350769043,1.909999966621399,12.239999771118164,61.16234588623047,82.8331069946289,54.631126403808594,4.621469974517822,132.03668212890625,219.86790466308594
2024-11-13,12.527289390563965,185.03407287597656,27.737573623657227,31.975893020629883,26.30632781982422,94.98915100097656,52.31389617919922,170.51576232910156,17.420000076293945,104.60780334472656,60.38999938964844,871.8590698242188,20.22354507446289,36.489688873291016,182.1300048828125,71.0306396484375,57.050384521484375,1.9700000286102295,12.100000381469727,61.078392028808594,82.65367126464844,54.90625,4.63136625289917,131.704833984375,220.7482452392578
2024-11-14,12.876803398132324,184.66432189941406,28.117542266845703,31.59545135498047,26.7482967376709,95.13704681396484,51.95329284667969,170.5923614501953,17.8799991607666,104.01573944091797,63.560001373291016,868.9275512695312,21.133468627929688,36.470558166503906,195.13999938964844,72.02568054199219,57.27998352050781,1.9700000286102295,12.829999923706055,61.3675537109375,81.9548110961914,55.45650863647461,4.641262054443359,131.1875762939453,216.87478637695312
2024-11-15,12.849211692810059,186.25714111328125,27.88585662841797,31.73464012145996,26.6838436126709,95.95050048828125,53.284725189208984,171.98995971679688,18.450000762939453,106.42080688476562,59.52000045776367,868.201904296875,21.37432861328125,37.417720794677734,190.4499969482422,73.04942321777344,57.628971099853516,1.8700000047683716,10.640000343322754,61.714439392089844,83.04087829589844,55.80500411987305,4.809495449066162,132.7491455078125,213.13824462890625
2024-11-18,12.637661933898926,188.52313232421875,27.84878158569336,31.873821258544922,27.08898162841797,96.68075561523438,53.35868835449219,175.4552001953125,18.06999969482422,107.72058868408203,62.400001525878906,879.918212890625,21.606273651123047,37.532527923583984,195.55999755859375,73.08769989013672,57.7667350769043,1.9900000095367432,10.850000381469727,62.51567840576172,83.83118438720703,56.263545989990234,4.6610541343688965,133.71533203125,213.53929138183594
2024-11-19,12.64686107635498,190.71327209472656,28.48824119567871,31.836708068847656,26.78512954711914,96.5698471069336,53.247737884521484,179.2650909423828,17.920000076293945,107.75853729248047,61.36000061035156,892.998779296875,21.74407196044922,37.40815353393555,187.36000061035156,73.74787139892578,58.3912353515625,1.9199999570846558,10.46500015258789,62.034942626953125,84.06924438476562,55.676612854003906,4.591781139373779,134.857177734375,214.26312255859375
2024-11-20,12.214567184448242,190.45729064941406,29.044288635253906,31.725358963012695,26.775922775268555,96.47740173339844,53.44190216064453,177.96322631835938,18.076000213623047,107.91033172607422,63.380001068115234,889.0708618164062,22.55246925354004,37.054161071777344,184.83999633789062,73.5565185546875,58.10653305053711,1.9199999570846558,10.869999885559082,61.676734924316406,83.76454162597656,55.50236511230469,4.680846214294434,134.09593200683594,213.9990234375
2024-11-21,12.186975479125977,192.28713989257812,29.442792892456055,32.3470573425293,27.181058883666992,96.59756469726562,53.968929290771484,179.36080932617188,17.8799991607666,108.97293090820312,63.56999969482422,893.579345703125,22.86480140686035,37.609066009521484,181.9499969482422,74.0157699584961,57.95040512084961,1.8899999856948853,10.729999542236328,62.46855163574219,83.9264144897461,55.0529899597168,4.571989059448242,134.5643768310547,216.68893432617188
2024-11-22,11.993823051452637,193.70932006835938,28.441904067993164,32.23571014404297,27.365211486816406,97.46649169921875,53.75626754760742,181.72523498535156,18.059999465942383,108.82113647460938,66.29000091552734,905.934326171875,22.662704467773438,37.03502655029297,186.0500030517578,73.20187377929688,58.911895751953125,1.9199999570846558,11.880000114440918,62.24231719970703,83.41222381591797,54.71366500854492,4.532404899597168,134.59368896484375,219.50599670410156
2024-11-25,12.104194641113281,196.78121948242188,29.720813751220703,32.72750473022461,26.996904373168945,98.0580825805664,54.116859436035156,184.577880859375,18.3799991607666,109.10575103759766,71.91000366210938,942.6796875,22.377927780151367,37.43685531616211,192.82000732421875,73.81830596923828,59.05191421508789,2.200000047683716,13.770000457763672,61.318538665771484,84.1930160522461,53.42973709106445,4.740222930908203,132.48561096191406,220.7188720703125
2024-11-26,11.570728302001953,197.20785522460938,29.526201248168945,32.31922912597656,26.665428161621094,98.2614517211914,54.662376403808594,185.72657775878906,17.719999313354492,111.04119873046875,70.5,946.4627685546875,21.95535659790039,37.781280517578125,192.32000732421875,74.63701629638672,58.65052032470703,2.069999933242798,13.6899995803833,61.073455810546875,85.05952453613281,52.76942825317383,4.601677894592285,135.61842346191406,222.4795684814453
2024-11-27,11.947834014892578,198.4404296875,30.2861328125,32.80173873901367,26.821956634521484,98.6312026977539,55.198646545410156,186.93270874023438,18.309999465942383,111.40171813964844,72.36000061035156,947.275390625,22.387113571166992,37.8004150390625,192.57000732421875,75.62908935546875,59.11725997924805,2.130000114440918,14.859999656677246,61.18657302856445,85.44992065429688,52.420936584472656,4.809495449066162,135.9502716064453,223.4674835205078
2024-11-29,11.993823051452637,198.15597534179688,29.906675338745117,32.82520294189453,26.98769760131836,98.2152328491211,54.934959411621094,187.32518005371094,18.469999313354492,111.0506820678711,71.3499984741211,949.5780639648438,22.212574005126953,37.84825134277344,199.27000427246094,75.77357482910156,59.44397735595703,2.240000009536743,15.800000190734863,61.02631378173828,84.86907196044922,53.182125091552734,5.086585998535156,134.857177734375,223.23272705078125
2024-12-02,11.966230392456055,196.57264709472656,29.81298065185547,32.98477554321289,26.693050384521484,97.35555267333984,53.616519927978516,183.94606018066406,17.90999984741211,109.27652740478516,75.12000274658203,933.4789428710938,22.139083862304688,36.70973587036133,207.9199981689453,74.23249053955078,59.16393280029297,2.299999952316284,15.890000343322754,60.649261474609375,83.5740966796875,51.79731369018555,5.076689720153809,130.80699157714844,220.20046997070312
2024-12-03,12.003021240234375,197.0087432861328,29.691181182861328,32.768882751464844,27.11660385131836,96.77320098876953,52.990020751953125,182.9026641845703,17.59000015258789,107.81546020507812,73.26000213623047,932.3275756835938,22.57084083557129,36.489688873291016,207.50999450683594,73.48119354248047,58.78120803833008,2.0199999809265137,14.65999984741211,61.535343170166016,82.13628387451172,52.338401794433594,4.957937240600586,129.6553497314453,220.09288024902344
2024-12-04,12.352534294128418,196.7338104248047,28.951011657714844,32.515445709228516,26.821956634521484,95.62696838378906,52.700157165527344,182.68247985839844,17.239999771118164,107.47391510009766,73.12000274658203,934.2528686523438,22.038034439086914,36.21223831176758,201.57000732421875,72.95144653320312,58.034420013427734,2.130000114440918,14.0600004196167,60.52671813964844,81.74588012695312,51.99906921386719,4.433444499969482,130.3775634765625,220.3667449951172
2024-12-05,12.22376537322998,198.30770874023438,28.632457733154297,32.77826690673828,26.831165313720703,95.50679779052734,53.21443557739258,182.91224670410156,17.024999618530273,108.16650390625,70.33999633789062,942.1476440429688,22.15745735168457,36.33661651611328,197.92999267578125,73.3945083618164,58.21178436279297,2.450000047683716,12.59000015258789,60.65869140625,82.06962585449219,52.686893463134766,4.492820739746094,129.42111206054688,219.15386962890625
2024-12-06,12.003021240234375,196.35455322265625,27.86417579650879,32.29954528808594,26.426029205322266,94.14796447753906,52.41028594970703,184.4534149169922,17.0,106.3543930053711,71.55999755859375,952.9835815429688,21.33987045288086,36.21223831176758,194.19000244140625,72.46985626220703,57.2036247253418,2.380000114440918,12.779999732971191,59.62179183959961,80.7555923461914,52.19166564941406,4.522509574890137,128.21092224121094,218.06446838378906
2024-12-09,12.508894920349121,198.1938934326172,27.882917404174805,31.773893356323242,27.70589256286621,94.28661346435547,51.980159759521484,180.1266326904297,16.979999542236328,106.12669372558594,76.38999938964844,937.4843139648438,21.872676849365234,35.819984436035156,200.0,71.94974517822266,57.483673095703125,2.6700000762939453,14.279999732971191,60.98861312866211,80.27950286865234,52.83362579345703,4.700638294219971,126.33712005615234,213.43209838867188
2024-12-10,12.545686721801758,189.17733764648438,27.376976013183594,32.384029388427734,27.715103149414062,92.95551300048828,51.43781661987305,177.7718048095703,16.829999923706055,105.41513061523438,74.44999694824219,930.460205078125,21.707324981689453,35.70517349243164,202.9199981689453,71.41034698486328,56.88624572753906,2.509999990463257,14.09000015258789,60.68695831298828,80.35568237304688,52.05409622192383,4.651158332824707,126.16143798828125,212.0679168701172
2024-12-11,12.499696731567383,189.2342071533203,28.00471305847168,31.773893356323242,27.9268798828125,91.67987823486328,50.74586868286133,179.2172393798828,16.530000686645508,103.97303009033203,74.2300033569336,941.9251098632812,21.900238037109375,35.169403076171875,201.0,71.2562484741211,56.07411575317383,2.5,14.40999984741211,60.82836151123047,79.27017211914062,51.980735778808594,4.552196979522705,125.49779510498047,210.53689575195312
2024-12-12,12.43531322479248,187.5845184326172,27.695531845092773,31.34210968017578,27.761140823364258,91.30087280273438,50.33444595336914,179.13108825683594,16.40999984741211,103.56507873535156,73.0,943.5988159179688,21.38580322265625,35.23637771606445,196.32000732421875,70.52422332763672,55.51403045654297,2.4000000953674316,13.279999732971191,60.32876968383789,79.38444519042969,51.32959747314453,4.383963584899902,125.35140228271484,210.4681854248047
2024-12-13,12.278952598571777,186.9302978515625,27.873546600341797,30.71320152282715,27.604612350463867,91.2116470336914,50.53080749511719,178.2928009033203,16.260000228881836,103.24250793457031,73.83999633789062,933.6336669921875,21.303125381469727,35.27464294433594,199.6699981689453,70.90950775146484,55.663387298583984,2.430000066757202,13.350000381469727,59.89515686035156,79.22257232666016,51.30208206176758,4.393860340118408,126.01504516601562,209.24139404296875
2024-12-16,12.094998359680176,183.6782684326172,27.639314651489258,30.375282287597656,26.65622329711914,89.90607452392578,50.053924560546875,178.70712280273438,15.829999923706055,101.93324279785156,71.62000274658203,926.8418579101562,20.53147315979004,34.652774810791016,190.52999877929688,70.11005401611328,54.8792610168457,2.450000047683716,12.319999694824219,58.58488845825195,77.9656753540039,49.68800735473633,4.393860340118408,125.60514068603516,207.71035766601562
2024-12-17,11.837462425231934,183.23265075683594,27.4238224029541,30.497310638427734,26.775922775268555,89.11708068847656,50.11002731323242,178.25425720214844,15.857999801635742,102.36016845703125,73.4000015258789,929.60888671875,20.834625244140625,34.939788818359375,188.27000427246094,69.60919952392578,55.44868469238281,2.4600000381469727,14.369999885559082,58.33037185668945,79.29874420166016,49.752197265625,4.344379425048828,126.12239074707031,205.11935424804688
2024-12-18,11.497145652770996,175.25901794433594,26.299509048461914,28.55426788330078,26.27870750427246,87.25736236572266,49.212371826171875,170.50743103027344,15.260000228881836,100.33934783935547,68.80000305175781,896.2689208984375,20.099712371826172,34.97806167602539,184.27000427246094,67.92362976074219,53.9271125793457,2.2200000286102295,13.84000015258789,57.15208053588867,77.60384368896484,49.22945785522461,4.383963584899902,122.5699234008789,201.6156463623047
2024-12-19,11.441959381103516,170.09178161621094,25.934112548828125,29.098695755004883,26.159006118774414,85.21916961669922,49.54899597167969,170.3629150390625,15.270000457763672,101.59169006347656,65.80000305175781,891.6152954101562,20.43960952758789,35.5807991027832,175.8800048828125,67.20124053955078,53.84309768676758,2.299999952316284,13.109999656677246,57.29347229003906,77.87044525146484,49.21112060546875,4.374067783355713,120.80345153808594,201.71380615234375
2024-12-20,11.95703125,174.19711303710938,26.515003204345703,29.436614990234375,26.333953857421875,85.15342712402344,50.17548370361328,172.05873107910156,15.479999542236328,102.73018646240234,71.44999694824219,897.0816650390625,20.476356506347656,35.418155670166016,182.38999938964844,69.03130340576172,54.608551025390625,2.559999942779541,14.770000457763672,57.16150665283203,78.8988265991211,49.660491943359375,4.324587345123291,121.64277648925781,202.0082244873047
2024-12-23,12.012218475341797,174.8134002685547,26.683650970458984,30.065519332885742,26.47206687927246,85.23795318603516,50.194183349609375,171.96237182617188,15.59000015258789,102.99583435058594,73.0,909.0496826171875,20.871366500854492,35.71474075317383,186.36000061035156,69.82110595703125,55.093963623046875,2.430000066757202,14.880000114440918,57.651676177978516,79.07022094726562,49.76136779785156,4.552196979522705,122.59921264648438,200.01593017578125
2024-12-24,11.975428581237793,175.12628173828125,26.852296829223633,30.0373592376709,26.508901596069336,85.47276306152344,50.278343200683594,173.8219757080078,15.619999885559082,103.38481903076172,73.27999877929688,919.1309204101562,20.93567657470703,35.89651870727539,186.2100067138672,70.22564697265625,54.94460678100586,2.4200000762939453,14.829999923706055,57.915611267089844,79.18448638916016,49.8163948059082,4.571989059448242,123.54588317871094,201.56658935546875
2024-12-26,11.809868812561035,174.4341583251953,26.59932518005371,30.009199142456055,26.564144134521484,85.60425567626953,50.22223663330078,172.95481872558594,15.770000457763672,102.7586441040039,73.01000213623047,917.5636596679688,20.843809127807617,35.82954788208008,183.7100067138672,69.70552062988281,55.000614166259766,2.380000114440918,14.579999923706055,57.84020233154297,78.87976837158203,49.87142562866211,4.581885814666748,123.35069274902344,201.21328735351562
2024-12-27,11.727088928222656,173.9654541015625,26.411943435668945,29.69944190979004,26.665428161621094,85.05947875976562,50.427955627441406,171.6444091796875,15.329999923706055,102.787109375,72.12999725341797,912.0198364257812,21.183704376220703,35.8104133605957,182.6300048828125,69.4551010131836,55.36466979980469,2.380000114440918,13.800000190734863,58.151275634765625,79.16544342041016,49.99981689453125,4.522509574890137,121.99412536621094,200.23184204101562
2024-12-30,11.635110855102539,174.0132598876953,26.299509048461914,29.765146255493164,26.78512954711914,84.32686614990234,50.371849060058594,169.79440307617188,15.09000015258789,102.18939971923828,70.19000244140625,905.508544921875,21.422550201416016,36.001766204833984,178.07000732421875,69.11798858642578,55.271324157714844,2.2799999713897705,13.569999694824219,58.23611068725586,78.4417724609375,49.963134765625,4.512612819671631,121.9160385131836,198.51434326171875
